3.141592653589793,3.141592653589793,0.0,4.71238898038469,3.141592653589793,3.141592653589793,1.5707963267948966,4.71238898038469,3.141592653589793,0.0,3.141592653589793,1.5707963267948966,1.5707963267948966,1.5707963267948966,1.5707963267948966,4.71238898038469,0.0,0.0,3.141592653589793,4.71238898038469,1.5707963267948966,0.0,3.141592653589793,0.0
6.283185307179586,3.141592653589793,0.0,4.71238898038469,3.141592653589793,3.141592653589793,1.5707963267948966,4.71238898038469,3.141592653589793,0.0,3.141592653589793,1.5707963267948966,1.5707963267948966,1.5707963267948966,1.5707963267948966,4.71238898038469,0.0,0.0,3.141592653589793,4.71238898038469,1.5707963267948966,0.0,3.141592653589793,0.0
3.141592653589793,6.283185307179586,0.0,4.71238898038469,3.141592653589793,3.141592653589793,1.5707963267948966,4.71238898038469,3.141592653589793,0.0,3.141592653589793,1.5707963267948966,1.5707963267948966,1.5707963267948966,1.5707963267948966,4.71238898038469,0.0,0.0,3.141592653589793,4.71238898038469,1.5707963267948966,0.0,3.141592653589793,0.0
3.141592653589793,3.141592653589793,3.141592653589793,4.71238898038469,3.141592653589793,3.141592653589793,1.5707963267948966,4.71238898038469,3.141592653589793,0.0,3.141592653589793,1.5707963267948966,1.5707963267948966,1.5707963267948966,1.5707963267948966,4.71238898038469,0.0,0.0,3.141592653589793,4.71238898038469,1.5707963267948966,0.0,3.141592653589793,0.0
3.141592653589793,3.141592653589793,0.0,4.71238898038469,6.283185307179586,3.141592653589793,1.5707963267948966,4.71238898038469,3.141592653589793,0.0,3.141592653589793,1.5707963267948966,1.5707963267948966,1.5707963267948966,1.5707963267948966,4.71238898038469,0.0,0.0,3.141592653589793,4.71238898038469,1.5707963267948966,0.0,3.141592653589793,0.0
3.141592653589793,3.141592653589793,0.0,4.71238898038469,3.141592653589793,6.283185307179586,1.5707963267948966,4.71238898038469,3.141592653589793,0.0,3.141592653589793,1.5707963267948966,1.5707963267948966,1.5707963267948966,1.5707963267948966,4.71238898038469,0.0,0.0,3.141592653589793,4.71238898038469,1.5707963267948966,0.0,3.141592653589793,0.0
3.141592653589793,3.141592653589793,0.0,4.71238898038469,3.141592653589793,3.141592653589793,4.71238898038469,4.71238898038469,3.141592653589793,0.0,3.141592653589793,1.5707963267948966,1.5707963267948966,1.5707963267948966,1.5707963267948966,4.71238898038469,0.0,0.0,3.141592653589793,4.71238898038469,1.5707963267948966,0.0,3.141592653589793,0.0
3.141592653589793,3.141592653589793,0.0,4.71238898038469,3.141592653589793,3.141592653589793,1.5707963267948966,4.71238898038469,6.283185307179586,0.0,3.141592653589793,1.5707963267948966,1.5707963267948966,1.5707963267948966,1.5707963267948966,4.71238898038469,0.0,0.0,3.141592653589793,4.71238898038469,1.5707963267948966,0.0,3.141592653589793,0.0
3.141592653589793,3.141592653589793,0.0,4.71238898038469,3.141592653589793,3.141592653589793,1.5707963267948966,4.71238898038469,3.141592653589793,3.141592653589793,3.141592653589793,1.5707963267948966,1.5707963267948966,1.5707963267948966,1.5707963267948966,4.71238898038469,0.0,0.0,3.141592653589793,4.71238898038469,1.5707963267948966,0.0,3.141592653589793,0.0
3.141592653589793,3.141592653589793,0.0,4.71238898038469,3.141592653589793,3.141592653589793,1.5707963267948966,4.71238898038469,3.141592653589793,0.0,6.283185307179586,1.5707963267948966,1.5707963267948966,1.5707963267948966,1.5707963267948966,4.71238898038469,0.0,0.0,3.141592653589793,4.71238898038469,1.5707963267948966,0.0,3.141592653589793,0.0
3.141592653589793,3.141592653589793,0.0,4.71238898038469,3.141592653589793,3.141592653589793,1.5707963267948966,4.71238898038469,3.141592653589793,0.0,3.141592653589793,4.71238898038469,1.5707963267948966,1.5707963267948966,1.5707963267948966,4.71238898038469,0.0,0.0,3.141592653589793,4.71238898038469,1.5707963267948966,0.0,3.141592653589793,0.0
3.141592653589793,3.141592653589793,0.0,4.71238898038469,3.141592653589793,3.141592653589793,1.5707963267948966,4.71238898038469,3.141592653589793,0.0,3.141592653589793,1.5707963267948966,4.71238898038469,1.5707963267948966,1.5707963267948966,4.71238898038469,0.0,0.0,3.141592653589793,4.71238898038469,1.5707963267948966,0.0,3.141592653589793,0.0
3.141592653589793,3.141592653589793,0.0,4.71238898038469,3.141592653589793,3.141592653589793,1.5707963267948966,4.71238898038469,3.141592653589793,0.0,3.141592653589793,1.5707963267948966,1.5707963267948966,4.71238898038469,1.5707963267948966,4.71238898038469,0.0,0.0,3.141592653589793,4.71238898038469,1.5707963267948966,0.0,3.141592653589793,0.0
3.141592653589793,3.141592653589793,0.0,4.71238898038469,3.141592653589793,3.141592653589793,1.5707963267948966,4.71238898038469,3.141592653589793,0.0,3.141592653589793,1.5707963267948966,1.5707963267948966,1.5707963267948966,4.71238898038469,4.71238898038469,0.0,0.0,3.141592653589793,4.71238898038469,1.5707963267948966,0.0,3.141592653589793,0.0
3.141592653589793,3.141592653589793,0.0,4.71238898038469,3.141592653589793,3.141592653589793,1.5707963267948966,4.71238898038469,3.141592653589793,0.0,3.141592653589793,1.5707963267948966,1.5707963267948966,1.5707963267948966,1.5707963267948966,4.71238898038469,3.141592653589793,0.0,3.141592653589793,4.71238898038469,1.5707963267948966,0.0,3.141592653589793,0.0
3.141592653589793,3.141592653589793,0.0,4.71238898038469,3.141592653589793,3.141592653589793,1.5707963267948966,4.71238898038469,3.141592653589793,0.0,3.141592653589793,1.5707963267948966,1.5707963267948966,1.5707963267948966,1.5707963267948966,4.71238898038469,0.0,3.141592653589793,3.141592653589793,4.71238898038469,1.5707963267948966,0.0,3.141592653589793,0.0
3.141592653589793,3.141592653589793,0.0,4.71238898038469,3.141592653589793,3.141592653589793,1.5707963267948966,4.71238898038469,3.141592653589793,0.0,3.141592653589793,1.5707963267948966,1.5707963267948966,1.5707963267948966,1.5707963267948966,4.71238898038469,0.0,0.0,6.283185307179586,4.71238898038469,1.5707963267948966,0.0,3.141592653589793,0.0
3.141592653589793,3.141592653589793,0.0,4.71238898038469,3.141592653589793,3.141592653589793,1.5707963267948966,4.71238898038469,3.141592653589793,0.0,3.141592653589793,1.5707963267948966,1.5707963267948966,1.5707963267948966,1.5707963267948966,4.71238898038469,0.0,0.0,3.141592653589793,4.71238898038469,4.71238898038469,0.0,3.141592653589793,0.0
3.141592653589793,3.141592653589793,0.0,4.71238898038469,3.141592653589793,3.141592653589793,1.5707963267948966,4.71238898038469,3.141592653589793,0.0,3.141592653589793,1.5707963267948966,1.5707963267948966,1.5707963267948966,1.5707963267948966,4.71238898038469,0.0,0.0,3.141592653589793,4.71238898038469,1.5707963267948966,3.141592653589793,3.141592653589793,0.0
3.141592653589793,3.141592653589793,0.0,4.71238898038469,3.141592653589793,3.141592653589793,1.5707963267948966,4.71238898038469,3.141592653589793,0.0,3.141592653589793,1.5707963267948966,1.5707963267948966,1.5707963267948966,1.5707963267948966,4.71238898038469,0.0,0.0,3.141592653589793,4.71238898038469,1.5707963267948966,0.0,6.283185307179586,0.0
3.141592653589793,3.141592653589793,0.0,4.71238898038469,3.141592653589793,3.141592653589793,1.5707963267948966,4.71238898038469,3.141592653589793,0.0,3.141592653589793,1.5707963267948966,1.5707963267948966,1.5707963267948966,1.5707963267948966,4.71238898038469,0.0,0.0,3.141592653589793,4.71238898038469,1.5707963267948966,0.0,3.141592653589793,3.141592653589793
0.0,3.141592653589793,0.0,4.71238898038469,3.141592653589793,3.141592653589793,1.5707963267948966,4.71238898038469,3.141592653589793,0.0,3.141592653589793,1.5707963267948966,1.5707963267948966,1.5707963267948966,1.5707963267948966,4.71238898038469,0.0,0.0,3.141592653589793,4.71238898038469,1.5707963267948966,0.0,3.141592653589793,0.0
3.141592653589793,0.0,0.0,4.71238898038469,3.141592653589793,3.141592653589793,1.5707963267948966,4.71238898038469,3.141592653589793,0.0,3.141592653589793,1.5707963267948966,1.5707963267948966,1.5707963267948966,1.5707963267948966,4.71238898038469,0.0,0.0,3.141592653589793,4.71238898038469,1.5707963267948966,0.0,3.141592653589793,0.0
3.141592653589793,3.141592653589793,0.0,1.5707963267948966,3.141592653589793,3.141592653589793,1.5707963267948966,4.71238898038469,3.141592653589793,0.0,3.141592653589793,1.5707963267948966,1.5707963267948966,1.5707963267948966,1.5707963267948966,4.71238898038469,0.0,0.0,3.141592653589793,4.71238898038469,1.5707963267948966,0.0,3.141592653589793,0.0
3.141592653589793,3.141592653589793,0.0,4.71238898038469,0.0,3.141592653589793,1.5707963267948966,4.71238898038469,3.141592653589793,0.0,3.141592653589793,1.5707963267948966,1.5707963267948966,1.5707963267948966,1.5707963267948966,4.71238898038469,0.0,0.0,3.141592653589793,4.71238898038469,1.5707963267948966,0.0,3.141592653589793,0.0
3.141592653589793,3.141592653589793,0.0,4.71238898038469,3.141592653589793,0.0,1.5707963267948966,4.71238898038469,3.141592653589793,0.0,3.141592653589793,1.5707963267948966,1.5707963267948966,1.5707963267948966,1.5707963267948966,4.71238898038469,0.0,0.0,3.141592653589793,4.71238898038469,1.5707963267948966,0.0,3.141592653589793,0.0
3.141592653589793,3.141592653589793,0.0,4.71238898038469,3.141592653589793,3.141592653589793,1.5707963267948966,1.5707963267948966,3.141592653589793,0.0,3.141592653589793,1.5707963267948966,1.5707963267948966,1.5707963267948966,1.5707963267948966,4.71238898038469,0.0,0.0,3.141592653589793,4.71238898038469,1.5707963267948966,0.0,3.141592653589793,0.0
3.141592653589793,3.141592653589793,0.0,4.71238898038469,3.141592653589793,3.141592653589793,1.5707963267948966,4.71238898038469,0.0,0.0,3.141592653589793,1.5707963267948966,1.5707963267948966,1.5707963267948966,1.5707963267948966,4.71238898038469,0.0,0.0,3.141592653589793,4.71238898038469,1.5707963267948966,0.0,3.141592653589793,0.0
3.141592653589793,3.141592653589793,0.0,4.71238898038469,3.141592653589793,3.141592653589793,1.5707963267948966,4.71238898038469,3.141592653589793,0.0,0.0,1.5707963267948966,1.5707963267948966,1.5707963267948966,1.5707963267948966,4.71238898038469,0.0,0.0,3.141592653589793,4.71238898038469,1.5707963267948966,0.0,3.141592653589793,0.0
3.141592653589793,3.141592653589793,0.0,4.71238898038469,3.141592653589793,3.141592653589793,1.5707963267948966,4.71238898038469,3.141592653589793,0.0,3.141592653589793,1.5707963267948966,1.5707963267948966,1.5707963267948966,1.5707963267948966,1.5707963267948966,0.0,0.0,3.141592653589793,4.71238898038469,1.5707963267948966,0.0,3.141592653589793,0.0
3.141592653589793,3.141592653589793,0.0,4.71238898038469,3.141592653589793,3.141592653589793,1.5707963267948966,4.71238898038469,3.141592653589793,0.0,3.141592653589793,1.5707963267948966,1.5707963267948966,1.5707963267948966,1.5707963267948966,4.71238898038469,0.0,0.0,0.0,4.71238898038469,1.5707963267948966,0.0,3.141592653589793,0.0
3.141592653589793,3.141592653589793,0.0,4.71238898038469,3.141592653589793,3.141592653589793,1.5707963267948966,4.71238898038469,3.141592653589793,0.0,3.141592653589793,1.5707963267948966,1.5707963267948966,1.5707963267948966,1.5707963267948966,4.71238898038469,0.0,0.0,3.141592653589793,1.5707963267948966,1.5707963267948966,0.0,3.141592653589793,0.0
3.141592653589793,3.141592653589793,0.0,4.71238898038469,3.141592653589793,3.141592653589793,1.5707963267948966,4.71238898038469,3.141592653589793,0.0,3.141592653589793,1.5707963267948966,1.5707963267948966,1.5707963267948966,1.5707963267948966,4.71238898038469,0.0,0.0,3.141592653589793,4.71238898038469,1.5707963267948966,0.0,0.0,0.0
3.15218118612129,3.132678543611413,0.0,6.283185307179586,3.161413101636234,3.140326139001309,1.5909631786759284,6.283185307179586,3.14018877380136,0.0,3.134071242669126,1.5792432981915878,1.5575751248042324,1.5329403301424391,1.5693348051432898,6.283185307179586,0.0,0.0,3.1495089183844,6.283185307179586,1.5535605115443167,0.0,3.18405595106256,0.0
3.1468869198555414,3.137135598600603,0.0,6.018707799955891,3.151502877613013,3.140959396295551,1.5808797527354124,6.014484619339364,3.1408907136955766,0.0,3.137831948129459,1.5750198124932422,1.5641857257995644,1.5518683284686678,1.5700655659690932,6.049830519567375,0.0,0.0,3.145550785987097,6.00418705696397,1.5621784191696066,0.0,3.1628243023261766,0.0
3.1442397867226672,3.139364126095198,0.0,5.36554839017029,3.1465477656014036,3.141276024942672,1.5758380397651546,5.3634367998620265,3.1412416836426846,0.0,3.1397123008596264,1.5729080696440694,1.5674910262972306,1.5613323276317823,1.5704309463819948,5.381109749976032,0.0,0.0,3.1435717197884445,5.3582880186743305,1.5664873729822517,0.0,3.152208477957985,0.0
3.1429162201562306,3.1404783898424955,0.0,5.03896868527749,3.1440702095955984,3.1414343392662327,1.5733171832800255,5.037912890123358,3.141417168616239,0.0,3.1406524772247097,1.571852198219483,1.5691436765460636,1.5660643272133394,1.5706136365884458,5.046749365180361,0.0,0.0,3.142582186689119,5.03533849952951,1.5686418498885741,0.0,3.1469005657738887,0.0
6.283185307179586,3.141592653589793,0.0,4.71238898038469,3.141592653589793,3.141592653589793,1.5707963267948966,4.71238898038469,3.141592653589793,0.0,3.141592653589793,1.5707963267948966,1.5707963267948966,1.5707963267948966,1.5707963267948966,4.71238898038469,0.0,0.0,3.141592653589793,4.71238898038469,1.5707963267948966,0.0,3.141592653589793,0.0
3.141592653589793,6.283185307179586,0.0,4.71238898038469,3.141592653589793,3.141592653589793,1.5707963267948966,4.71238898038469,3.141592653589793,0.0,3.141592653589793,1.5707963267948966,1.5707963267948966,1.5707963267948966,1.5707963267948966,4.71238898038469,0.0,0.0,3.141592653589793,4.71238898038469,1.5707963267948966,0.0,3.141592653589793,0.0
3.141592653589793,3.141592653589793,3.141592653589793,4.71238898038469,3.141592653589793,3.141592653589793,1.5707963267948966,4.71238898038469,3.141592653589793,0.0,3.141592653589793,1.5707963267948966,1.5707963267948966,1.5707963267948966,1.5707963267948966,4.71238898038469,0.0,0.0,3.141592653589793,4.71238898038469,1.5707963267948966,0.0,3.141592653589793,0.0
3.141592653589793,3.141592653589793,0.0,4.71238898038469,6.283185307179586,3.141592653589793,1.5707963267948966,4.71238898038469,3.141592653589793,0.0,3.141592653589793,1.5707963267948966,1.5707963267948966,1.5707963267948966,1.5707963267948966,4.71238898038469,0.0,0.0,3.141592653589793,4.71238898038469,1.5707963267948966,0.0,3.141592653589793,0.0
3.141592653589793,3.141592653589793,0.0,4.71238898038469,3.141592653589793,6.283185307179586,1.5707963267948966,4.71238898038469,3.141592653589793,0.0,3.141592653589793,1.5707963267948966,1.5707963267948966,1.5707963267948966,1.5707963267948966,4.71238898038469,0.0,0.0,3.141592653589793,4.71238898038469,1.5707963267948966,0.0,3.141592653589793,0.0
3.141592653589793,3.141592653589793,0.0,4.71238898038469,3.141592653589793,3.141592653589793,4.71238898038469,4.71238898038469,3.141592653589793,0.0,3.141592653589793,1.5707963267948966,1.5707963267948966,1.5707963267948966,1.5707963267948966,4.71238898038469,0.0,0.0,3.141592653589793,4.71238898038469,1.5707963267948966,0.0,3.141592653589793,0.0
3.141592653589793,3.141592653589793,0.0,4.71238898038469,3.141592653589793,3.141592653589793,1.5707963267948966,4.71238898038469,6.283185307179586,0.0,3.141592653589793,1.5707963267948966,1.5707963267948966,1.5707963267948966,1.5707963267948966,4.71238898038469,0.0,0.0,3.141592653589793,4.71238898038469,1.5707963267948966,0.0,3.141592653589793,0.0
3.141592653589793,3.141592653589793,0.0,4.71238898038469,3.141592653589793,3.141592653589793,1.5707963267948966,4.71238898038469,3.141592653589793,3.141592653589793,3.141592653589793,1.5707963267948966,1.5707963267948966,1.5707963267948966,1.5707963267948966,4.71238898038469,0.0,0.0,3.141592653589793,4.71238898038469,1.5707963267948966,0.0,3.141592653589793,0.0
3.141592653589793,3.141592653589793,0.0,4.71238898038469,3.141592653589793,3.141592653589793,1.5707963267948966,4.71238898038469,3.141592653589793,0.0,6.283185307179586,1.5707963267948966,1.5707963267948966,1.5707963267948966,1.5707963267948966,4.71238898038469,0.0,0.0,3.141592653589793,4.71238898038469,1.5707963267948966,0.0,3.141592653589793,0.0
3.141592653589793,3.141592653589793,0.0,4.71238898038469,3.141592653589793,3.141592653589793,1.5707963267948966,4.71238898038469,3.141592653589793,0.0,3.141592653589793,4.71238898038469,1.5707963267948966,1.5707963267948966,1.5707963267948966,4.71238898038469,0.0,0.0,3.141592653589793,4.71238898038469,1.5707963267948966,0.0,3.141592653589793,0.0
3.141592653589793,3.141592653589793,0.0,4.71238898038469,3.141592653589793,3.141592653589793,1.5707963267948966,4.71238898038469,3.141592653589793,0.0,3.141592653589793,1.5707963267948966,4.71238898038469,1.5707963267948966,1.5707963267948966,4.71238898038469,0.0,0.0,3.141592653589793,4.71238898038469,1.5707963267948966,0.0,3.141592653589793,0.0
3.141592653589793,3.141592653589793,0.0,4.71238898038469,3.141592653589793,3.141592653589793,1.5707963267948966,4.71238898038469,3.141592653589793,0.0,3.141592653589793,1.5707963267948966,1.5707963267948966,4.71238898038469,1.5707963267948966,4.71238898038469,0.0,0.0,3.141592653589793,4.71238898038469,1.5707963267948966,0.0,3.141592653589793,0.0
3.141592653589793,3.141592653589793,0.0,4.71238898038469,3.141592653589793,3.141592653589793,1.5707963267948966,4.71238898038469,3.141592653589793,0.0,3.141592653589793,1.5707963267948966,1.5707963267948966,1.5707963267948966,4.71238898038469,4.71238898038469,0.0,0.0,3.141592653589793,4.71238898038469,1.5707963267948966,0.0,3.141592653589793,0.0
3.141592653589793,3.141592653589793,0.0,4.71238898038469,3.141592653589793,3.141592653589793,1.5707963267948966,4.71238898038469,3.141592653589793,0.0,3.141592653589793,1.5707963267948966,1.5707963267948966,1.5707963267948966,1.5707963267948966,4.71238898038469,3.141592653589793,0.0,3.141592653589793,4.71238898038469,1.5707963267948966,0.0,3.141592653589793,0.0
3.141592653589793,3.141592653589793,0.0,4.71238898038469,3.141592653589793,3.141592653589793,1.5707963267948966,4.71238898038469,3.141592653589793,0.0,3.141592653589793,1.5707963267948966,1.5707963267948966,1.5707963267948966,1.5707963267948966,4.71238898038469,0.0,3.141592653589793,3.141592653589793,4.71238898038469,1.5707963267948966,0.0,3.141592653589793,0.0
3.141592653589793,3.141592653589793,0.0,4.71238898038469,3.141592653589793,3.141592653589793,1.5707963267948966,4.71238898038469,3.141592653589793,0.0,3.141592653589793,1.5707963267948966,1.5707963267948966,1.5707963267948966,1.5707963267948966,4.71238898038469,0.0,0.0,6.283185307179586,4.71238898038469,1.5707963267948966,0.0,3.141592653589793,0.0
3.141592653589793,3.141592653589793,0.0,4.71238898038469,3.141592653589793,3.141592653589793,1.5707963267948966,4.71238898038469,3.141592653589793,0.0,3.141592653589793,1.5707963267948966,1.5707963267948966,1.5707963267948966,1.5707963267948966,4.71238898038469,0.0,0.0,3.141592653589793,4.71238898038469,4.71238898038469,0.0,3.141592653589793,0.0
3.141592653589793,3.141592653589793,0.0,4.71238898038469,3.141592653589793,3.141592653589793,1.5707963267948966,4.71238898038469,3.141592653589793,0.0,3.141592653589793,1.5707963267948966,1.5707963267948966,1.5707963267948966,1.5707963267948966,4.71238898038469,0.0,0.0,3.141592653589793,4.71238898038469,1.5707963267948966,3.141592653589793,3.141592653589793,0.0
3.141592653589793,3.141592653589793,0.0,4.71238898038469,3.141592653589793,3.141592653589793,1.5707963267948966,4.71238898038469,3.141592653589793,0.0,3.141592653589793,1.5707963267948966,1.5707963267948966,1.5707963267948966,1.5707963267948966,4.71238898038469,0.0,0.0,3.141592653589793,4.71238898038469,1.5707963267948966,0.0,6.283185307179586,0.0
3.141592653589793,3.141592653589793,0.0,4.71238898038469,3.141592653589793,3.141592653589793,1.5707963267948966,4.71238898038469,3.141592653589793,0.0,3.141592653589793,1.5707963267948966,1.5707963267948966,1.5707963267948966,1.5707963267948966,4.71238898038469,0.0,0.0,3.141592653589793,4.71238898038469,1.5707963267948966,0.0,3.141592653589793,3.141592653589793
0.0,3.141592653589793,0.0,4.71238898038469,3.141592653589793,3.141592653589793,1.5707963267948966,4.71238898038469,3.141592653589793,0.0,3.141592653589793,1.5707963267948966,1.5707963267948966,1.5707963267948966,1.5707963267948966,4.71238898038469,0.0,0.0,3.141592653589793,4.71238898038469,1.5707963267948966,0.0,3.141592653589793,0.0
3.141592653589793,0.0,0.0,4.71238898038469,3.141592653589793,3.141592653589793,1.5707963267948966,4.71238898038469,3.141592653589793,0.0,3.141592653589793,1.5707963267948966,1.5707963267948966,1.5707963267948966,1.5707963267948966,4.71238898038469,0.0,0.0,3.141592653589793,4.71238898038469,1.5707963267948966,0.0,3.141592653589793,0.0
3.141592653589793,3.141592653589793,0.0,1.5707963267948966,3.141592653589793,3.141592653589793,1.5707963267948966,4.71238898038469,3.141592653589793,0.0,3.141592653589793,1.5707963267948966,1.5707963267948966,1.5707963267948966,1.5707963267948966,4.71238898038469,0.0,0.0,3.141592653589793,4.71238898038469,1.5707963267948966,0.0,3.141592653589793,0.0
3.141592653589793,3.141592653589793,0.0,4.71238898038469,0.0,3.141592653589793,1.5707963267948966,4.71238898038469,3.141592653589793,0.0,3.141592653589793,1.5707963267948966,1.5707963267948966,1.5707963267948966,1.5707963267948966,4.71238898038469,0.0,0.0,3.141592653589793,4.71238898038469,1.5707963267948966,0.0,3.141592653589793,0.0
3.141592653589793,3.141592653589793,0.0,4.71238898038469,3.141592653589793,0.0,1.5707963267948966,4.71238898038469,3.141592653589793,0.0,3.141592653589793,1.5707963267948966,1.5707963267948966,1.5707963267948966,1.5707963267948966,4.71238898038469,0.0,0.0,3.141592653589793,4.71238898038469,1.5707963267948966,0.0,3.141592653589793,0.0
3.141592653589793,3.141592653589793,0.0,4.71238898038469,3.141592653589793,3.141592653589793,1.5707963267948966,1.5707963267948966,3.141592653589793,0.0,3.141592653589793,1.5707963267948966,1.5707963267948966,1.5707963267948966,1.5707963267948966,4.71238898038469,0.0,0.0,3.141592653589793,4.71238898038469,1.5707963267948966,0.0,3.141592653589793,0.0
3.141592653589793,3.141592653589793,0.0,4.71238898038469,3.141592653589793,3.141592653589793,1.5707963267948966,4.71238898038469,0.0,0.0,3.141592653589793,1.5707963267948966,1.5707963267948966,1.5707963267948966,1.5707963267948966,4.71238898038469,0.0,0.0,3.141592653589793,4.71238898038469,1.5707963267948966,0.0,3.141592653589793,0.0
3.141592653589793,3.141592653589793,0.0,4.71238898038469,3.141592653589793,3.141592653589793,1.5707963267948966,4.71238898038469,3.141592653589793,0.0,0.0,1.5707963267948966,1.5707963267948966,1.5707963267948966,1.5707963267948966,4.71238898038469,0.0,0.0,3.141592653589793,4.71238898038469,1.5707963267948966,0.0,3.141592653589793,0.0
3.141592653589793,3.141592653589793,0.0,4.71238898038469,3.141592653589793,3.141592653589793,1.5707963267948966,4.71238898038469,3.141592653589793,0.0,3.141592653589793,1.5707963267948966,1.5707963267948966,1.5707963267948966,1.5707963267948966,1.5707963267948966,0.0,0.0,3.141592653589793,4.71238898038469,1.5707963267948966,0.0,3.141592653589793,0.0
3.141592653589793,3.141592653589793,0.0,4.71238898038469,3.141592653589793,3.141592653589793,1.5707963267948966,4.71238898038469,3.141592653589793,0.0,3.141592653589793,1.5707963267948966,1.5707963267948966,1.5707963267948966,1.5707963267948966,4.71238898038469,0.0,0.0,0.0,4.71238898038469,1.5707963267948966,0.0,3.141592653589793,0.0
3.141592653589793,3.141592653589793,0.0,4.71238898038469,3.141592653589793,3.141592653589793,1.5707963267948966,4.71238898038469,3.141592653589793,0.0,3.141592653589793,1.5707963267948966,1.5707963267948966,1.5707963267948966,1.5707963267948966,4.71238898038469,0.0,0.0,3.141592653589793,1.5707963267948966,1.5707963267948966,0.0,3.141592653589793,0.0
3.141592653589793,3.141592653589793,0.0,4.71238898038469,3.141592653589793,3.141592653589793,1.5707963267948966,4.71238898038469,3.141592653589793,0.0,3.141592653589793,1.5707963267948966,1.5707963267948966,1.5707963267948966,1.5707963267948966,4.71238898038469,0.0,0.0,3.141592653589793,4.71238898038469,1.5707963267948966,0.0,0.0,0.0
4.71238898038469,3.141592653589793,0.0,4.71238898038469,3.141592653589793,3.141592653589793,1.5707963267948966,4.71238898038469,3.141592653589793,0.0,3.141592653589793,1.5707963267948966,1.5707963267948966,1.5707963267948966,1.5707963267948966,4.71238898038469,0.0,0.0,3.141592653589793,4.71238898038469,1.5707963267948966,0.0,6.283185307179586,0.0
3.141592653589793,4.71238898038469,0.0,4.71238898038469,3.141592653589793,3.141592653589793,1.5707963267948966,4.71238898038469,3.141592653589793,0.0,3.141592653589793,1.5707963267948966,1.5707963267948966,1.5707963267948966,1.5707963267948966,4.71238898038469,0.0,0.0,3.141592653589793,4.71238898038469,1.5707963267948966,0.0,6.283185307179586,0.0
3.141592653589793,3.141592653589793,1.5707963267948966,4.71238898038469,3.141592653589793,3.141592653589793,1.5707963267948966,4.71238898038469,3.141592653589793,0.0,3.141592653589793,1.5707963267948966,1.5707963267948966,1.5707963267948966,1.5707963267948966,4.71238898038469,0.0,0.0,3.141592653589793,4.71238898038469,1.5707963267948966,0.0,6.283185307179586,0.0
3.141592653589793,3.141592653589793,0.0,6.283185307179586,3.141592653589793,3.141592653589793,1.5707963267948966,4.71238898038469,3.141592653589793,0.0,3.141592653589793,1.5707963267948966,1.5707963267948966,1.5707963267948966,1.5707963267948966,4.71238898038469,0.0,0.0,3.141592653589793,4.71238898038469,1.5707963267948966,0.0,6.283185307179586,0.0
3.141592653589793,3.141592653589793,0.0,4.71238898038469,4.71238898038469,3.141592653589793,1.5707963267948966,4.71238898038469,3.141592653589793,0.0,3.141592653589793,1.5707963267948966,1.5707963267948966,1.5707963267948966,1.5707963267948966,4.71238898038469,0.0,0.0,3.141592653589793,4.71238898038469,1.5707963267948966,0.0,6.283185307179586,0.0
3.141592653589793,3.141592653589793,0.0,4.71238898038469,3.141592653589793,4.71238898038469,1.5707963267948966,4.71238898038469,3.141592653589793,0.0,3.141592653589793,1.5707963267948966,1.5707963267948966,1.5707963267948966,1.5707963267948966,4.71238898038469,0.0,0.0,3.141592653589793,4.71238898038469,1.5707963267948966,0.0,6.283185307179586,0.0
3.141592653589793,3.141592653589793,0.0,4.71238898038469,3.141592653589793,3.141592653589793,3.141592653589793,4.71238898038469,3.141592653589793,0.0,3.141592653589793,1.5707963267948966,1.5707963267948966,1.5707963267948966,1.5707963267948966,4.71238898038469,0.0,0.0,3.141592653589793,4.71238898038469,1.5707963267948966,0.0,6.283185307179586,0.0
3.141592653589793,3.141592653589793,0.0,4.71238898038469,3.141592653589793,3.141592653589793,1.5707963267948966,6.283185307179586,3.141592653589793,0.0,3.141592653589793,1.5707963267948966,1.5707963267948966,1.5707963267948966,1.5707963267948966,4.71238898038469,0.0,0.0,3.141592653589793,4.71238898038469,1.5707963267948966,0.0,6.283185307179586,0.0
3.141592653589793,3.141592653589793,0.0,4.71238898038469,3.141592653589793,3.141592653589793,1.5707963267948966,4.71238898038469,4.71238898038469,0.0,3.141592653589793,1.5707963267948966,1.5707963267948966,1.5707963267948966,1.5707963267948966,4.71238898038469,0.0,0.0,3.141592653589793,4.71238898038469,1.5707963267948966,0.0,6.283185307179586,0.0
3.141592653589793,3.141592653589793,0.0,4.71238898038469,3.141592653589793,3.141592653589793,1.5707963267948966,4.71238898038469,3.141592653589793,1.5707963267948966,3.141592653589793,1.5707963267948966,1.5707963267948966,1.5707963267948966,1.5707963267948966,4.71238898038469,0.0,0.0,3.141592653589793,4.71238898038469,1.5707963267948966,0.0,6.283185307179586,0.0
3.141592653589793,3.141592653589793,0.0,4.71238898038469,3.141592653589793,3.141592653589793,1.5707963267948966,4.71238898038469,3.141592653589793,0.0,4.71238898038469,1.5707963267948966,1.5707963267948966,1.5707963267948966,1.5707963267948966,4.71238898038469,0.0,0.0,3.141592653589793,4.71238898038469,1.5707963267948966,0.0,6.283185307179586,0.0
3.141592653589793,3.141592653589793,0.0,4.71238898038469,3.141592653589793,3.141592653589793,1.5707963267948966,4.71238898038469,3.141592653589793,0.0,3.141592653589793,3.141592653589793,1.5707963267948966,1.5707963267948966,1.5707963267948966,4.71238898038469,0.0,0.0,3.141592653589793,4.71238898038469,1.5707963267948966,0.0,6.283185307179586,0.0
3.141592653589793,3.141592653589793,0.0,4.71238898038469,3.141592653589793,3.141592653589793,1.5707963267948966,4.71238898038469,3.141592653589793,0.0,3.141592653589793,1.5707963267948966,3.141592653589793,1.5707963267948966,1.5707963267948966,4.71238898038469,0.0,0.0,3.141592653589793,4.71238898038469,1.5707963267948966,0.0,6.283185307179586,0.0
3.141592653589793,3.141592653589793,0.0,4.71238898038469,3.141592653589793,3.141592653589793,1.5707963267948966,4.71238898038469,3.141592653589793,0.0,3.141592653589793,1.5707963267948966,1.5707963267948966,3.141592653589793,1.5707963267948966,4.71238898038469,0.0,0.0,3.141592653589793,4.71238898038469,1.5707963267948966,0.0,6.283185307179586,0.0
3.141592653589793,3.141592653589793,0.0,4.71238898038469,3.141592653589793,3.141592653589793,1.5707963267948966,4.71238898038469,3.141592653589793,0.0,3.141592653589793,1.5707963267948966,1.5707963267948966,1.5707963267948966,3.141592653589793,4.71238898038469,0.0,0.0,3.141592653589793,4.71238898038469,1.5707963267948966,0.0,6.283185307179586,0.0
3.141592653589793,3.141592653589793,0.0,4.71238898038469,3.141592653589793,3.141592653589793,1.5707963267948966,4.71238898038469,3.141592653589793,0.0,3.141592653589793,1.5707963267948966,1.5707963267948966,1.5707963267948966,1.5707963267948966,6.283185307179586,0.0,0.0,3.141592653589793,4.71238898038469,1.5707963267948966,0.0,6.283185307179586,0.0
3.141592653589793,3.141592653589793,0.0,4.71238898038469,3.141592653589793,3.141592653589793,1.5707963267948966,4.71238898038469,3.141592653589793,0.0,3.141592653589793,1.5707963267948966,1.5707963267948966,1.5707963267948966,1.5707963267948966,4.71238898038469,1.5707963267948966,0.0,3.141592653589793,4.71238898038469,1.5707963267948966,0.0,6.283185307179586,0.0
3.141592653589793,3.141592653589793,0.0,4.71238898038469,3.141592653589793,3.141592653589793,1.5707963267948966,4.71238898038469,3.141592653589793,0.0,3.141592653589793,1.5707963267948966,1.5707963267948966,1.5707963267948966,1.5707963267948966,4.71238898038469,0.0,1.5707963267948966,3.141592653589793,4.71238898038469,1.5707963267948966,0.0,6.283185307179586,0.0
3.141592653589793,3.141592653589793,0.0,4.71238898038469,3.141592653589793,3.141592653589793,1.5707963267948966,4.71238898038469,3.141592653589793,0.0,3.141592653589793,1.5707963267948966,1.5707963267948966,1.5707963267948966,1.5707963267948966,4.71238898038469,0.0,0.0,4.71238898038469,4.71238898038469,1.5707963267948966,0.0,6.283185307179586,0.0
3.141592653589793,3.141592653589793,0.0,4.71238898038469,3.141592653589793,3.141592653589793,1.5707963267948966,4.71238898038469,3.141592653589793,0.0,3.141592653589793,1.5707963267948966,1.5707963267948966,1.5707963267948966,1.5707963267948966,4.71238898038469,0.0,0.0,3.141592653589793,6.283185307179586,1.5707963267948966,0.0,6.283185307179586,0.0
3.141592653589793,3.141592653589793,0.0,4.71238898038469,3.141592653589793,3.141592653589793,1.5707963267948966,4.71238898038469,3.141592653589793,0.0,3.141592653589793,1.5707963267948966,1.5707963267948966,1.5707963267948966,1.5707963267948966,4.71238898038469,0.0,0.0,3.141592653589793,4.71238898038469,3.141592653589793,0.0,6.283185307179586,0.0
3.141592653589793,3.141592653589793,0.0,4.71238898038469,3.141592653589793,3.141592653589793,1.5707963267948966,4.71238898038469,3.141592653589793,0.0,3.141592653589793,1.5707963267948966,1.5707963267948966,1.5707963267948966,1.5707963267948966,4.71238898038469,0.0,0.0,3.141592653589793,4.71238898038469,1.5707963267948966,1.5707963267948966,6.283185307179586,0.0
3.141592653589793,3.141592653589793,0.0,4.71238898038469,3.141592653589793,3.141592653589793,1.5707963267948966,4.71238898038469,3.141592653589793,0.0,3.141592653589793,1.5707963267948966,1.5707963267948966,1.5707963267948966,1.5707963267948966,4.71238898038469,0.0,0.0,3.141592653589793,4.71238898038469,1.5707963267948966,0.0,6.283185307179586,1.5707963267948966
1.5707963267948966,3.141592653589793,0.0,4.71238898038469,3.141592653589793,3.141592653589793,1.5707963267948966,4.71238898038469,3.141592653589793,0.0,3.141592653589793,1.5707963267948966,1.5707963267948966,1.5707963267948966,1.5707963267948966,4.71238898038469,0.0,0.0,3.141592653589793,4.71238898038469,1.5707963267948966,0.0,6.283185307179586,0.0
3.141592653589793,1.5707963267948966,0.0,4.71238898038469,3.141592653589793,3.141592653589793,1.5707963267948966,4.71238898038469,3.141592653589793,0.0,3.141592653589793,1.5707963267948966,1.5707963267948966,1.5707963267948966,1.5707963267948966,4.71238898038469,0.0,0.0,3.141592653589793,4.71238898038469,1.5707963267948966,0.0,6.283185307179586,0.0
3.141592653589793,3.141592653589793,0.0,3.141592653589793,3.141592653589793,3.141592653589793,1.5707963267948966,4.71238898038469,3.141592653589793,0.0,3.141592653589793,1.5707963267948966,1.5707963267948966,1.5707963267948966,1.5707963267948966,4.71238898038469,0.0,0.0,3.141592653589793,4.71238898038469,1.5707963267948966,0.0,6.283185307179586,0.0
3.141592653589793,3.141592653589793,0.0,4.71238898038469,1.5707963267948966,3.141592653589793,1.5707963267948966,4.71238898038469,3.141592653589793,0.0,3.141592653589793,1.5707963267948966,1.5707963267948966,1.5707963267948966,1.5707963267948966,4.71238898038469,0.0,0.0,3.141592653589793,4.71238898038469,1.5707963267948966,0.0,6.283185307179586,0.0
3.141592653589793,3.141592653589793,0.0,4.71238898038469,3.141592653589793,1.5707963267948966,1.5707963267948966,4.71238898038469,3.141592653589793,0.0,3.141592653589793,1.5707963267948966,1.5707963267948966,1.5707963267948966,1.5707963267948966,4.71238898038469,0.0,0.0,3.141592653589793,4.71238898038469,1.5707963267948966,0.0,6.283185307179586,0.0
3.141592653589793,3.141592653589793,0.0,4.71238898038469,3.141592653589793,3.141592653589793,0.0,4.71238898038469,3.141592653589793,0.0,3.141592653589793,1.5707963267948966,1.5707963267948966,1.5707963267948966,1.5707963267948966,4.71238898038469,0.0,0.0,3.141592653589793,4.71238898038469,1.5707963267948966,0.0,6.283185307179586,0.0
3.141592653589793,3.141592653589793,0.0,4.71238898038469,3.141592653589793,3.141592653589793,1.5707963267948966,3.141592653589793,3.141592653589793,0.0,3.141592653589793,1.5707963267948966,1.5707963267948966,1.5707963267948966,1.5707963267948966,4.71238898038469,0.0,0.0,3.141592653589793,4.71238898038469,1.5707963267948966,0.0,6.283185307179586,0.0
3.141592653589793,3.141592653589793,0.0,4.71238898038469,3.141592653589793,3.141592653589793,1.5707963267948966,4.71238898038469,1.5707963267948966,0.0,3.141592653589793,1.5707963267948966,1.5707963267948966,1.5707963267948966,1.5707963267948966,4.71238898038469,0.0,0.0,3.141592653589793,4.71238898038469,1.5707963267948966,0.0,6.283185307179586,0.0
3.141592653589793,3.141592653589793,0.0,4.71238898038469,3.141592653589793,3.141592653589793,1.5707963267948966,4.71238898038469,3.141592653589793,0.0,1.5707963267948966,1.5707963267948966,1.5707963267948966,1.5707963267948966,1.5707963267948966,4.71238898038469,0.0,0.0,3.141592653589793,4.71238898038469,1.5707963267948966,0.0,6.283185307179586,0.0
3.141592653589793,3.141592653589793,0.0,4.71238898038469,3.141592653589793,3.141592653589793,1.5707963267948966,4.71238898038469,3.141592653589793,0.0,3.141592653589793,0.0,1.5707963267948966,1.5707963267948966,1.5707963267948966,4.71238898038469,0.0,0.0,3.141592653589793,4.71238898038469,1.5707963267948966,0.0,6.283185307179586,0.0
3.141592653589793,3.141592653589793,0.0,4.71238898038469,3.141592653589793,3.141592653589793,1.5707963267948966,4.71238898038469,3.141592653589793,0.0,3.141592653589793,1.5707963267948966,0.0,1.5707963267948966,1.5707963267948966,4.71238898038469,0.0,0.0,3.141592653589793,4.71238898038469,1.5707963267948966,0.0,6.283185307179586,0.0
3.141592653589793,3.141592653589793,0.0,4.71238898038469,3.141592653589793,3.141592653589793,1.5707963267948966,4.71238898038469,3.141592653589793,0.0,3.141592653589793,1.5707963267948966,1.5707963267948966,0.0,1.5707963267948966,4.71238898038469,0.0,0.0,3.141592653589793,4.71238898038469,1.5707963267948966,0.0,6.283185307179586,0.0
3.141592653589793,3.141592653589793,0.0,4.71238898038469,3.141592653589793,3.141592653589793,1.5707963267948966,4.71238898038469,3.141592653589793,0.0,3.141592653589793,1.5707963267948966,1.5707963267948966,1.5707963267948966,0.0,4.71238898038469,0.0,0.0,3.141592653589793,4.71238898038469,1.5707963267948966,0.0,6.283185307179586,0.0
3.141592653589793,3.141592653589793,0.0,4.71238898038469,3.141592653589793,3.141592653589793,1.5707963267948966,4.71238898038469,3.141592653589793,0.0,3.141592653589793,1.5707963267948966,1.5707963267948966,1.5707963267948966,1.5707963267948966,3.141592653589793,0.0,0.0,3.141592653589793,4.71238898038469,1.5707963267948966,0.0,6.283185307179586,0.0
3.141592653589793,3.141592653589793,0.0,4.71238898038469,3.141592653589793,3.141592653589793,1.5707963267948966,4.71238898038469,3.141592653589793,0.0,3.141592653589793,1.5707963267948966,1.5707963267948966,1.5707963267948966,1.5707963267948966,4.71238898038469,0.0,0.0,1.5707963267948966,4.71238898038469,1.5707963267948966,0.0,6.283185307179586,0.0
3.141592653589793,3.141592653589793,0.0,4.71238898038469,3.141592653589793,3.141592653589793,1.5707963267948966,4.71238898038469,3.141592653589793,0.0,3.141592653589793,1.5707963267948966,1.5707963267948966,1.5707963267948966,1.5707963267948966,4.71238898038469,0.0,0.0,3.141592653589793,3.141592653589793,1.5707963267948966,0.0,6.283185307179586,0.0
3.141592653589793,3.141592653589793,0.0,4.71238898038469,3.141592653589793,3.141592653589793,1.5707963267948966,4.71238898038469,3.141592653589793,0.0,3.141592653589793,1.5707963267948966,1.5707963267948966,1.5707963267948966,1.5707963267948966,4.71238898038469,0.0,0.0,3.141592653589793,4.71238898038469,0.0,0.0,6.283185307179586,0.0
3.141592653589793,3.141592653589793,0.0,4.71238898038469,3.141592653589793,3.141592653589793,1.5707963267948966,4.71238898038469,3.141592653589793,0.0,3.141592653589793,1.5707963267948966,1.5707963267948966,1.5707963267948966,1.5707963267948966,4.71238898038469,0.0,0.0,3.141592653589793,4.71238898038469,1.5707963267948966,0.0,4.71238898038469,0.0
3.2192831700966043,3.0885739110372703,0.0,4.731199747962676,3.192403745543408,3.151316417412292,1.5419096958165606,4.698408810423329,3.1246438383898303,0.0,3.0920911799391426,1.5405280331815265,1.5767566766419108,1.5935349953990363,1.5294211683355647,4.72091709808786,0.0,0.0,3.1282912760337873,4.702726142671528,1.551893426110184,0.0,6.26080675613934,0.0
3.1804379118431982,3.1150832823135315,0.0,4.721794364173683,3.1669981995666006,3.1464545355010425,1.5563530113057285,4.705398895404009,3.1331182459898113,0.0,3.116841916764468,1.5556621799882115,1.5737765017184036,1.5821656610969663,1.5501087475652306,4.716653039236275,0.0,0.0,3.1349419648117904,4.707557561528109,1.5613448764525404,0.0,6.271996031659463,0.0
3.161015282716496,3.1283379679516625,0.0,4.717091672279186,3.154295426578197,3.144023594545418,1.5635746690503125,4.7088939378943495,3.137355449789802,0.0,3.1292172851771305,1.563229253391554,1.5722864142566502,1.5764809939459314,1.5604525371800637,4.714521009810483,0.0,0.0,3.1382673092007916,4.709973270956399,1.5660706016237185,0.0,6.277590669419525,0.0
3.1513039681531443,3.134965310770728,0.0,4.714740326331938,3.147944040083995,3.1428081240676056,1.5671854979226045,4.71064145913952,3.139474051689798,0.0,3.135404969383462,1.5670127900932254,1.5715413705257735,1.573638660370414,1.5656244319874801,4.713454995097586,0.0,0.0,3.1399299813952926,4.711181125670545,1.5684334642093074,0.0,6.280387988299555,0.0
4.71238898038469,3.141592653589793,0.0,4.71238898038469,3.141592653589793,3.141592653589793,1.5707963267948966,4.71238898038469,3.141592653589793,0.0,3.141592653589793,1.5707963267948966,1.5707963267948966,1.5707963267948966,1.5707963267948966,4.71238898038469,0.0,0.0,3.141592653589793,4.71238898038469,1.5707963267948966,0.0,6.283185307179586,0.0
3.141592653589793,4.71238898038469,0.0,4.71238898038469,3.141592653589793,3.141592653589793,1.5707963267948966,4.71238898038469,3.141592653589793,0.0,3.141592653589793,1.5707963267948966,1.5707963267948966,1.5707963267948966,1.5707963267948966,4.71238898038469,0.0,0.0,3.141592653589793,4.71238898038469,1.5707963267948966,0.0,6.283185307179586,0.0
3.141592653589793,3.141592653589793,1.5707963267948966,4.71238898038469,3.141592653589793,3.141592653589793,1.5707963267948966,4.71238898038469,3.141592653589793,0.0,3.141592653589793,1.5707963267948966,1.5707963267948966,1.5707963267948966,1.5707963267948966,4.71238898038469,0.0,0.0,3.141592653589793,4.71238898038469,1.5707963267948966,0.0,6.283185307179586,0.0
3.141592653589793,3.141592653589793,0.0,6.283185307179586,3.141592653589793,3.141592653589793,1.5707963267948966,4.71238898038469,3.141592653589793,0.0,3.141592653589793,1.5707963267948966,1.5707963267948966,1.5707963267948966,1.5707963267948966,4.71238898038469,0.0,0.0,3.141592653589793,4.71238898038469,1.5707963267948966,0.0,6.283185307179586,0.0
3.141592653589793,3.141592653589793,0.0,4.71238898038469,4.71238898038469,3.141592653589793,1.5707963267948966,4.71238898038469,3.141592653589793,0.0,3.141592653589793,1.5707963267948966,1.5707963267948966,1.5707963267948966,1.5707963267948966,4.71238898038469,0.0,0.0,3.141592653589793,4.71238898038469,1.5707963267948966,0.0,6.283185307179586,0.0
3.141592653589793,3.141592653589793,0.0,4.71238898038469,3.141592653589793,4.71238898038469,1.5707963267948966,4.71238898038469,3.141592653589793,0.0,3.141592653589793,1.5707963267948966,1.5707963267948966,1.5707963267948966,1.5707963267948966,4.71238898038469,0.0,0.0,3.141592653589793,4.71238898038469,1.5707963267948966,0.0,6.283185307179586,0.0
3.141592653589793,3.141592653589793,0.0,4.71238898038469,3.141592653589793,3.141592653589793,3.141592653589793,4.71238898038469,3.141592653589793,0.0,3.141592653589793,1.5707963267948966,1.5707963267948966,1.5707963267948966,1.5707963267948966,4.71238898038469,0.0,0.0,3.141592653589793,4.71238898038469,1.5707963267948966,0.0,6.283185307179586,0.0
3.141592653589793,3.141592653589793,0.0,4.71238898038469,3.141592653589793,3.141592653589793,1.5707963267948966,6.283185307179586,3.141592653589793,0.0,3.141592653589793,1.5707963267948966,1.5707963267948966,1.5707963267948966,1.5707963267948966,4.71238898038469,0.0,0.0,3.141592653589793,4.71238898038469,1.5707963267948966,0.0,6.283185307179586,0.0
3.141592653589793,3.141592653589793,0.0,4.71238898038469,3.141592653589793,3.141592653589793,1.5707963267948966,4.71238898038469,4.71238898038469,0.0,3.141592653589793,1.5707963267948966,1.5707963267948966,1.5707963267948966,1.5707963267948966,4.71238898038469,0.0,0.0,3.141592653589793,4.71238898038469,1.5707963267948966,0.0,6.283185307179586,0.0
3.141592653589793,3.141592653589793,0.0,4.71238898038469,3.141592653589793,3.141592653589793,1.5707963267948966,4.71238898038469,3.141592653589793,1.5707963267948966,3.141592653589793,1.5707963267948966,1.5707963267948966,1.5707963267948966,1.5707963267948966,4.71238898038469,0.0,0.0,3.141592653589793,4.71238898038469,1.5707963267948966,0.0,6.283185307179586,0.0
3.141592653589793,3.141592653589793,0.0,4.71238898038469,3.141592653589793,3.141592653589793,1.5707963267948966,4.71238898038469,3.141592653589793,0.0,4.71238898038469,1.5707963267948966,1.5707963267948966,1.5707963267948966,1.5707963267948966,4.71238898038469,0.0,0.0,3.141592653589793,4.71238898038469,1.5707963267948966,0.0,6.283185307179586,0.0
3.141592653589793,3.141592653589793,0.0,4.71238898038469,3.141592653589793,3.141592653589793,1.5707963267948966,4.71238898038469,3.141592653589793,0.0,3.141592653589793,3.141592653589793,1.5707963267948966,1.5707963267948966,1.5707963267948966,4.71238898038469,0.0,0.0,3.141592653589793,4.71238898038469,1.5707963267948966,0.0,6.283185307179586,0.0
3.141592653589793,3.141592653589793,0.0,4.71238898038469,3.141592653589793,3.141592653589793,1.5707963267948966,4.71238898038469,3.141592653589793,0.0,3.141592653589793,1.5707963267948966,3.141592653589793,1.5707963267948966,1.5707963267948966,4.71238898038469,0.0,0.0,3.141592653589793,4.71238898038469,1.5707963267948966,0.0,6.283185307179586,0.0
3.141592653589793,3.141592653589793,0.0,4.71238898038469,3.141592653589793,3.141592653589793,1.5707963267948966,4.71238898038469,3.141592653589793,0.0,3.141592653589793,1.5707963267948966,1.5707963267948966,3.141592653589793,1.5707963267948966,4.71238898038469,0.0,0.0,3.141592653589793,4.71238898038469,1.5707963267948966,0.0,6.283185307179586,0.0
3.141592653589793,3.141592653589793,0.0,4.71238898038469,3.141592653589793,3.141592653589793,1.5707963267948966,4.71238898038469,3.141592653589793,0.0,3.141592653589793,1.5707963267948966,1.5707963267948966,1.5707963267948966,3.141592653589793,4.71238898038469,0.0,0.0,3.141592653589793,4.71238898038469,1.5707963267948966,0.0,6.283185307179586,0.0
3.141592653589793,3.141592653589793,0.0,4.71238898038469,3.141592653589793,3.141592653589793,1.5707963267948966,4.71238898038469,3.141592653589793,0.0,3.141592653589793,1.5707963267948966,1.5707963267948966,1.5707963267948966,1.5707963267948966,6.283185307179586,0.0,0.0,3.141592653589793,4.71238898038469,1.5707963267948966,0.0,6.283185307179586,0.0
3.141592653589793,3.141592653589793,0.0,4.71238898038469,3.141592653589793,3.141592653589793,1.5707963267948966,4.71238898038469,3.141592653589793,0.0,3.141592653589793,1.5707963267948966,1.5707963267948966,1.5707963267948966,1.5707963267948966,4.71238898038469,1.5707963267948966,0.0,3.141592653589793,4.71238898038469,1.5707963267948966,0.0,6.283185307179586,0.0
3.141592653589793,3.141592653589793,0.0,4.71238898038469,3.141592653589793,3.141592653589793,1.5707963267948966,4.71238898038469,3.141592653589793,0.0,3.141592653589793,1.5707963267948966,1.5707963267948966,1.5707963267948966,1.5707963267948966,4.71238898038469,0.0,1.5707963267948966,3.141592653589793,4.71238898038469,1.5707963267948966,0.0,6.283185307179586,0.0
3.141592653589793,3.141592653589793,0.0,4.71238898038469,3.141592653589793,3.141592653589793,1.5707963267948966,4.71238898038469,3.141592653589793,0.0,3.141592653589793,1.5707963267948966,1.5707963267948966,1.5707963267948966,1.5707963267948966,4.71238898038469,0.0,0.0,4.71238898038469,4.71238898038469,1.5707963267948966,0.0,6.283185307179586,0.0
3.141592653589793,3.141592653589793,0.0,4.71238898038469,3.141592653589793,3.141592653589793,1.5707963267948966,4.71238898038469,3.141592653589793,0.0,3.141592653589793,1.5707963267948966,1.5707963267948966,1.5707963267948966,1.5707963267948966,4.71238898038469,0.0,0.0,3.141592653589793,6.283185307179586,1.5707963267948966,0.0,6.283185307179586,0.0
3.141592653589793,3.141592653589793,0.0,4.71238898038469,3.141592653589793,3.141592653589793,1.5707963267948966,4.71238898038469,3.141592653589793,0.0,3.141592653589793,1.5707963267948966,1.5707963267948966,1.5707963267948966,1.5707963267948966,4.71238898038469,0.0,0.0,3.141592653589793,4.71238898038469,3.141592653589793,0.0,6.283185307179586,0.0
3.141592653589793,3.141592653589793,0.0,4.71238898038469,3.141592653589793,3.141592653589793,1.5707963267948966,4.71238898038469,3.141592653589793,0.0,3.141592653589793,1.5707963267948966,1.5707963267948966,1.5707963267948966,1.5707963267948966,4.71238898038469,0.0,0.0,3.141592653589793,4.71238898038469,1.5707963267948966,1.5707963267948966,6.283185307179586,0.0
3.141592653589793,3.141592653589793,0.0,4.71238898038469,3.141592653589793,3.141592653589793,1.5707963267948966,4.71238898038469,3.141592653589793,0.0,3.141592653589793,1.5707963267948966,1.5707963267948966,1.5707963267948966,1.5707963267948966,4.71238898038469,0.0,0.0,3.141592653589793,4.71238898038469,1.5707963267948966,0.0,6.283185307179586,1.5707963267948966
1.5707963267948966,3.141592653589793,0.0,4.71238898038469,3.141592653589793,3.141592653589793,1.5707963267948966,4.71238898038469,3.141592653589793,0.0,3.141592653589793,1.5707963267948966,1.5707963267948966,1.5707963267948966,1.5707963267948966,4.71238898038469,0.0,0.0,3.141592653589793,4.71238898038469,1.5707963267948966,0.0,6.283185307179586,0.0
3.141592653589793,1.5707963267948966,0.0,4.71238898038469,3.141592653589793,3.141592653589793,1.5707963267948966,4.71238898038469,3.141592653589793,0.0,3.141592653589793,1.5707963267948966,1.5707963267948966,1.5707963267948966,1.5707963267948966,4.71238898038469,0.0,0.0,3.141592653589793,4.71238898038469,1.5707963267948966,0.0,6.283185307179586,0.0
3.141592653589793,3.141592653589793,0.0,3.141592653589793,3.141592653589793,3.141592653589793,1.5707963267948966,4.71238898038469,3.141592653589793,0.0,3.141592653589793,1.5707963267948966,1.5707963267948966,1.5707963267948966,1.5707963267948966,4.71238898038469,0.0,0.0,3.141592653589793,4.71238898038469,1.5707963267948966,0.0,6.283185307179586,0.0
3.141592653589793,3.141592653589793,0.0,4.71238898038469,1.5707963267948966,3.141592653589793,1.5707963267948966,4.71238898038469,3.141592653589793,0.0,3.141592653589793,1.5707963267948966,1.5707963267948966,1.5707963267948966,1.5707963267948966,4.71238898038469,0.0,0.0,3.141592653589793,4.71238898038469,1.5707963267948966,0.0,6.283185307179586,0.0
3.141592653589793,3.141592653589793,0.0,4.71238898038469,3.141592653589793,1.5707963267948966,1.5707963267948966,4.71238898038469,3.141592653589793,0.0,3.141592653589793,1.5707963267948966,1.5707963267948966,1.5707963267948966,1.5707963267948966,4.71238898038469,0.0,0.0,3.141592653589793,4.71238898038469,1.5707963267948966,0.0,6.283185307179586,0.0
3.141592653589793,3.141592653589793,0.0,4.71238898038469,3.141592653589793,3.141592653589793,0.0,4.71238898038469,3.141592653589793,0.0,3.141592653589793,1.5707963267948966,1.5707963267948966,1.5707963267948966,1.5707963267948966,4.71238898038469,0.0,0.0,3.141592653589793,4.71238898038469,1.5707963267948966,0.0,6.283185307179586,0.0
3.141592653589793,3.141592653589793,0.0,4.71238898038469,3.141592653589793,3.141592653589793,1.5707963267948966,3.141592653589793,3.141592653589793,0.0,3.141592653589793,1.5707963267948966,1.5707963267948966,1.5707963267948966,1.5707963267948966,4.71238898038469,0.0,0.0,3.141592653589793,4.71238898038469,1.5707963267948966,0.0,6.283185307179586,0.0
3.141592653589793,3.141592653589793,0.0,4.71238898038469,3.141592653589793,3.141592653589793,1.5707963267948966,4.71238898038469,1.5707963267948966,0.0,3.141592653589793,1.5707963267948966,1.5707963267948966,1.5707963267948966,1.5707963267948966,4.71238898038469,0.0,0.0,3.141592653589793,4.71238898038469,1.5707963267948966,0.0,6.283185307179586,0.0
3.141592653589793,3.141592653589793,0.0,4.71238898038469,3.141592653589793,3.141592653589793,1.5707963267948966,4.71238898038469,3.141592653589793,0.0,1.5707963267948966,1.5707963267948966,1.5707963267948966,1.5707963267948966,1.5707963267948966,4.71238898038469,0.0,0.0,3.141592653589793,4.71238898038469,1.5707963267948966,0.0,6.283185307179586,0.0
3.141592653589793,3.141592653589793,0.0,4.71238898038469,3.141592653589793,3.141592653589793,1.5707963267948966,4.71238898038469,3.141592653589793,0.0,3.141592653589793,0.0,1.5707963267948966,1.5707963267948966,1.5707963267948966,4.71238898038469,0.0,0.0,3.141592653589793,4.71238898038469,1.5707963267948966,0.0,6.283185307179586,0.0
3.141592653589793,3.141592653589793,0.0,4.71238898038469,3.141592653589793,3.141592653589793,1.5707963267948966,4.71238898038469,3.141592653589793,0.0,3.141592653589793,1.5707963267948966,0.0,1.5707963267948966,1.5707963267948966,4.71238898038469,0.0,0.0,3.141592653589793,4.71238898038469,1.5707963267948966,0.0,6.283185307179586,0.0
3.141592653589793,3.141592653589793,0.0,4.71238898038469,3.141592653589793,3.141592653589793,1.5707963267948966,4.71238898038469,3.141592653589793,0.0,3.141592653589793,1.5707963267948966,1.5707963267948966,0.0,1.5707963267948966,4.71238898038469,0.0,0.0,3.141592653589793,4.71238898038469,1.5707963267948966,0.0,6.283185307179586,0.0
3.141592653589793,3.141592653589793,0.0,4.71238898038469,3.141592653589793,3.141592653589793,1.5707963267948966,4.71238898038469,3.141592653589793,0.0,3.141592653589793,1.5707963267948966,1.5707963267948966,1.5707963267948966,0.0,4.71238898038469,0.0,0.0,3.141592653589793,4.71238898038469,1.5707963267948966,0.0,6.283185307179586,0.0
3.141592653589793,3.141592653589793,0.0,4.71238898038469,3.141592653589793,3.141592653589793,1.5707963267948966,4.71238898038469,3.141592653589793,0.0,3.141592653589793,1.5707963267948966,1.5707963267948966,1.5707963267948966,1.5707963267948966,3.141592653589793,0.0,0.0,3.141592653589793,4.71238898038469,1.5707963267948966,0.0,6.283185307179586,0.0
3.141592653589793,3.141592653589793,0.0,4.71238898038469,3.141592653589793,3.141592653589793,1.5707963267948966,4.71238898038469,3.141592653589793,0.0,3.141592653589793,1.5707963267948966,1.5707963267948966,1.5707963267948966,1.5707963267948966,4.71238898038469,0.0,0.0,1.5707963267948966,4.71238898038469,1.5707963267948966,0.0,6.283185307179586,0.0
3.141592653589793,3.141592653589793,0.0,4.71238898038469,3.141592653589793,3.141592653589793,1.5707963267948966,4.71238898038469,3.141592653589793,0.0,3.141592653589793,1.5707963267948966,1.5707963267948966,1.5707963267948966,1.5707963267948966,4.71238898038469,0.0,0.0,3.141592653589793,3.141592653589793,1.5707963267948966,0.0,6.283185307179586,0.0
3.141592653589793,3.141592653589793,0.0,4.71238898038469,3.141592653589793,3.141592653589793,1.5707963267948966,4.71238898038469,3.141592653589793,0.0,3.141592653589793,1.5707963267948966,1.5707963267948966,1.5707963267948966,1.5707963267948966,4.71238898038469,0.0,0.0,3.141592653589793,4.71238898038469,0.0,0.0,6.283185307179586,0.0
3.141592653589793,3.141592653589793,0.0,4.71238898038469,3.141592653589793,3.141592653589793,1.5707963267948966,4.71238898038469,3.141592653589793,0.0,3.141592653589793,1.5707963267948966,1.5707963267948966,1.5707963267948966,1.5707963267948966,4.71238898038469,0.0,0.0,3.141592653589793,4.71238898038469,1.5707963267948966,0.0,4.71238898038469,0.0
3.9269908169872414,3.141592653589793,0.0,4.71238898038469,3.141592653589793,3.141592653589793,3.141592653589793,4.71238898038469,3.141592653589793,0.0,3.141592653589793,1.5707963267948966,1.5707963267948966,1.5707963267948966,1.5707963267948966,4.71238898038469,0.0,0.0,3.141592653589793,4.71238898038469,1.5707963267948966,0.0,6.283185307179586,0.0
3.141592653589793,3.9269908169872414,0.0,4.71238898038469,3.141592653589793,3.141592653589793,3.141592653589793,4.71238898038469,3.141592653589793,0.0,3.141592653589793,1.5707963267948966,1.5707963267948966,1.5707963267948966,1.5707963267948966,4.71238898038469,0.0,0.0,3.141592653589793,4.71238898038469,1.5707963267948966,0.0,6.283185307179586,0.0
3.141592653589793,3.141592653589793,0.7853981633974483,4.71238898038469,3.141592653589793,3.141592653589793,3.141592653589793,4.71238898038469,3.141592653589793,0.0,3.141592653589793,1.5707963267948966,1.5707963267948966,1.5707963267948966,1.5707963267948966,4.71238898038469,0.0,0.0,3.141592653589793,4.71238898038469,1.5707963267948966,0.0,6.283185307179586,0.0
3.141592653589793,3.141592653589793,0.0,5.497787143782138,3.141592653589793,3.141592653589793,3.141592653589793,4.71238898038469,3.141592653589793,0.0,3.141592653589793,1.5707963267948966,1.5707963267948966,1.5707963267948966,1.5707963267948966,4.71238898038469,0.0,0.0,3.141592653589793,4.71238898038469,1.5707963267948966,0.0,6.283185307179586,0.0
3.141592653589793,3.141592653589793,0.0,4.71238898038469,3.9269908169872414,3.141592653589793,3.141592653589793,4.71238898038469,3.141592653589793,0.0,3.141592653589793,1.5707963267948966,1.5707963267948966,1.5707963267948966,1.5707963267948966,4.71238898038469,0.0,0.0,3.141592653589793,4.71238898038469,1.5707963267948966,0.0,6.283185307179586,0.0
3.141592653589793,3.141592653589793,0.0,4.71238898038469,3.141592653589793,3.9269908169872414,3.141592653589793,4.71238898038469,3.141592653589793,0.0,3.141592653589793,1.5707963267948966,1.5707963267948966,1.5707963267948966,1.5707963267948966,4.71238898038469,0.0,0.0,3.141592653589793,4.71238898038469,1.5707963267948966,0.0,6.283185307179586,0.0
3.141592653589793,3.141592653589793,0.0,4.71238898038469,3.141592653589793,3.141592653589793,3.9269908169872414,4.71238898038469,3.141592653589793,0.0,3.141592653589793,1.5707963267948966,1.5707963267948966,1.5707963267948966,1.5707963267948966,4.71238898038469,0.0,0.0,3.141592653589793,4.71238898038469,1.5707963267948966,0.0,6.283185307179586,0.0
3.141592653589793,3.141592653589793,0.0,4.71238898038469,3.141592653589793,3.141592653589793,3.141592653589793,5.497787143782138,3.141592653589793,0.0,3.141592653589793,1.5707963267948966,1.5707963267948966,1.5707963267948966,1.5707963267948966,4.71238898038469,0.0,0.0,3.141592653589793,4.71238898038469,1.5707963267948966,0.0,6.283185307179586,0.0
3.141592653589793,3.141592653589793,0.0,4.71238898038469,3.141592653589793,3.141592653589793,3.141592653589793,4.71238898038469,3.9269908169872414,0.0,3.141592653589793,1.5707963267948966,1.5707963267948966,1.5707963267948966,1.5707963267948966,4.71238898038469,0.0,0.0,3.141592653589793,4.71238898038469,1.5707963267948966,0.0,6.283185307179586,0.0
3.141592653589793,3.141592653589793,0.0,4.71238898038469,3.141592653589793,3.141592653589793,3.141592653589793,4.71238898038469,3.141592653589793,0.7853981633974483,3.141592653589793,1.5707963267948966,1.5707963267948966,1.5707963267948966,1.5707963267948966,4.71238898038469,0.0,0.0,3.141592653589793,4.71238898038469,1.5707963267948966,0.0,6.283185307179586,0.0
3.141592653589793,3.141592653589793,0.0,4.71238898038469,3.141592653589793,3.141592653589793,3.141592653589793,4.71238898038469,3.141592653589793,0.0,3.9269908169872414,1.5707963267948966,1.5707963267948966,1.5707963267948966,1.5707963267948966,4.71238898038469,0.0,0.0,3.141592653589793,4.71238898038469,1.5707963267948966,0.0,6.283185307179586,0.0
3.141592653589793,3.141592653589793,0.0,4.71238898038469,3.141592653589793,3.141592653589793,3.141592653589793,4.71238898038469,3.141592653589793,0.0,3.141592653589793,2.356194490192345,1.5707963267948966,1.5707963267948966,1.5707963267948966,4.71238898038469,0.0,0.0,3.141592653589793,4.71238898038469,1.5707963267948966,0.0,6.283185307179586,0.0
3.141592653589793,3.141592653589793,0.0,4.71238898038469,3.141592653589793,3.141592653589793,3.141592653589793,4.71238898038469,3.141592653589793,0.0,3.141592653589793,1.5707963267948966,2.356194490192345,1.5707963267948966,1.5707963267948966,4.71238898038469,0.0,0.0,3.141592653589793,4.71238898038469,1.5707963267948966,0.0,6.283185307179586,0.0
3.141592653589793,3.141592653589793,0.0,4.71238898038469,3.141592653589793,3.141592653589793,3.141592653589793,4.71238898038469,3.141592653589793,0.0,3.141592653589793,1.5707963267948966,1.5707963267948966,2.356194490192345,1.5707963267948966,4.71238898038469,0.0,0.0,3.141592653589793,4.71238898038469,1.5707963267948966,0.0,6.283185307179586,0.0
3.141592653589793,3.141592653589793,0.0,4.71238898038469,3.141592653589793,3.141592653589793,3.141592653589793,4.71238898038469,3.141592653589793,0.0,3.141592653589793,1.5707963267948966,1.5707963267948966,1.5707963267948966,2.356194490192345,4.71238898038469,0.0,0.0,3.141592653589793,4.71238898038469,1.5707963267948966,0.0,6.283185307179586,0.0
3.141592653589793,3.141592653589793,0.0,4.71238898038469,3.141592653589793,3.141592653589793,3.141592653589793,4.71238898038469,3.141592653589793,0.0,3.141592653589793,1.5707963267948966,1.5707963267948966,1.5707963267948966,1.5707963267948966,5.497787143782138,0.0,0.0,3.141592653589793,4.71238898038469,1.5707963267948966,0.0,6.283185307179586,0.0
3.141592653589793,3.141592653589793,0.0,4.71238898038469,3.141592653589793,3.141592653589793,3.141592653589793,4.71238898038469,3.141592653589793,0.0,3.141592653589793,1.5707963267948966,1.5707963267948966,1.5707963267948966,1.5707963267948966,4.71238898038469,0.7853981633974483,0.0,3.141592653589793,4.71238898038469,1.5707963267948966,0.0,6.283185307179586,0.0
3.141592653589793,3.141592653589793,0.0,4.71238898038469,3.141592653589793,3.141592653589793,3.141592653589793,4.71238898038469,3.141592653589793,0.0,3.141592653589793,1.5707963267948966,1.5707963267948966,1.5707963267948966,1.5707963267948966,4.71238898038469,0.0,0.7853981633974483,3.141592653589793,4.71238898038469,1.5707963267948966,0.0,6.283185307179586,0.0
3.141592653589793,3.141592653589793,0.0,4.71238898038469,3.141592653589793,3.141592653589793,3.141592653589793,4.71238898038469,3.141592653589793,0.0,3.141592653589793,1.5707963267948966,1.5707963267948966,1.5707963267948966,1.5707963267948966,4.71238898038469,0.0,0.0,3.9269908169872414,4.71238898038469,1.5707963267948966,0.0,6.283185307179586,0.0
3.141592653589793,3.141592653589793,0.0,4.71238898038469,3.141592653589793,3.141592653589793,3.141592653589793,4.71238898038469,3.141592653589793,0.0,3.141592653589793,1.5707963267948966,1.5707963267948966,1.5707963267948966,1.5707963267948966,4.71238898038469,0.0,0.0,3.141592653589793,5.497787143782138,1.5707963267948966,0.0,6.283185307179586,0.0
3.141592653589793,3.141592653589793,0.0,4.71238898038469,3.141592653589793,3.141592653589793,3.141592653589793,4.71238898038469,3.141592653589793,0.0,3.141592653589793,1.5707963267948966,1.5707963267948966,1.5707963267948966,1.5707963267948966,4.71238898038469,0.0,0.0,3.141592653589793,4.71238898038469,2.356194490192345,0.0,6.283185307179586,0.0
3.141592653589793,3.141592653589793,0.0,4.71238898038469,3.141592653589793,3.141592653589793,3.141592653589793,4.71238898038469,3.141592653589793,0.0,3.141592653589793,1.5707963267948966,1.5707963267948966,1.5707963267948966,1.5707963267948966,4.71238898038469,0.0,0.0,3.141592653589793,4.71238898038469,1.5707963267948966,0.7853981633974483,6.283185307179586,0.0
3.141592653589793,3.141592653589793,0.0,4.71238898038469,3.141592653589793,3.141592653589793,3.141592653589793,4.71238898038469,3.141592653589793,0.0,3.141592653589793,1.5707963267948966,1.5707963267948966,1.5707963267948966,1.5707963267948966,4.71238898038469,0.0,0.0,3.141592653589793,4.71238898038469,1.5707963267948966,0.0,6.283185307179586,0.7853981633974483
2.356194490192345,3.141592653589793,0.0,4.71238898038469,3.141592653589793,3.141592653589793,3.141592653589793,4.71238898038469,3.141592653589793,0.0,3.141592653589793,1.5707963267948966,1.5707963267948966,1.5707963267948966,1.5707963267948966,4.71238898038469,0.0,0.0,3.141592653589793,4.71238898038469,1.5707963267948966,0.0,6.283185307179586,0.0
3.141592653589793,2.356194490192345,0.0,4.71238898038469,3.141592653589793,3.141592653589793,3.141592653589793,4.71238898038469,3.141592653589793,0.0,3.141592653589793,1.5707963267948966,1.5707963267948966,1.5707963267948966,1.5707963267948966,4.71238898038469,0.0,0.0,3.141592653589793,4.71238898038469,1.5707963267948966,0.0,6.283185307179586,0.0
3.141592653589793,3.141592653589793,0.0,3.9269908169872414,3.141592653589793,3.141592653589793,3.141592653589793,4.71238898038469,3.141592653589793,0.0,3.141592653589793,1.5707963267948966,1.5707963267948966,1.5707963267948966,1.5707963267948966,4.71238898038469,0.0,0.0,3.141592653589793,4.71238898038469,1.5707963267948966,0.0,6.283185307179586,0.0
3.141592653589793,3.141592653589793,0.0,4.71238898038469,2.356194490192345,3.141592653589793,3.141592653589793,4.71238898038469,3.141592653589793,0.0,3.141592653589793,1.5707963267948966,1.5707963267948966,1.5707963267948966,1.5707963267948966,4.71238898038469,0.0,0.0,3.141592653589793,4.71238898038469,1.5707963267948966,0.0,6.283185307179586,0.0
3.141592653589793,3.141592653589793,0.0,4.71238898038469,3.141592653589793,2.356194490192345,3.141592653589793,4.71238898038469,3.141592653589793,0.0,3.141592653589793,1.5707963267948966,1.5707963267948966,1.5707963267948966,1.5707963267948966,4.71238898038469,0.0,0.0,3.141592653589793,4.71238898038469,1.5707963267948966,0.0,6.283185307179586,0.0
3.141592653589793,3.141592653589793,0.0,4.71238898038469,3.141592653589793,3.141592653589793,2.356194490192345,4.71238898038469,3.141592653589793,0.0,3.141592653589793,1.5707963267948966,1.5707963267948966,1.5707963267948966,1.5707963267948966,4.71238898038469,0.0,0.0,3.141592653589793,4.71238898038469,1.5707963267948966,0.0,6.283185307179586,0.0
3.141592653589793,3.141592653589793,0.0,4.71238898038469,3.141592653589793,3.141592653589793,3.141592653589793,3.9269908169872414,3.141592653589793,0.0,3.141592653589793,1.5707963267948966,1.5707963267948966,1.5707963267948966,1.5707963267948966,4.71238898038469,0.0,0.0,3.141592653589793,4.71238898038469,1.5707963267948966,0.0,6.283185307179586,0.0
3.141592653589793,3.141592653589793,0.0,4.71238898038469,3.141592653589793,3.141592653589793,3.141592653589793,4.71238898038469,2.356194490192345,0.0,3.141592653589793,1.5707963267948966,1.5707963267948966,1.5707963267948966,1.5707963267948966,4.71238898038469,0.0,0.0,3.141592653589793,4.71238898038469,1.5707963267948966,0.0,6.283185307179586,0.0
3.141592653589793,3.141592653589793,0.0,4.71238898038469,3.141592653589793,3.141592653589793,3.141592653589793,4.71238898038469,3.141592653589793,0.0,2.356194490192345,1.5707963267948966,1.5707963267948966,1.5707963267948966,1.5707963267948966,4.71238898038469,0.0,0.0,3.141592653589793,4.71238898038469,1.5707963267948966,0.0,6.283185307179586,0.0
3.141592653589793,3.141592653589793,0.0,4.71238898038469,3.141592653589793,3.141592653589793,3.141592653589793,4.71238898038469,3.141592653589793,0.0,3.141592653589793,0.7853981633974483,1.5707963267948966,1.5707963267948966,1.5707963267948966,4.71238898038469,0.0,0.0,3.141592653589793,4.71238898038469,1.5707963267948966,0.0,6.283185307179586,0.0
3.141592653589793,3.141592653589793,0.0,4.71238898038469,3.141592653589793,3.141592653589793,3.141592653589793,4.71238898038469,3.141592653589793,0.0,3.141592653589793,1.5707963267948966,0.7853981633974483,1.5707963267948966,1.5707963267948966,4.71238898038469,0.0,0.0,3.141592653589793,4.71238898038469,1.5707963267948966,0.0,6.283185307179586,0.0
3.141592653589793,3.141592653589793,0.0,4.71238898038469,3.141592653589793,3.141592653589793,3.141592653589793,4.71238898038469,3.141592653589793,0.0,3.141592653589793,1.5707963267948966,1.5707963267948966,0.7853981633974483,1.5707963267948966,4.71238898038469,0.0,0.0,3.141592653589793,4.71238898038469,1.5707963267948966,0.0,6.283185307179586,0.0
3.141592653589793,3.141592653589793,0.0,4.71238898038469,3.141592653589793,3.141592653589793,3.141592653589793,4.71238898038469,3.141592653589793,0.0,3.141592653589793,1.5707963267948966,1.5707963267948966,1.5707963267948966,0.7853981633974483,4.71238898038469,0.0,0.0,3.141592653589793,4.71238898038469,1.5707963267948966,0.0,6.283185307179586,0.0
3.141592653589793,3.141592653589793,0.0,4.71238898038469,3.141592653589793,3.141592653589793,3.141592653589793,4.71238898038469,3.141592653589793,0.0,3.141592653589793,1.5707963267948966,1.5707963267948966,1.5707963267948966,1.5707963267948966,3.9269908169872414,0.0,0.0,3.141592653589793,4.71238898038469,1.5707963267948966,0.0,6.283185307179586,0.0
3.141592653589793,3.141592653589793,0.0,4.71238898038469,3.141592653589793,3.141592653589793,3.141592653589793,4.71238898038469,3.141592653589793,0.0,3.141592653589793,1.5707963267948966,1.5707963267948966,1.5707963267948966,1.5707963267948966,4.71238898038469,0.0,0.0,2.356194490192345,4.71238898038469,1.5707963267948966,0.0,6.283185307179586,0.0
3.141592653589793,3.141592653589793,0.0,4.71238898038469,3.141592653589793,3.141592653589793,3.141592653589793,4.71238898038469,3.141592653589793,0.0,3.141592653589793,1.5707963267948966,1.5707963267948966,1.5707963267948966,1.5707963267948966,4.71238898038469,0.0,0.0,3.141592653589793,3.9269908169872414,1.5707963267948966,0.0,6.283185307179586,0.0
3.141592653589793,3.141592653589793,0.0,4.71238898038469,3.141592653589793,3.141592653589793,3.141592653589793,4.71238898038469,3.141592653589793,0.0,3.141592653589793,1.5707963267948966,1.5707963267948966,1.5707963267948966,1.5707963267948966,4.71238898038469,0.0,0.0,3.141592653589793,4.71238898038469,0.7853981633974483,0.0,6.283185307179586,0.0
3.141592653589793,3.141592653589793,0.0,4.71238898038469,3.141592653589793,3.141592653589793,3.141592653589793,4.71238898038469,3.141592653589793,0.0,3.141592653589793,1.5707963267948966,1.5707963267948966,1.5707963267948966,1.5707963267948966,4.71238898038469,0.0,0.0,3.141592653589793,4.71238898038469,1.5707963267948966,0.0,5.497787143782138,0.0
3.4724299184929563,3.1807522611040904,0.0,4.6678368445476295,3.100584769311518,3.1311668150206944,3.0471333114567125,4.5869534464471355,3.0427606419715927,0.0,3.2050627189022487,1.5440337694208155,1.5541082103052906,1.5125285915723516,1.745564289326324,4.77774800289737,0.0,0.0,3.2154128534739157,4.512619072614756,1.733462942509119,0.0,6.283185307179586,0.0
3.3070112860413747,3.1611724573469417,0.0,4.69011291246616,3.1210887114506556,3.1363797343052435,3.094362982523253,4.649671213415912,3.092176647780693,0.0,3.173327686246021,1.5574150481078561,1.5624522685500934,1.541662459183624,1.6581803080606101,4.74506849164103,0.0,0.0,3.178502753531854,4.612504026499723,1.6521296346520078,0.0,6.283185307179586,0.0
3.224301969815584,3.1513825554683677,0.0,4.701250946425424,3.1313406825202246,3.1389861939475185,3.117977818056523,4.681030096900301,3.116884650685243,0.0,3.1574601699179072,1.5641056874513763,1.5666242976724951,1.5562293929892603,1.6144883174277533,4.72872873601286,0.0,0.0,3.160047703560824,4.662446503442206,1.6114629807234522,0.0,6.283185307179586,0.0
3.1829473117026885,3.1464876045290806,0.0,4.706819963405057,3.1364666680550086,3.140289423768656,3.129785235823158,4.696709538642495,3.129238652137518,0.0,3.1495264117538504,1.5674510071231365,1.5687103122336958,1.5635128598920784,1.592642322111325,4.720558858198775,0.0,0.0,3.1508201785753083,4.687417741913448,1.5911296537591744,0.0,6.283185307179586,0.0
3.9269908169872414,3.141592653589793,0.0,4.71238898038469,3.141592653589793,3.141592653589793,3.141592653589793,4.71238898038469,3.141592653589793,0.0,3.141592653589793,1.5707963267948966,1.5707963267948966,1.5707963267948966,1.5707963267948966,4.71238898038469,0.0,0.0,3.141592653589793,4.71238898038469,1.5707963267948966,0.0,6.283185307179586,0.0
3.141592653589793,3.9269908169872414,0.0,4.71238898038469,3.141592653589793,3.141592653589793,3.141592653589793,4.71238898038469,3.141592653589793,0.0,3.141592653589793,1.5707963267948966,1.5707963267948966,1.5707963267948966,1.5707963267948966,4.71238898038469,0.0,0.0,3.141592653589793,4.71238898038469,1.5707963267948966,0.0,6.283185307179586,0.0
3.141592653589793,3.141592653589793,0.7853981633974483,4.71238898038469,3.141592653589793,3.141592653589793,3.141592653589793,4.71238898038469,3.141592653589793,0.0,3.141592653589793,1.5707963267948966,1.5707963267948966,1.5707963267948966,1.5707963267948966,4.71238898038469,0.0,0.0,3.141592653589793,4.71238898038469,1.5707963267948966,0.0,6.283185307179586,0.0
3.141592653589793,3.141592653589793,0.0,5.497787143782138,3.141592653589793,3.141592653589793,3.141592653589793,4.71238898038469,3.141592653589793,0.0,3.141592653589793,1.5707963267948966,1.5707963267948966,1.5707963267948966,1.5707963267948966,4.71238898038469,0.0,0.0,3.141592653589793,4.71238898038469,1.5707963267948966,0.0,6.283185307179586,0.0
3.141592653589793,3.141592653589793,0.0,4.71238898038469,3.9269908169872414,3.141592653589793,3.141592653589793,4.71238898038469,3.141592653589793,0.0,3.141592653589793,1.5707963267948966,1.5707963267948966,1.5707963267948966,1.5707963267948966,4.71238898038469,0.0,0.0,3.141592653589793,4.71238898038469,1.5707963267948966,0.0,6.283185307179586,0.0
3.141592653589793,3.141592653589793,0.0,4.71238898038469,3.141592653589793,3.9269908169872414,3.141592653589793,4.71238898038469,3.141592653589793,0.0,3.141592653589793,1.5707963267948966,1.5707963267948966,1.5707963267948966,1.5707963267948966,4.71238898038469,0.0,0.0,3.141592653589793,4.71238898038469,1.5707963267948966,0.0,6.283185307179586,0.0
3.141592653589793,3.141592653589793,0.0,4.71238898038469,3.141592653589793,3.141592653589793,3.9269908169872414,4.71238898038469,3.141592653589793,0.0,3.141592653589793,1.5707963267948966,1.5707963267948966,1.5707963267948966,1.5707963267948966,4.71238898038469,0.0,0.0,3.141592653589793,4.71238898038469,1.5707963267948966,0.0,6.283185307179586,0.0
3.141592653589793,3.141592653589793,0.0,4.71238898038469,3.141592653589793,3.141592653589793,3.141592653589793,5.497787143782138,3.141592653589793,0.0,3.141592653589793,1.5707963267948966,1.5707963267948966,1.5707963267948966,1.5707963267948966,4.71238898038469,0.0,0.0,3.141592653589793,4.71238898038469,1.5707963267948966,0.0,6.283185307179586,0.0
3.141592653589793,3.141592653589793,0.0,4.71238898038469,3.141592653589793,3.141592653589793,3.141592653589793,4.71238898038469,3.9269908169872414,0.0,3.141592653589793,1.5707963267948966,1.5707963267948966,1.5707963267948966,1.5707963267948966,4.71238898038469,0.0,0.0,3.141592653589793,4.71238898038469,1.5707963267948966,0.0,6.283185307179586,0.0
3.141592653589793,3.141592653589793,0.0,4.71238898038469,3.141592653589793,3.141592653589793,3.141592653589793,4.71238898038469,3.141592653589793,0.7853981633974483,3.141592653589793,1.5707963267948966,1.5707963267948966,1.5707963267948966,1.5707963267948966,4.71238898038469,0.0,0.0,3.141592653589793,4.71238898038469,1.5707963267948966,0.0,6.283185307179586,0.0
3.141592653589793,3.141592653589793,0.0,4.71238898038469,3.141592653589793,3.141592653589793,3.141592653589793,4.71238898038469,3.141592653589793,0.0,3.9269908169872414,1.5707963267948966,1.5707963267948966,1.5707963267948966,1.5707963267948966,4.71238898038469,0.0,0.0,3.141592653589793,4.71238898038469,1.5707963267948966,0.0,6.283185307179586,0.0
3.141592653589793,3.141592653589793,0.0,4.71238898038469,3.141592653589793,3.141592653589793,3.141592653589793,4.71238898038469,3.141592653589793,0.0,3.141592653589793,2.356194490192345,1.5707963267948966,1.5707963267948966,1.5707963267948966,4.71238898038469,0.0,0.0,3.141592653589793,4.71238898038469,1.5707963267948966,0.0,6.283185307179586,0.0
3.141592653589793,3.141592653589793,0.0,4.71238898038469,3.141592653589793,3.141592653589793,3.141592653589793,4.71238898038469,3.141592653589793,0.0,3.141592653589793,1.5707963267948966,2.356194490192345,1.5707963267948966,1.5707963267948966,4.71238898038469,0.0,0.0,3.141592653589793,4.71238898038469,1.5707963267948966,0.0,6.283185307179586,0.0
3.141592653589793,3.141592653589793,0.0,4.71238898038469,3.141592653589793,3.141592653589793,3.141592653589793,4.71238898038469,3.141592653589793,0.0,3.141592653589793,1.5707963267948966,1.5707963267948966,2.356194490192345,1.5707963267948966,4.71238898038469,0.0,0.0,3.141592653589793,4.71238898038469,1.5707963267948966,0.0,6.283185307179586,0.0
3.141592653589793,3.141592653589793,0.0,4.71238898038469,3.141592653589793,3.141592653589793,3.141592653589793,4.71238898038469,3.141592653589793,0.0,3.141592653589793,1.5707963267948966,1.5707963267948966,1.5707963267948966,2.356194490192345,4.71238898038469,0.0,0.0,3.141592653589793,4.71238898038469,1.5707963267948966,0.0,6.283185307179586,0.0
3.141592653589793,3.141592653589793,0.0,4.71238898038469,3.141592653589793,3.141592653589793,3.141592653589793,4.71238898038469,3.141592653589793,0.0,3.141592653589793,1.5707963267948966,1.5707963267948966,1.5707963267948966,1.5707963267948966,5.497787143782138,0.0,0.0,3.141592653589793,4.71238898038469,1.5707963267948966,0.0,6.283185307179586,0.0
3.141592653589793,3.141592653589793,0.0,4.71238898038469,3.141592653589793,3.141592653589793,3.141592653589793,4.71238898038469,3.141592653589793,0.0,3.141592653589793,1.5707963267948966,1.5707963267948966,1.5707963267948966,1.5707963267948966,4.71238898038469,0.7853981633974483,0.0,3.141592653589793,4.71238898038469,1.5707963267948966,0.0,6.283185307179586,0.0
3.141592653589793,3.141592653589793,0.0,4.71238898038469,3.141592653589793,3.141592653589793,3.141592653589793,4.71238898038469,3.141592653589793,0.0,3.141592653589793,1.5707963267948966,1.5707963267948966,1.5707963267948966,1.5707963267948966,4.71238898038469,0.0,0.7853981633974483,3.141592653589793,4.71238898038469,1.5707963267948966,0.0,6.283185307179586,0.0
3.141592653589793,3.141592653589793,0.0,4.71238898038469,3.141592653589793,3.141592653589793,3.141592653589793,4.71238898038469,3.141592653589793,0.0,3.141592653589793,1.5707963267948966,1.5707963267948966,1.5707963267948966,1.5707963267948966,4.71238898038469,0.0,0.0,3.9269908169872414,4.71238898038469,1.5707963267948966,0.0,6.283185307179586,0.0
3.141592653589793,3.141592653589793,0.0,4.71238898038469,3.141592653589793,3.141592653589793,3.141592653589793,4.71238898038469,3.141592653589793,0.0,3.141592653589793,1.5707963267948966,1.5707963267948966,1.5707963267948966,1.5707963267948966,4.71238898038469,0.0,0.0,3.141592653589793,5.497787143782138,1.5707963267948966,0.0,6.283185307179586,0.0
3.141592653589793,3.141592653589793,0.0,4.71238898038469,3.141592653589793,3.141592653589793,3.141592653589793,4.71238898038469,3.141592653589793,0.0,3.141592653589793,1.5707963267948966,1.5707963267948966,1.5707963267948966,1.5707963267948966,4.71238898038469,0.0,0.0,3.141592653589793,4.71238898038469,2.356194490192345,0.0,6.283185307179586,0.0
3.141592653589793,3.141592653589793,0.0,4.71238898038469,3.141592653589793,3.141592653589793,3.141592653589793,4.71238898038469,3.141592653589793,0.0,3.141592653589793,1.5707963267948966,1.5707963267948966,1.5707963267948966,1.5707963267948966,4.71238898038469,0.0,0.0,3.141592653589793,4.71238898038469,1.5707963267948966,0.7853981633974483,6.283185307179586,0.0
3.141592653589793,3.141592653589793,0.0,4.71238898038469,3.141592653589793,3.141592653589793,3.141592653589793,4.71238898038469,3.141592653589793,0.0,3.141592653589793,1.5707963267948966,1.5707963267948966,1.5707963267948966,1.5707963267948966,4.71238898038469,0.0,0.0,3.141592653589793,4.71238898038469,1.5707963267948966,0.0,6.283185307179586,0.7853981633974483
2.356194490192345,3.141592653589793,0.0,4.71238898038469,3.141592653589793,3.141592653589793,3.141592653589793,4.71238898038469,3.141592653589793,0.0,3.141592653589793,1.5707963267948966,1.5707963267948966,1.5707963267948966,1.5707963267948966,4.71238898038469,0.0,0.0,3.141592653589793,4.71238898038469,1.5707963267948966,0.0,6.283185307179586,0.0
3.141592653589793,2.356194490192345,0.0,4.71238898038469,3.141592653589793,3.141592653589793,3.141592653589793,4.71238898038469,3.141592653589793,0.0,3.141592653589793,1.5707963267948966,1.5707963267948966,1.5707963267948966,1.5707963267948966,4.71238898038469,0.0,0.0,3.141592653589793,4.71238898038469,1.5707963267948966,0.0,6.283185307179586,0.0
3.141592653589793,3.141592653589793,0.0,3.9269908169872414,3.141592653589793,3.141592653589793,3.141592653589793,4.71238898038469,3.141592653589793,0.0,3.141592653589793,1.5707963267948966,1.5707963267948966,1.5707963267948966,1.5707963267948966,4.71238898038469,0.0,0.0,3.141592653589793,4.71238898038469,1.5707963267948966,0.0,6.283185307179586,0.0
3.141592653589793,3.141592653589793,0.0,4.71238898038469,2.356194490192345,3.141592653589793,3.141592653589793,4.71238898038469,3.141592653589793,0.0,3.141592653589793,1.5707963267948966,1.5707963267948966,1.5707963267948966,1.5707963267948966,4.71238898038469,0.0,0.0,3.141592653589793,4.71238898038469,1.5707963267948966,0.0,6.283185307179586,0.0
3.141592653589793,3.141592653589793,0.0,4.71238898038469,3.141592653589793,2.356194490192345,3.141592653589793,4.71238898038469,3.141592653589793,0.0,3.141592653589793,1.5707963267948966,1.5707963267948966,1.5707963267948966,1.5707963267948966,4.71238898038469,0.0,0.0,3.141592653589793,4.71238898038469,1.5707963267948966,0.0,6.283185307179586,0.0
3.141592653589793,3.141592653589793,0.0,4.71238898038469,3.141592653589793,3.141592653589793,2.356194490192345,4.71238898038469,3.141592653589793,0.0,3.141592653589793,1.5707963267948966,1.5707963267948966,1.5707963267948966,1.5707963267948966,4.71238898038469,0.0,0.0,3.141592653589793,4.71238898038469,1.5707963267948966,0.0,6.283185307179586,0.0
3.141592653589793,3.141592653589793,0.0,4.71238898038469,3.141592653589793,3.141592653589793,3.141592653589793,3.9269908169872414,3.141592653589793,0.0,3.141592653589793,1.5707963267948966,1.5707963267948966,1.5707963267948966,1.5707963267948966,4.71238898038469,0.0,0.0,3.141592653589793,4.71238898038469,1.5707963267948966,0.0,6.283185307179586,0.0
3.141592653589793,3.141592653589793,0.0,4.71238898038469,3.141592653589793,3.141592653589793,3.141592653589793,4.71238898038469,2.356194490192345,0.0,3.141592653589793,1.5707963267948966,1.5707963267948966,1.5707963267948966,1.5707963267948966,4.71238898038469,0.0,0.0,3.141592653589793,4.71238898038469,1.5707963267948966,0.0,6.283185307179586,0.0
3.141592653589793,3.141592653589793,0.0,4.71238898038469,3.141592653589793,3.141592653589793,3.141592653589793,4.71238898038469,3.141592653589793,0.0,2.356194490192345,1.5707963267948966,1.5707963267948966,1.5707963267948966,1.5707963267948966,4.71238898038469,0.0,0.0,3.141592653589793,4.71238898038469,1.5707963267948966,0.0,6.283185307179586,0.0
3.141592653589793,3.141592653589793,0.0,4.71238898038469,3.141592653589793,3.141592653589793,3.141592653589793,4.71238898038469,3.141592653589793,0.0,3.141592653589793,0.7853981633974483,1.5707963267948966,1.5707963267948966,1.5707963267948966,4.71238898038469,0.0,0.0,3.141592653589793,4.71238898038469,1.5707963267948966,0.0,6.283185307179586,0.0
3.141592653589793,3.141592653589793,0.0,4.71238898038469,3.141592653589793,3.141592653589793,3.141592653589793,4.71238898038469,3.141592653589793,0.0,3.141592653589793,1.5707963267948966,0.7853981633974483,1.5707963267948966,1.5707963267948966,4.71238898038469,0.0,0.0,3.141592653589793,4.71238898038469,1.5707963267948966,0.0,6.283185307179586,0.0
3.141592653589793,3.141592653589793,0.0,4.71238898038469,3.141592653589793,3.141592653589793,3.141592653589793,4.71238898038469,3.141592653589793,0.0,3.141592653589793,1.5707963267948966,1.5707963267948966,0.7853981633974483,1.5707963267948966,4.71238898038469,0.0,0.0,3.141592653589793,4.71238898038469,1.5707963267948966,0.0,6.283185307179586,0.0
3.141592653589793,3.141592653589793,0.0,4.71238898038469,3.141592653589793,3.141592653589793,3.141592653589793,4.71238898038469,3.141592653589793,0.0,3.141592653589793,1.5707963267948966,1.5707963267948966,1.5707963267948966,0.7853981633974483,4.71238898038469,0.0,0.0,3.141592653589793,4.71238898038469,1.5707963267948966,0.0,6.283185307179586,0.0
3.141592653589793,3.141592653589793,0.0,4.71238898038469,3.141592653589793,3.141592653589793,3.141592653589793,4.71238898038469,3.141592653589793,0.0,3.141592653589793,1.5707963267948966,1.5707963267948966,1.5707963267948966,1.5707963267948966,3.9269908169872414,0.0,0.0,3.141592653589793,4.71238898038469,1.5707963267948966,0.0,6.283185307179586,0.0
3.141592653589793,3.141592653589793,0.0,4.71238898038469,3.141592653589793,3.141592653589793,3.141592653589793,4.71238898038469,3.141592653589793,0.0,3.141592653589793,1.5707963267948966,1.5707963267948966,1.5707963267948966,1.5707963267948966,4.71238898038469,0.0,0.0,2.356194490192345,4.71238898038469,1.5707963267948966,0.0,6.283185307179586,0.0
3.141592653589793,3.141592653589793,0.0,4.71238898038469,3.141592653589793,3.141592653589793,3.141592653589793,4.71238898038469,3.141592653589793,0.0,3.141592653589793,1.5707963267948966,1.5707963267948966,1.5707963267948966,1.5707963267948966,4.71238898038469,0.0,0.0,3.141592653589793,3.9269908169872414,1.5707963267948966,0.0,6.283185307179586,0.0
3.141592653589793,3.141592653589793,0.0,4.71238898038469,3.141592653589793,3.141592653589793,3.141592653589793,4.71238898038469,3.141592653589793,0.0,3.141592653589793,1.5707963267948966,1.5707963267948966,1.5707963267948966,1.5707963267948966,4.71238898038469,0.0,0.0,3.141592653589793,4.71238898038469,0.7853981633974483,0.0,6.283185307179586,0.0
3.141592653589793,3.141592653589793,0.0,4.71238898038469,3.141592653589793,3.141592653589793,3.141592653589793,4.71238898038469,3.141592653589793,0.0,3.141592653589793,1.5707963267948966,1.5707963267948966,1.5707963267948966,1.5707963267948966,4.71238898038469,0.0,0.0,3.141592653589793,4.71238898038469,1.5707963267948966,0.0,5.497787143782138,0.0
3.5342917352885173,3.141592653589793,0.0,4.71238898038469,3.141592653589793,3.141592653589793,3.141592653589793,4.71238898038469,3.141592653589793,0.0,3.141592653589793,1.5707963267948966,1.5707963267948966,1.5707963267948966,2.356194490192345,4.71238898038469,0.0,0.0,3.141592653589793,4.71238898038469,1.5707963267948966,0.0,6.283185307179586,0.0
3.141592653589793,3.5342917352885173,0.0,4.71238898038469,3.141592653589793,3.141592653589793,3.141592653589793,4.71238898038469,3.141592653589793,0.0,3.141592653589793,1.5707963267948966,1.5707963267948966,1.5707963267948966,2.356194490192345,4.71238898038469,0.0,0.0,3.141592653589793,4.71238898038469,1.5707963267948966,0.0,6.283185307179586,0.0
3.141592653589793,3.141592653589793,0.39269908169872414,4.71238898038469,3.141592653589793,3.141592653589793,3.141592653589793,4.71238898038469,3.141592653589793,0.0,3.141592653589793,1.5707963267948966,1.5707963267948966,1.5707963267948966,2.356194490192345,4.71238898038469,0.0,0.0,3.141592653589793,4.71238898038469,1.5707963267948966,0.0,6.283185307179586,0.0
3.141592653589793,3.141592653589793,0.0,5.105088062083414,3.141592653589793,3.141592653589793,3.141592653589793,4.71238898038469,3.141592653589793,0.0,3.141592653589793,1.5707963267948966,1.5707963267948966,1.5707963267948966,2.356194490192345,4.71238898038469,0.0,0.0,3.141592653589793,4.71238898038469,1.5707963267948966,0.0,6.283185307179586,0.0
3.141592653589793,3.141592653589793,0.0,4.71238898038469,3.5342917352885173,3.141592653589793,3.141592653589793,4.71238898038469,3.141592653589793,0.0,3.141592653589793,1.5707963267948966,1.5707963267948966,1.5707963267948966,2.356194490192345,4.71238898038469,0.0,0.0,3.141592653589793,4.71238898038469,1.5707963267948966,0.0,6.283185307179586,0.0
3.141592653589793,3.141592653589793,0.0,4.71238898038469,3.141592653589793,3.5342917352885173,3.141592653589793,4.71238898038469,3.141592653589793,0.0,3.141592653589793,1.5707963267948966,1.5707963267948966,1.5707963267948966,2.356194490192345,4.71238898038469,0.0,0.0,3.141592653589793,4.71238898038469,1.5707963267948966,0.0,6.283185307179586,0.0
3.141592653589793,3.141592653589793,0.0,4.71238898038469,3.141592653589793,3.141592653589793,3.5342917352885173,4.71238898038469,3.141592653589793,0.0,3.141592653589793,1.5707963267948966,1.5707963267948966,1.5707963267948966,2.356194490192345,4.71238898038469,0.0,0.0,3.141592653589793,4.71238898038469,1.5707963267948966,0.0,6.283185307179586,0.0
3.141592653589793,3.141592653589793,0.0,4.71238898038469,3.141592653589793,3.141592653589793,3.141592653589793,5.105088062083414,3.141592653589793,0.0,3.141592653589793,1.5707963267948966,1.5707963267948966,1.5707963267948966,2.356194490192345,4.71238898038469,0.0,0.0,3.141592653589793,4.71238898038469,1.5707963267948966,0.0,6.283185307179586,0.0
3.141592653589793,3.141592653589793,0.0,4.71238898038469,3.141592653589793,3.141592653589793,3.141592653589793,4.71238898038469,3.5342917352885173,0.0,3.141592653589793,1.5707963267948966,1.5707963267948966,1.5707963267948966,2.356194490192345,4.71238898038469,0.0,0.0,3.141592653589793,4.71238898038469,1.5707963267948966,0.0,6.283185307179586,0.0
3.141592653589793,3.141592653589793,0.0,4.71238898038469,3.141592653589793,3.141592653589793,3.141592653589793,4.71238898038469,3.141592653589793,0.39269908169872414,3.141592653589793,1.5707963267948966,1.5707963267948966,1.5707963267948966,2.356194490192345,4.71238898038469,0.0,0.0,3.141592653589793,4.71238898038469,1.5707963267948966,0.0,6.283185307179586,0.0
3.141592653589793,3.141592653589793,0.0,4.71238898038469,3.141592653589793,3.141592653589793,3.141592653589793,4.71238898038469,3.141592653589793,0.0,3.5342917352885173,1.5707963267948966,1.5707963267948966,1.5707963267948966,2.356194490192345,4.71238898038469,0.0,0.0,3.141592653589793,4.71238898038469,1.5707963267948966,0.0,6.283185307179586,0.0
3.141592653589793,3.141592653589793,0.0,4.71238898038469,3.141592653589793,3.141592653589793,3.141592653589793,4.71238898038469,3.141592653589793,0.0,3.141592653589793,1.9634954084936207,1.5707963267948966,1.5707963267948966,2.356194490192345,4.71238898038469,0.0,0.0,3.141592653589793,4.71238898038469,1.5707963267948966,0.0,6.283185307179586,0.0
3.141592653589793,3.141592653589793,0.0,4.71238898038469,3.141592653589793,3.141592653589793,3.141592653589793,4.71238898038469,3.141592653589793,0.0,3.141592653589793,1.5707963267948966,1.9634954084936207,1.5707963267948966,2.356194490192345,4.71238898038469,0.0,0.0,3.141592653589793,4.71238898038469,1.5707963267948966,0.0,6.283185307179586,0.0
3.141592653589793,3.141592653589793,0.0,4.71238898038469,3.141592653589793,3.141592653589793,3.141592653589793,4.71238898038469,3.141592653589793,0.0,3.141592653589793,1.5707963267948966,1.5707963267948966,1.9634954084936207,2.356194490192345,4.71238898038469,0.0,0.0,3.141592653589793,4.71238898038469,1.5707963267948966,0.0,6.283185307179586,0.0
3.141592653589793,3.141592653589793,0.0,4.71238898038469,3.141592653589793,3.141592653589793,3.141592653589793,4.71238898038469,3.141592653589793,0.0,3.141592653589793,1.5707963267948966,1.5707963267948966,1.5707963267948966,2.748893571891069,4.71238898038469,0.0,0.0,3.141592653589793,4.71238898038469,1.5707963267948966,0.0,6.283185307179586,0.0
3.141592653589793,3.141592653589793,0.0,4.71238898038469,3.141592653589793,3.141592653589793,3.141592653589793,4.71238898038469,3.141592653589793,0.0,3.141592653589793,1.5707963267948966,1.5707963267948966,1.5707963267948966,2.356194490192345,5.105088062083414,0.0,0.0,3.141592653589793,4.71238898038469,1.5707963267948966,0.0,6.283185307179586,0.0
3.141592653589793,3.141592653589793,0.0,4.71238898038469,3.141592653589793,3.141592653589793,3.141592653589793,4.71238898038469,3.141592653589793,0.0,3.141592653589793,1.5707963267948966,1.5707963267948966,1.5707963267948966,2.356194490192345,4.71238898038469,0.39269908169872414,0.0,3.141592653589793,4.71238898038469,1.5707963267948966,0.0,6.283185307179586,0.0
3.141592653589793,3.141592653589793,0.0,4.71238898038469,3.141592653589793,3.141592653589793,3.141592653589793,4.71238898038469,3.141592653589793,0.0,3.141592653589793,1.5707963267948966,1.5707963267948966,1.5707963267948966,2.356194490192345,4.71238898038469,0.0,0.39269908169872414,3.141592653589793,4.71238898038469,1.5707963267948966,0.0,6.283185307179586,0.0
3.141592653589793,3.141592653589793,0.0,4.71238898038469,3.141592653589793,3.141592653589793,3.141592653589793,4.71238898038469,3.141592653589793,0.0,3.141592653589793,1.5707963267948966,1.5707963267948966,1.5707963267948966,2.356194490192345,4.71238898038469,0.0,0.0,3.5342917352885173,4.71238898038469,1.5707963267948966,0.0,6.283185307179586,0.0
3.141592653589793,3.141592653589793,0.0,4.71238898038469,3.141592653589793,3.141592653589793,3.141592653589793,4.71238898038469,3.141592653589793,0.0,3.141592653589793,1.5707963267948966,1.5707963267948966,1.5707963267948966,2.356194490192345,4.71238898038469,0.0,0.0,3.141592653589793,5.105088062083414,1.5707963267948966,0.0,6.283185307179586,0.0
3.141592653589793,3.141592653589793,0.0,4.71238898038469,3.141592653589793,3.141592653589793,3.141592653589793,4.71238898038469,3.141592653589793,0.0,3.141592653589793,1.5707963267948966,1.5707963267948966,1.5707963267948966,2.356194490192345,4.71238898038469,0.0,0.0,3.141592653589793,4.71238898038469,1.9634954084936207,0.0,6.283185307179586,0.0
3.141592653589793,3.141592653589793,0.0,4.71238898038469,3.141592653589793,3.141592653589793,3.141592653589793,4.71238898038469,3.141592653589793,0.0,3.141592653589793,1.5707963267948966,1.5707963267948966,1.5707963267948966,2.356194490192345,4.71238898038469,0.0,0.0,3.141592653589793,4.71238898038469,1.5707963267948966,0.39269908169872414,6.283185307179586,0.0
3.141592653589793,3.141592653589793,0.0,4.71238898038469,3.141592653589793,3.141592653589793,3.141592653589793,4.71238898038469,3.141592653589793,0.0,3.141592653589793,1.5707963267948966,1.5707963267948966,1.5707963267948966,2.356194490192345,4.71238898038469,0.0,0.0,3.141592653589793,4.71238898038469,1.5707963267948966,0.0,6.283185307179586,0.39269908169872414
2.748893571891069,3.141592653589793,0.0,4.71238898038469,3.141592653589793,3.141592653589793,3.141592653589793,4.71238898038469,3.141592653589793,0.0,3.141592653589793,1.5707963267948966,1.5707963267948966,1.5707963267948966,2.356194490192345,4.71238898038469,0.0,0.0,3.141592653589793,4.71238898038469,1.5707963267948966,0.0,6.283185307179586,0.0
3.141592653589793,2.748893571891069,0.0,4.71238898038469,3.141592653589793,3.141592653589793,3.141592653589793,4.71238898038469,3.141592653589793,0.0,3.141592653589793,1.5707963267948966,1.5707963267948966,1.5707963267948966,2.356194490192345,4.71238898038469,0.0,0.0,3.141592653589793,4.71238898038469,1.5707963267948966,0.0,6.283185307179586,0.0
3.141592653589793,3.141592653589793,0.0,4.319689898685965,3.141592653589793,3.141592653589793,3.141592653589793,4.71238898038469,3.141592653589793,0.0,3.141592653589793,1.5707963267948966,1.5707963267948966,1.5707963267948966,2.356194490192345,4.71238898038469,0.0,0.0,3.141592653589793,4.71238898038469,1.5707963267948966,0.0,6.283185307179586,0.0
3.141592653589793,3.141592653589793,0.0,4.71238898038469,2.748893571891069,3.141592653589793,3.141592653589793,4.71238898038469,3.141592653589793,0.0,3.141592653589793,1.5707963267948966,1.5707963267948966,1.5707963267948966,2.356194490192345,4.71238898038469,0.0,0.0,3.141592653589793,4.71238898038469,1.5707963267948966,0.0,6.283185307179586,0.0
3.141592653589793,3.141592653589793,0.0,4.71238898038469,3.141592653589793,2.748893571891069,3.141592653589793,4.71238898038469,3.141592653589793,0.0,3.141592653589793,1.5707963267948966,1.5707963267948966,1.5707963267948966,2.356194490192345,4.71238898038469,0.0,0.0,3.141592653589793,4.71238898038469,1.5707963267948966,0.0,6.283185307179586,0.0
3.141592653589793,3.141592653589793,0.0,4.71238898038469,3.141592653589793,3.141592653589793,2.748893571891069,4.71238898038469,3.141592653589793,0.0,3.141592653589793,1.5707963267948966,1.5707963267948966,1.5707963267948966,2.356194490192345,4.71238898038469,0.0,0.0,3.141592653589793,4.71238898038469,1.5707963267948966,0.0,6.283185307179586,0.0
3.141592653589793,3.141592653589793,0.0,4.71238898038469,3.141592653589793,3.141592653589793,3.141592653589793,4.319689898685965,3.141592653589793,0.0,3.141592653589793,1.5707963267948966,1.5707963267948966,1.5707963267948966,2.356194490192345,4.71238898038469,0.0,0.0,3.141592653589793,4.71238898038469,1.5707963267948966,0.0,6.283185307179586,0.0
3.141592653589793,3.141592653589793,0.0,4.71238898038469,3.141592653589793,3.141592653589793,3.141592653589793,4.71238898038469,2.748893571891069,0.0,3.141592653589793,1.5707963267948966,1.5707963267948966,1.5707963267948966,2.356194490192345,4.71238898038469,0.0,0.0,3.141592653589793,4.71238898038469,1.5707963267948966,0.0,6.283185307179586,0.0
3.141592653589793,3.141592653589793,0.0,4.71238898038469,3.141592653589793,3.141592653589793,3.141592653589793,4.71238898038469,3.141592653589793,0.0,2.748893571891069,1.5707963267948966,1.5707963267948966,1.5707963267948966,2.356194490192345,4.71238898038469,0.0,0.0,3.141592653589793,4.71238898038469,1.5707963267948966,0.0,6.283185307179586,0.0
3.141592653589793,3.141592653589793,0.0,4.71238898038469,3.141592653589793,3.141592653589793,3.141592653589793,4.71238898038469,3.141592653589793,0.0,3.141592653589793,1.1780972450961724,1.5707963267948966,1.5707963267948966,2.356194490192345,4.71238898038469,0.0,0.0,3.141592653589793,4.71238898038469,1.5707963267948966,0.0,6.283185307179586,0.0
3.141592653589793,3.141592653589793,0.0,4.71238898038469,3.141592653589793,3.141592653589793,3.141592653589793,4.71238898038469,3.141592653589793,0.0,3.141592653589793,1.5707963267948966,1.1780972450961724,1.5707963267948966,2.356194490192345,4.71238898038469,0.0,0.0,3.141592653589793,4.71238898038469,1.5707963267948966,0.0,6.283185307179586,0.0
3.141592653589793,3.141592653589793,0.0,4.71238898038469,3.141592653589793,3.141592653589793,3.141592653589793,4.71238898038469,3.141592653589793,0.0,3.141592653589793,1.5707963267948966,1.5707963267948966,1.1780972450961724,2.356194490192345,4.71238898038469,0.0,0.0,3.141592653589793,4.71238898038469,1.5707963267948966,0.0,6.283185307179586,0.0
3.141592653589793,3.141592653589793,0.0,4.71238898038469,3.141592653589793,3.141592653589793,3.141592653589793,4.71238898038469,3.141592653589793,0.0,3.141592653589793,1.5707963267948966,1.5707963267948966,1.5707963267948966,1.9634954084936207,4.71238898038469,0.0,0.0,3.141592653589793,4.71238898038469,1.5707963267948966,0.0,6.283185307179586,0.0
3.141592653589793,3.141592653589793,0.0,4.71238898038469,3.141592653589793,3.141592653589793,3.141592653589793,4.71238898038469,3.141592653589793,0.0,3.141592653589793,1.5707963267948966,1.5707963267948966,1.5707963267948966,2.356194490192345,4.319689898685965,0.0,0.0,3.141592653589793,4.71238898038469,1.5707963267948966,0.0,6.283185307179586,0.0
3.141592653589793,3.141592653589793,0.0,4.71238898038469,3.141592653589793,3.141592653589793,3.141592653589793,4.71238898038469,3.141592653589793,0.0,3.141592653589793,1.5707963267948966,1.5707963267948966,1.5707963267948966,2.356194490192345,4.71238898038469,0.0,0.0,2.748893571891069,4.71238898038469,1.5707963267948966,0.0,6.283185307179586,0.0
3.141592653589793,3.141592653589793,0.0,4.71238898038469,3.141592653589793,3.141592653589793,3.141592653589793,4.71238898038469,3.141592653589793,0.0,3.141592653589793,1.5707963267948966,1.5707963267948966,1.5707963267948966,2.356194490192345,4.71238898038469,0.0,0.0,3.141592653589793,4.319689898685965,1.5707963267948966,0.0,6.283185307179586,0.0
3.141592653589793,3.141592653589793,0.0,4.71238898038469,3.141592653589793,3.141592653589793,3.141592653589793,4.71238898038469,3.141592653589793,0.0,3.141592653589793,1.5707963267948966,1.5707963267948966,1.5707963267948966,2.356194490192345,4.71238898038469,0.0,0.0,3.141592653589793,4.71238898038469,1.1780972450961724,0.0,6.283185307179586,0.0
3.141592653589793,3.141592653589793,0.0,4.71238898038469,3.141592653589793,3.141592653589793,3.141592653589793,4.71238898038469,3.141592653589793,0.0,3.141592653589793,1.5707963267948966,1.5707963267948966,1.5707963267948966,2.356194490192345,4.71238898038469,0.0,0.0,3.141592653589793,4.71238898038469,1.5707963267948966,0.0,5.890486225480862,0.0
3.3379421944391554,3.141592653589793,0.0,4.71238898038469,3.141592653589793,3.141592653589793,3.141592653589793,4.71238898038469,3.141592653589793,0.0,3.141592653589793,1.5707963267948966,1.5707963267948966,1.5707963267948966,2.356194490192345,4.71238898038469,0.0,0.0,3.141592653589793,4.71238898038469,1.5707963267948966,0.0,6.283185307179586,0.0
3.141592653589793,3.3379421944391554,0.0,4.71238898038469,3.141592653589793,3.141592653589793,3.141592653589793,4.71238898038469,3.141592653589793,0.0,3.141592653589793,1.5707963267948966,1.5707963267948966,1.5707963267948966,2.356194490192345,4.71238898038469,0.0,0.0,3.141592653589793,4.71238898038469,1.5707963267948966,0.0,6.283185307179586,0.0
3.141592653589793,3.141592653589793,0.19634954084936207,4.71238898038469,3.141592653589793,3.141592653589793,3.141592653589793,4.71238898038469,3.141592653589793,0.0,3.141592653589793,1.5707963267948966,1.5707963267948966,1.5707963267948966,2.356194490192345,4.71238898038469,0.0,0.0,3.141592653589793,4.71238898038469,1.5707963267948966,0.0,6.283185307179586,0.0
3.141592653589793,3.141592653589793,0.0,4.908738521234052,3.141592653589793,3.141592653589793,3.141592653589793,4.71238898038469,3.141592653589793,0.0,3.141592653589793,1.5707963267948966,1.5707963267948966,1.5707963267948966,2.356194490192345,4.71238898038469,0.0,0.0,3.141592653589793,4.71238898038469,1.5707963267948966,0.0,6.283185307179586,0.0
3.141592653589793,3.141592653589793,0.0,4.71238898038469,3.3379421944391554,3.141592653589793,3.141592653589793,4.71238898038469,3.141592653589793,0.0,3.141592653589793,1.5707963267948966,1.5707963267948966,1.5707963267948966,2.356194490192345,4.71238898038469,0.0,0.0,3.141592653589793,4.71238898038469,1.5707963267948966,0.0,6.283185307179586,0.0
3.141592653589793,3.141592653589793,0.0,4.71238898038469,3.141592653589793,3.3379421944391554,3.141592653589793,4.71238898038469,3.141592653589793,0.0,3.141592653589793,1.5707963267948966,1.5707963267948966,1.5707963267948966,2.356194490192345,4.71238898038469,0.0,0.0,3.141592653589793,4.71238898038469,1.5707963267948966,0.0,6.283185307179586,0.0
3.141592653589793,3.141592653589793,0.0,4.71238898038469,3.141592653589793,3.141592653589793,3.3379421944391554,4.71238898038469,3.141592653589793,0.0,3.141592653589793,1.5707963267948966,1.5707963267948966,1.5707963267948966,2.356194490192345,4.71238898038469,0.0,0.0,3.141592653589793,4.71238898038469,1.5707963267948966,0.0,6.283185307179586,0.0
3.141592653589793,3.141592653589793,0.0,4.71238898038469,3.141592653589793,3.141592653589793,3.141592653589793,4.908738521234052,3.141592653589793,0.0,3.141592653589793,1.5707963267948966,1.5707963267948966,1.5707963267948966,2.356194490192345,4.71238898038469,0.0,0.0,3.141592653589793,4.71238898038469,1.5707963267948966,0.0,6.283185307179586,0.0
3.141592653589793,3.141592653589793,0.0,4.71238898038469,3.141592653589793,3.141592653589793,3.141592653589793,4.71238898038469,3.3379421944391554,0.0,3.141592653589793,1.5707963267948966,1.5707963267948966,1.5707963267948966,2.356194490192345,4.71238898038469,0.0,0.0,3.141592653589793,4.71238898038469,1.5707963267948966,0.0,6.283185307179586,0.0
3.141592653589793,3.141592653589793,0.0,4.71238898038469,3.141592653589793,3.141592653589793,3.141592653589793,4.71238898038469,3.141592653589793,0.19634954084936207,3.141592653589793,1.5707963267948966,1.5707963267948966,1.5707963267948966,2.356194490192345,4.71238898038469,0.0,0.0,3.141592653589793,4.71238898038469,1.5707963267948966,0.0,6.283185307179586,0.0
3.141592653589793,3.141592653589793,0.0,4.71238898038469,3.141592653589793,3.141592653589793,3.141592653589793,4.71238898038469,3.141592653589793,0.0,3.3379421944391554,1.5707963267948966,1.5707963267948966,1.5707963267948966,2.356194490192345,4.71238898038469,0.0,0.0,3.141592653589793,4.71238898038469,1.5707963267948966,0.0,6.283185307179586,0.0
3.141592653589793,3.141592653589793,0.0,4.71238898038469,3.141592653589793,3.141592653589793,3.141592653589793,4.71238898038469,3.141592653589793,0.0,3.141592653589793,1.7671458676442586,1.5707963267948966,1.5707963267948966,2.356194490192345,4.71238898038469,0.0,0.0,3.141592653589793,4.71238898038469,1.5707963267948966,0.0,6.283185307179586,0.0
3.141592653589793,3.141592653589793,0.0,4.71238898038469,3.141592653589793,3.141592653589793,3.141592653589793,4.71238898038469,3.141592653589793,0.0,3.141592653589793,1.5707963267948966,1.7671458676442586,1.5707963267948966,2.356194490192345,4.71238898038469,0.0,0.0,3.141592653589793,4.71238898038469,1.5707963267948966,0.0,6.283185307179586,0.0
3.141592653589793,3.141592653589793,0.0,4.71238898038469,3.141592653589793,3.141592653589793,3.141592653589793,4.71238898038469,3.141592653589793,0.0,3.141592653589793,1.5707963267948966,1.5707963267948966,1.7671458676442586,2.356194490192345,4.71238898038469,0.0,0.0,3.141592653589793,4.71238898038469,1.5707963267948966,0.0,6.283185307179586,0.0
3.141592653589793,3.141592653589793,0.0,4.71238898038469,3.141592653589793,3.141592653589793,3.141592653589793,4.71238898038469,3.141592653589793,0.0,3.141592653589793,1.5707963267948966,1.5707963267948966,1.5707963267948966,2.552544031041707,4.71238898038469,0.0,0.0,3.141592653589793,4.71238898038469,1.5707963267948966,0.0,6.283185307179586,0.0
3.141592653589793,3.141592653589793,0.0,4.71238898038469,3.141592653589793,3.141592653589793,3.141592653589793,4.71238898038469,3.141592653589793,0.0,3.141592653589793,1.5707963267948966,1.5707963267948966,1.5707963267948966,2.356194490192345,4.908738521234052,0.0,0.0,3.141592653589793,4.71238898038469,1.5707963267948966,0.0,6.283185307179586,0.0
3.141592653589793,3.141592653589793,0.0,4.71238898038469,3.141592653589793,3.141592653589793,3.141592653589793,4.71238898038469,3.141592653589793,0.0,3.141592653589793,1.5707963267948966,1.5707963267948966,1.5707963267948966,2.356194490192345,4.71238898038469,0.19634954084936207,0.0,3.141592653589793,4.71238898038469,1.5707963267948966,0.0,6.283185307179586,0.0
3.141592653589793,3.141592653589793,0.0,4.71238898038469,3.141592653589793,3.141592653589793,3.141592653589793,4.71238898038469,3.141592653589793,0.0,3.141592653589793,1.5707963267948966,1.5707963267948966,1.5707963267948966,2.356194490192345,4.71238898038469,0.0,0.19634954084936207,3.141592653589793,4.71238898038469,1.5707963267948966,0.0,6.283185307179586,0.0
3.141592653589793,3.141592653589793,0.0,4.71238898038469,3.141592653589793,3.141592653589793,3.141592653589793,4.71238898038469,3.141592653589793,0.0,3.141592653589793,1.5707963267948966,1.5707963267948966,1.5707963267948966,2.356194490192345,4.71238898038469,0.0,0.0,3.3379421944391554,4.71238898038469,1.5707963267948966,0.0,6.283185307179586,0.0
3.141592653589793,3.141592653589793,0.0,4.71238898038469,3.141592653589793,3.141592653589793,3.141592653589793,4.71238898038469,3.141592653589793,0.0,3.141592653589793,1.5707963267948966,1.5707963267948966,1.5707963267948966,2.356194490192345,4.71238898038469,0.0,0.0,3.141592653589793,4.908738521234052,1.5707963267948966,0.0,6.283185307179586,0.0
3.141592653589793,3.141592653589793,0.0,4.71238898038469,3.141592653589793,3.141592653589793,3.141592653589793,4.71238898038469,3.141592653589793,0.0,3.141592653589793,1.5707963267948966,1.5707963267948966,1.5707963267948966,2.356194490192345,4.71238898038469,0.0,0.0,3.141592653589793,4.71238898038469,1.7671458676442586,0.0,6.283185307179586,0.0
3.141592653589793,3.141592653589793,0.0,4.71238898038469,3.141592653589793,3.141592653589793,3.141592653589793,4.71238898038469,3.141592653589793,0.0,3.141592653589793,1.5707963267948966,1.5707963267948966,1.5707963267948966,2.356194490192345,4.71238898038469,0.0,0.0,3.141592653589793,4.71238898038469,1.5707963267948966,0.19634954084936207,6.283185307179586,0.0
3.141592653589793,3.141592653589793,0.0,4.71238898038469,3.141592653589793,3.141592653589793,3.141592653589793,4.71238898038469,3.141592653589793,0.0,3.141592653589793,1.5707963267948966,1.5707963267948966,1.5707963267948966,2.356194490192345,4.71238898038469,0.0,0.0,3.141592653589793,4.71238898038469,1.5707963267948966,0.0,6.283185307179586,0.19634954084936207
2.945243112740431,3.141592653589793,0.0,4.71238898038469,3.141592653589793,3.141592653589793,3.141592653589793,4.71238898038469,3.141592653589793,0.0,3.141592653589793,1.5707963267948966,1.5707963267948966,1.5707963267948966,2.356194490192345,4.71238898038469,0.0,0.0,3.141592653589793,4.71238898038469,1.5707963267948966,0.0,6.283185307179586,0.0
3.141592653589793,2.945243112740431,0.0,4.71238898038469,3.141592653589793,3.141592653589793,3.141592653589793,4.71238898038469,3.141592653589793,0.0,3.141592653589793,1.5707963267948966,1.5707963267948966,1.5707963267948966,2.356194490192345,4.71238898038469,0.0,0.0,3.141592653589793,4.71238898038469,1.5707963267948966,0.0,6.283185307179586,0.0
3.141592653589793,3.141592653589793,0.0,4.516039439535327,3.141592653589793,3.141592653589793,3.141592653589793,4.71238898038469,3.141592653589793,0.0,3.141592653589793,1.5707963267948966,1.5707963267948966,1.5707963267948966,2.356194490192345,4.71238898038469,0.0,0.0,3.141592653589793,4.71238898038469,1.5707963267948966,0.0,6.283185307179586,0.0
3.141592653589793,3.141592653589793,0.0,4.71238898038469,2.945243112740431,3.141592653589793,3.141592653589793,4.71238898038469,3.141592653589793,0.0,3.141592653589793,1.5707963267948966,1.5707963267948966,1.5707963267948966,2.356194490192345,4.71238898038469,0.0,0.0,3.141592653589793,4.71238898038469,1.5707963267948966,0.0,6.283185307179586,0.0
3.141592653589793,3.141592653589793,0.0,4.71238898038469,3.141592653589793,2.945243112740431,3.141592653589793,4.71238898038469,3.141592653589793,0.0,3.141592653589793,1.5707963267948966,1.5707963267948966,1.5707963267948966,2.356194490192345,4.71238898038469,0.0,0.0,3.141592653589793,4.71238898038469,1.5707963267948966,0.0,6.283185307179586,0.0
3.141592653589793,3.141592653589793,0.0,4.71238898038469,3.141592653589793,3.141592653589793,2.945243112740431,4.71238898038469,3.141592653589793,0.0,3.141592653589793,1.5707963267948966,1.5707963267948966,1.5707963267948966,2.356194490192345,4.71238898038469,0.0,0.0,3.141592653589793,4.71238898038469,1.5707963267948966,0.0,6.283185307179586,0.0
3.141592653589793,3.141592653589793,0.0,4.71238898038469,3.141592653589793,3.141592653589793,3.141592653589793,4.516039439535327,3.141592653589793,0.0,3.141592653589793,1.5707963267948966,1.5707963267948966,1.5707963267948966,2.356194490192345,4.71238898038469,0.0,0.0,3.141592653589793,4.71238898038469,1.5707963267948966,0.0,6.283185307179586,0.0
3.141592653589793,3.141592653589793,0.0,4.71238898038469,3.141592653589793,3.141592653589793,3.141592653589793,4.71238898038469,2.945243112740431,0.0,3.141592653589793,1.5707963267948966,1.5707963267948966,1.5707963267948966,2.356194490192345,4.71238898038469,0.0,0.0,3.141592653589793,4.71238898038469,1.5707963267948966,0.0,6.283185307179586,0.0
3.141592653589793,3.141592653589793,0.0,4.71238898038469,3.141592653589793,3.141592653589793,3.141592653589793,4.71238898038469,3.141592653589793,0.0,2.945243112740431,1.5707963267948966,1.5707963267948966,1.5707963267948966,2.356194490192345,4.71238898038469,0.0,0.0,3.141592653589793,4.71238898038469,1.5707963267948966,0.0,6.283185307179586,0.0
3.141592653589793,3.141592653589793,0.0,4.71238898038469,3.141592653589793,3.141592653589793,3.141592653589793,4.71238898038469,3.141592653589793,0.0,3.141592653589793,1.3744467859455345,1.5707963267948966,1.5707963267948966,2.356194490192345,4.71238898038469,0.0,0.0,3.141592653589793,4.71238898038469,1.5707963267948966,0.0,6.283185307179586,0.0
3.141592653589793,3.141592653589793,0.0,4.71238898038469,3.141592653589793,3.141592653589793,3.141592653589793,4.71238898038469,3.141592653589793,0.0,3.141592653589793,1.5707963267948966,1.3744467859455345,1.5707963267948966,2.356194490192345,4.71238898038469,0.0,0.0,3.141592653589793,4.71238898038469,1.5707963267948966,0.0,6.283185307179586,0.0
3.141592653589793,3.141592653589793,0.0,4.71238898038469,3.141592653589793,3.141592653589793,3.141592653589793,4.71238898038469,3.141592653589793,0.0,3.141592653589793,1.5707963267948966,1.5707963267948966,1.3744467859455345,2.356194490192345,4.71238898038469,0.0,0.0,3.141592653589793,4.71238898038469,1.5707963267948966,0.0,6.283185307179586,0.0
3.141592653589793,3.141592653589793,0.0,4.71238898038469,3.141592653589793,3.141592653589793,3.141592653589793,4.71238898038469,3.141592653589793,0.0,3.141592653589793,1.5707963267948966,1.5707963267948966,1.5707963267948966,2.1598449493429825,4.71238898038469,0.0,0.0,3.141592653589793,4.71238898038469,1.5707963267948966,0.0,6.283185307179586,0.0
3.141592653589793,3.141592653589793,0.0,4.71238898038469,3.141592653589793,3.141592653589793,3.141592653589793,4.71238898038469,3.141592653589793,0.0,3.141592653589793,1.5707963267948966,1.5707963267948966,1.5707963267948966,2.356194490192345,4.516039439535327,0.0,0.0,3.141592653589793,4.71238898038469,1.5707963267948966,0.0,6.283185307179586,0.0
3.141592653589793,3.141592653589793,0.0,4.71238898038469,3.141592653589793,3.141592653589793,3.141592653589793,4.71238898038469,3.141592653589793,0.0,3.141592653589793,1.5707963267948966,1.5707963267948966,1.5707963267948966,2.356194490192345,4.71238898038469,0.0,0.0,2.945243112740431,4.71238898038469,1.5707963267948966,0.0,6.283185307179586,0.0
3.141592653589793,3.141592653589793,0.0,4.71238898038469,3.141592653589793,3.141592653589793,3.141592653589793,4.71238898038469,3.141592653589793,0.0,3.141592653589793,1.5707963267948966,1.5707963267948966,1.5707963267948966,2.356194490192345,4.71238898038469,0.0,0.0,3.141592653589793,4.516039439535327,1.5707963267948966,0.0,6.283185307179586,0.0
3.141592653589793,3.141592653589793,0.0,4.71238898038469,3.141592653589793,3.141592653589793,3.141592653589793,4.71238898038469,3.141592653589793,0.0,3.141592653589793,1.5707963267948966,1.5707963267948966,1.5707963267948966,2.356194490192345,4.71238898038469,0.0,0.0,3.141592653589793,4.71238898038469,1.3744467859455345,0.0,6.283185307179586,0.0
3.141592653589793,3.141592653589793,0.0,4.71238898038469,3.141592653589793,3.141592653589793,3.141592653589793,4.71238898038469,3.141592653589793,0.0,3.141592653589793,1.5707963267948966,1.5707963267948966,1.5707963267948966,2.356194490192345,4.71238898038469,0.0,0.0,3.141592653589793,4.71238898038469,1.5707963267948966,0.0,6.086835766330224,0.0
3.2397674240144743,3.141592653589793,0.0,4.71238898038469,3.141592653589793,3.141592653589793,3.141592653589793,4.71238898038469,3.141592653589793,0.0,3.141592653589793,1.5707963267948966,1.5707963267948966,1.5707963267948966,2.356194490192345,4.71238898038469,0.0,0.0,3.141592653589793,4.71238898038469,1.5707963267948966,0.0,6.283185307179586,0.0
3.141592653589793,3.2397674240144743,0.0,4.71238898038469,3.141592653589793,3.141592653589793,3.141592653589793,4.71238898038469,3.141592653589793,0.0,3.141592653589793,1.5707963267948966,1.5707963267948966,1.5707963267948966,2.356194490192345,4.71238898038469,0.0,0.0,3.141592653589793,4.71238898038469,1.5707963267948966,0.0,6.283185307179586,0.0
3.141592653589793,3.141592653589793,0.09817477042468103,4.71238898038469,3.141592653589793,3.141592653589793,3.141592653589793,4.71238898038469,3.141592653589793,0.0,3.141592653589793,1.5707963267948966,1.5707963267948966,1.5707963267948966,2.356194490192345,4.71238898038469,0.0,0.0,3.141592653589793,4.71238898038469,1.5707963267948966,0.0,6.283185307179586,0.0
3.141592653589793,3.141592653589793,0.0,4.81056375080937,3.141592653589793,3.141592653589793,3.141592653589793,4.71238898038469,3.141592653589793,0.0,3.141592653589793,1.5707963267948966,1.5707963267948966,1.5707963267948966,2.356194490192345,4.71238898038469,0.0,0.0,3.141592653589793,4.71238898038469,1.5707963267948966,0.0,6.283185307179586,0.0
3.141592653589793,3.141592653589793,0.0,4.71238898038469,3.2397674240144743,3.141592653589793,3.141592653589793,4.71238898038469,3.141592653589793,0.0,3.141592653589793,1.5707963267948966,1.5707963267948966,1.5707963267948966,2.356194490192345,4.71238898038469,0.0,0.0,3.141592653589793,4.71238898038469,1.5707963267948966,0.0,6.283185307179586,0.0
3.141592653589793,3.141592653589793,0.0,4.71238898038469,3.141592653589793,3.2397674240144743,3.141592653589793,4.71238898038469,3.141592653589793,0.0,3.141592653589793,1.5707963267948966,1.5707963267948966,1.5707963267948966,2.356194490192345,4.71238898038469,0.0,0.0,3.141592653589793,4.71238898038469,1.5707963267948966,0.0,6.283185307179586,0.0
3.141592653589793,3.141592653589793,0.0,4.71238898038469,3.141592653589793,3.141592653589793,3.2397674240144743,4.71238898038469,3.141592653589793,0.0,3.141592653589793,1.5707963267948966,1.5707963267948966,1.5707963267948966,2.356194490192345,4.71238898038469,0.0,0.0,3.141592653589793,4.71238898038469,1.5707963267948966,0.0,6.283185307179586,0.0
3.141592653589793,3.141592653589793,0.0,4.71238898038469,3.141592653589793,3.141592653589793,3.141592653589793,4.81056375080937,3.141592653589793,0.0,3.141592653589793,1.5707963267948966,1.5707963267948966,1.5707963267948966,2.356194490192345,4.71238898038469,0.0,0.0,3.141592653589793,4.71238898038469,1.5707963267948966,0.0,6.283185307179586,0.0
3.141592653589793,3.141592653589793,0.0,4.71238898038469,3.141592653589793,3.141592653589793,3.141592653589793,4.71238898038469,3.2397674240144743,0.0,3.141592653589793,1.5707963267948966,1.5707963267948966,1.5707963267948966,2.356194490192345,4.71238898038469,0.0,0.0,3.141592653589793,4.71238898038469,1.5707963267948966,0.0,6.283185307179586,0.0
3.141592653589793,3.141592653589793,0.0,4.71238898038469,3.141592653589793,3.141592653589793,3.141592653589793,4.71238898038469,3.141592653589793,0.09817477042468103,3.141592653589793,1.5707963267948966,1.5707963267948966,1.5707963267948966,2.356194490192345,4.71238898038469,0.0,0.0,3.141592653589793,4.71238898038469,1.5707963267948966,0.0,6.283185307179586,0.0
3.141592653589793,3.141592653589793,0.0,4.71238898038469,3.141592653589793,3.141592653589793,3.141592653589793,4.71238898038469,3.141592653589793,0.0,3.2397674240144743,1.5707963267948966,1.5707963267948966,1.5707963267948966,2.356194490192345,4.71238898038469,0.0,0.0,3.141592653589793,4.71238898038469,1.5707963267948966,0.0,6.283185307179586,0.0
3.141592653589793,3.141592653589793,0.0,4.71238898038469,3.141592653589793,3.141592653589793,3.141592653589793,4.71238898038469,3.141592653589793,0.0,3.141592653589793,1.6689710972195777,1.5707963267948966,1.5707963267948966,2.356194490192345,4.71238898038469,0.0,0.0,3.141592653589793,4.71238898038469,1.5707963267948966,0.0,6.283185307179586,0.0
3.141592653589793,3.141592653589793,0.0,4.71238898038469,3.141592653589793,3.141592653589793,3.141592653589793,4.71238898038469,3.141592653589793,0.0,3.141592653589793,1.5707963267948966,1.6689710972195777,1.5707963267948966,2.356194490192345,4.71238898038469,0.0,0.0,3.141592653589793,4.71238898038469,1.5707963267948966,0.0,6.283185307179586,0.0
3.141592653589793,3.141592653589793,0.0,4.71238898038469,3.141592653589793,3.141592653589793,3.141592653589793,4.71238898038469,3.141592653589793,0.0,3.141592653589793,1.5707963267948966,1.5707963267948966,1.6689710972195777,2.356194490192345,4.71238898038469,0.0,0.0,3.141592653589793,4.71238898038469,1.5707963267948966,0.0,6.283185307179586,0.0
3.141592653589793,3.141592653589793,0.0,4.71238898038469,3.141592653589793,3.141592653589793,3.141592653589793,4.71238898038469,3.141592653589793,0.0,3.141592653589793,1.5707963267948966,1.5707963267948966,1.5707963267948966,2.454369260617026,4.71238898038469,0.0,0.0,3.141592653589793,4.71238898038469,1.5707963267948966,0.0,6.283185307179586,0.0
3.141592653589793,3.141592653589793,0.0,4.71238898038469,3.141592653589793,3.141592653589793,3.141592653589793,4.71238898038469,3.141592653589793,0.0,3.141592653589793,1.5707963267948966,1.5707963267948966,1.5707963267948966,2.356194490192345,4.81056375080937,0.0,0.0,3.141592653589793,4.71238898038469,1.5707963267948966,0.0,6.283185307179586,0.0
3.141592653589793,3.141592653589793,0.0,4.71238898038469,3.141592653589793,3.141592653589793,3.141592653589793,4.71238898038469,3.141592653589793,0.0,3.141592653589793,1.5707963267948966,1.5707963267948966,1.5707963267948966,2.356194490192345,4.71238898038469,0.09817477042468103,0.0,3.141592653589793,4.71238898038469,1.5707963267948966,0.0,6.283185307179586,0.0
3.141592653589793,3.141592653589793,0.0,4.71238898038469,3.141592653589793,3.141592653589793,3.141592653589793,4.71238898038469,3.141592653589793,0.0,3.141592653589793,1.5707963267948966,1.5707963267948966,1.5707963267948966,2.356194490192345,4.71238898038469,0.0,0.09817477042468103,3.141592653589793,4.71238898038469,1.5707963267948966,0.0,6.283185307179586,0.0
3.141592653589793,3.141592653589793,0.0,4.71238898038469,3.141592653589793,3.141592653589793,3.141592653589793,4.71238898038469,3.141592653589793,0.0,3.141592653589793,1.5707963267948966,1.5707963267948966,1.5707963267948966,2.356194490192345,4.71238898038469,0.0,0.0,3.2397674240144743,4.71238898038469,1.5707963267948966,0.0,6.283185307179586,0.0
3.141592653589793,3.141592653589793,0.0,4.71238898038469,3.141592653589793,3.141592653589793,3.141592653589793,4.71238898038469,3.141592653589793,0.0,3.141592653589793,1.5707963267948966,1.5707963267948966,1.5707963267948966,2.356194490192345,4.71238898038469,0.0,0.0,3.141592653589793,4.81056375080937,1.5707963267948966,0.0,6.283185307179586,0.0
3.141592653589793,3.141592653589793,0.0,4.71238898038469,3.141592653589793,3.141592653589793,3.141592653589793,4.71238898038469,3.141592653589793,0.0,3.141592653589793,1.5707963267948966,1.5707963267948966,1.5707963267948966,2.356194490192345,4.71238898038469,0.0,0.0,3.141592653589793,4.71238898038469,1.6689710972195777,0.0,6.283185307179586,0.0
3.141592653589793,3.141592653589793,0.0,4.71238898038469,3.141592653589793,3.141592653589793,3.141592653589793,4.71238898038469,3.141592653589793,0.0,3.141592653589793,1.5707963267948966,1.5707963267948966,1.5707963267948966,2.356194490192345,4.71238898038469,0.0,0.0,3.141592653589793,4.71238898038469,1.5707963267948966,0.09817477042468103,6.283185307179586,0.0
3.141592653589793,3.141592653589793,0.0,4.71238898038469,3.141592653589793,3.141592653589793,3.141592653589793,4.71238898038469,3.141592653589793,0.0,3.141592653589793,1.5707963267948966,1.5707963267948966,1.5707963267948966,2.356194490192345,4.71238898038469,0.0,0.0,3.141592653589793,4.71238898038469,1.5707963267948966,0.0,6.283185307179586,0.09817477042468103
3.043417883165112,3.141592653589793,0.0,4.71238898038469,3.141592653589793,3.141592653589793,3.141592653589793,4.71238898038469,3.141592653589793,0.0,3.141592653589793,1.5707963267948966,1.5707963267948966,1.5707963267948966,2.356194490192345,4.71238898038469,0.0,0.0,3.141592653589793,4.71238898038469,1.5707963267948966,0.0,6.283185307179586,0.0
3.141592653589793,3.043417883165112,0.0,4.71238898038469,3.141592653589793,3.141592653589793,3.141592653589793,4.71238898038469,3.141592653589793,0.0,3.141592653589793,1.5707963267948966,1.5707963267948966,1.5707963267948966,2.356194490192345,4.71238898038469,0.0,0.0,3.141592653589793,4.71238898038469,1.5707963267948966,0.0,6.283185307179586,0.0
3.141592653589793,3.141592653589793,0.0,4.614214209960009,3.141592653589793,3.141592653589793,3.141592653589793,4.71238898038469,3.141592653589793,0.0,3.141592653589793,1.5707963267948966,1.5707963267948966,1.5707963267948966,2.356194490192345,4.71238898038469,0.0,0.0,3.141592653589793,4.71238898038469,1.5707963267948966,0.0,6.283185307179586,0.0
3.141592653589793,3.141592653589793,0.0,4.71238898038469,3.043417883165112,3.141592653589793,3.141592653589793,4.71238898038469,3.141592653589793,0.0,3.141592653589793,1.5707963267948966,1.5707963267948966,1.5707963267948966,2.356194490192345,4.71238898038469,0.0,0.0,3.141592653589793,4.71238898038469,1.5707963267948966,0.0,6.283185307179586,0.0
3.141592653589793,3.141592653589793,0.0,4.71238898038469,3.141592653589793,3.043417883165112,3.141592653589793,4.71238898038469,3.141592653589793,0.0,3.141592653589793,1.5707963267948966,1.5707963267948966,1.5707963267948966,2.356194490192345,4.71238898038469,0.0,0.0,3.141592653589793,4.71238898038469,1.5707963267948966,0.0,6.283185307179586,0.0
3.141592653589793,3.141592653589793,0.0,4.71238898038469,3.141592653589793,3.141592653589793,3.043417883165112,4.71238898038469,3.141592653589793,0.0,3.141592653589793,1.5707963267948966,1.5707963267948966,1.5707963267948966,2.356194490192345,4.71238898038469,0.0,0.0,3.141592653589793,4.71238898038469,1.5707963267948966,0.0,6.283185307179586,0.0
3.141592653589793,3.141592653589793,0.0,4.71238898038469,3.141592653589793,3.141592653589793,3.141592653589793,4.614214209960009,3.141592653589793,0.0,3.141592653589793,1.5707963267948966,1.5707963267948966,1.5707963267948966,2.356194490192345,4.71238898038469,0.0,0.0,3.141592653589793,4.71238898038469,1.5707963267948966,0.0,6.283185307179586,0.0
3.141592653589793,3.141592653589793,0.0,4.71238898038469,3.141592653589793,3.141592653589793,3.141592653589793,4.71238898038469,3.043417883165112,0.0,3.141592653589793,1.5707963267948966,1.5707963267948966,1.5707963267948966,2.356194490192345,4.71238898038469,0.0,0.0,3.141592653589793,4.71238898038469,1.5707963267948966,0.0,6.283185307179586,0.0
3.141592653589793,3.141592653589793,0.0,4.71238898038469,3.141592653589793,3.141592653589793,3.141592653589793,4.71238898038469,3.141592653589793,0.0,3.043417883165112,1.5707963267948966,1.5707963267948966,1.5707963267948966,2.356194490192345,4.71238898038469,0.0,0.0,3.141592653589793,4.71238898038469,1.5707963267948966,0.0,6.283185307179586,0.0
3.141592653589793,3.141592653589793,0.0,4.71238898038469,3.141592653589793,3.141592653589793,3.141592653589793,4.71238898038469,3.141592653589793,0.0,3.141592653589793,1.4726215563702154,1.5707963267948966,1.5707963267948966,2.356194490192345,4.71238898038469,0.0,0.0,3.141592653589793,4.71238898038469,1.5707963267948966,0.0,6.283185307179586,0.0
3.141592653589793,3.141592653589793,0.0,4.71238898038469,3.141592653589793,3.141592653589793,3.141592653589793,4.71238898038469,3.141592653589793,0.0,3.141592653589793,1.5707963267948966,1.4726215563702154,1.5707963267948966,2.356194490192345,4.71238898038469,0.0,0.0,3.141592653589793,4.71238898038469,1.5707963267948966,0.0,6.283185307179586,0.0
3.141592653589793,3.141592653589793,0.0,4.71238898038469,3.141592653589793,3.141592653589793,3.141592653589793,4.71238898038469,3.141592653589793,0.0,3.141592653589793,1.5707963267948966,1.5707963267948966,1.4726215563702154,2.356194490192345,4.71238898038469,0.0,0.0,3.141592653589793,4.71238898038469,1.5707963267948966,0.0,6.283185307179586,0.0
3.141592653589793,3.141592653589793,0.0,4.71238898038469,3.141592653589793,3.141592653589793,3.141592653589793,4.71238898038469,3.141592653589793,0.0,3.141592653589793,1.5707963267948966,1.5707963267948966,1.5707963267948966,2.2580197197676637,4.71238898038469,0.0,0.0,3.141592653589793,4.71238898038469,1.5707963267948966,0.0,6.283185307179586,0.0
3.141592653589793,3.141592653589793,0.0,4.71238898038469,3.141592653589793,3.141592653589793,3.141592653589793,4.71238898038469,3.141592653589793,0.0,3.141592653589793,1.5707963267948966,1.5707963267948966,1.5707963267948966,2.356194490192345,4.614214209960009,0.0,0.0,3.141592653589793,4.71238898038469,1.5707963267948966,0.0,6.283185307179586,0.0
3.141592653589793,3.141592653589793,0.0,4.71238898038469,3.141592653589793,3.141592653589793,3.141592653589793,4.71238898038469,3.141592653589793,0.0,3.141592653589793,1.5707963267948966,1.5707963267948966,1.5707963267948966,2.356194490192345,4.71238898038469,0.0,0.0,3.043417883165112,4.71238898038469,1.5707963267948966,0.0,6.283185307179586,0.0
3.141592653589793,3.141592653589793,0.0,4.71238898038469,3.141592653589793,3.141592653589793,3.141592653589793,4.71238898038469,3.141592653589793,0.0,3.141592653589793,1.5707963267948966,1.5707963267948966,1.5707963267948966,2.356194490192345,4.71238898038469,0.0,0.0,3.141592653589793,4.614214209960009,1.5707963267948966,0.0,6.283185307179586,0.0
3.141592653589793,3.141592653589793,0.0,4.71238898038469,3.141592653589793,3.141592653589793,3.141592653589793,4.71238898038469,3.141592653589793,0.0,3.141592653589793,1.5707963267948966,1.5707963267948966,1.5707963267948966,2.356194490192345,4.71238898038469,0.0,0.0,3.141592653589793,4.71238898038469,1.4726215563702154,0.0,6.283185307179586,0.0
3.141592653589793,3.141592653589793,0.0,4.71238898038469,3.141592653589793,3.141592653589793,3.141592653589793,4.71238898038469,3.141592653589793,0.0,3.141592653589793,1.5707963267948966,1.5707963267948966,1.5707963267948966,2.356194490192345,4.71238898038469,0.0,0.0,3.141592653589793,4.71238898038469,1.5707963267948966,0.0,6.1850105367549055,0.0
3.1906800388021335,3.141592653589793,0.0,4.71238898038469,3.141592653589793,3.141592653589793,3.141592653589793,4.71238898038469,3.141592653589793,0.0,3.141592653589793,1.5707963267948966,1.5707963267948966,1.5707963267948966,2.356194490192345,4.71238898038469,0.0,0.0,3.141592653589793,4.71238898038469,1.5707963267948966,0.0,6.283185307179586,0.0
3.141592653589793,3.1906800388021335,0.0,4.71238898038469,3.141592653589793,3.141592653589793,3.141592653589793,4.71238898038469,3.141592653589793,0.0,3.141592653589793,1.5707963267948966,1.5707963267948966,1.5707963267948966,2.356194490192345,4.71238898038469,0.0,0.0,3.141592653589793,4.71238898038469,1.5707963267948966,0.0,6.283185307179586,0.0
3.141592653589793,3.141592653589793,0.04908738521234052,4.71238898038469,3.141592653589793,3.141592653589793,3.141592653589793,4.71238898038469,3.141592653589793,0.0,3.141592653589793,1.5707963267948966,1.5707963267948966,1.5707963267948966,2.356194490192345,4.71238898038469,0.0,0.0,3.141592653589793,4.71238898038469,1.5707963267948966,0.0,6.283185307179586,0.0
3.141592653589793,3.141592653589793,0.0,4.76147636559703,3.141592653589793,3.141592653589793,3.141592653589793,4.71238898038469,3.141592653589793,0.0,3.141592653589793,1.5707963267948966,1.5707963267948966,1.5707963267948966,2.356194490192345,4.71238898038469,0.0,0.0,3.141592653589793,4.71238898038469,1.5707963267948966,0.0,6.283185307179586,0.0
3.141592653589793,3.141592653589793,0.0,4.71238898038469,3.1906800388021335,3.141592653589793,3.141592653589793,4.71238898038469,3.141592653589793,0.0,3.141592653589793,1.5707963267948966,1.5707963267948966,1.5707963267948966,2.356194490192345,4.71238898038469,0.0,0.0,3.141592653589793,4.71238898038469,1.5707963267948966,0.0,6.283185307179586,0.0
3.141592653589793,3.141592653589793,0.0,4.71238898038469,3.141592653589793,3.1906800388021335,3.141592653589793,4.71238898038469,3.141592653589793,0.0,3.141592653589793,1.5707963267948966,1.5707963267948966,1.5707963267948966,2.356194490192345,4.71238898038469,0.0,0.0,3.141592653589793,4.71238898038469,1.5707963267948966,0.0,6.283185307179586,0.0
3.141592653589793,3.141592653589793,0.0,4.71238898038469,3.141592653589793,3.141592653589793,3.1906800388021335,4.71238898038469,3.141592653589793,0.0,3.141592653589793,1.5707963267948966,1.5707963267948966,1.5707963267948966,2.356194490192345,4.71238898038469,0.0,0.0,3.141592653589793,4.71238898038469,1.5707963267948966,0.0,6.283185307179586,0.0
3.141592653589793,3.141592653589793,0.0,4.71238898038469,3.141592653589793,3.141592653589793,3.141592653589793,4.76147636559703,3.141592653589793,0.0,3.141592653589793,1.5707963267948966,1.5707963267948966,1.5707963267948966,2.356194490192345,4.71238898038469,0.0,0.0,3.141592653589793,4.71238898038469,1.5707963267948966,0.0,6.283185307179586,0.0
3.141592653589793,3.141592653589793,0.0,4.71238898038469,3.141592653589793,3.141592653589793,3.141592653589793,4.71238898038469,3.1906800388021335,0.0,3.141592653589793,1.5707963267948966,1.5707963267948966,1.5707963267948966,2.356194490192345,4.71238898038469,0.0,0.0,3.141592653589793,4.71238898038469,1.5707963267948966,0.0,6.283185307179586,0.0
3.141592653589793,3.141592653589793,0.0,4.71238898038469,3.141592653589793,3.141592653589793,3.141592653589793,4.71238898038469,3.141592653589793,0.04908738521234052,3.141592653589793,1.5707963267948966,1.5707963267948966,1.5707963267948966,2.356194490192345,4.71238898038469,0.0,0.0,3.141592653589793,4.71238898038469,1.5707963267948966,0.0,6.283185307179586,0.0
3.141592653589793,3.141592653589793,0.0,4.71238898038469,3.141592653589793,3.141592653589793,3.141592653589793,4.71238898038469,3.141592653589793,0.0,3.1906800388021335,1.5707963267948966,1.5707963267948966,1.5707963267948966,2.356194490192345,4.71238898038469,0.0,0.0,3.141592653589793,4.71238898038469,1.5707963267948966,0.0,6.283185307179586,0.0
3.141592653589793,3.141592653589793,0.0,4.71238898038469,3.141592653589793,3.141592653589793,3.141592653589793,4.71238898038469,3.141592653589793,0.0,3.141592653589793,1.6198837120072371,1.5707963267948966,1.5707963267948966,2.356194490192345,4.71238898038469,0.0,0.0,3.141592653589793,4.71238898038469,1.5707963267948966,0.0,6.283185307179586,0.0
3.141592653589793,3.141592653589793,0.0,4.71238898038469,3.141592653589793,3.141592653589793,3.141592653589793,4.71238898038469,3.141592653589793,0.0,3.141592653589793,1.5707963267948966,1.6198837120072371,1.5707963267948966,2.356194490192345,4.71238898038469,0.0,0.0,3.141592653589793,4.71238898038469,1.5707963267948966,0.0,6.283185307179586,0.0
3.141592653589793,3.141592653589793,0.0,4.71238898038469,3.141592653589793,3.141592653589793,3.141592653589793,4.71238898038469,3.141592653589793,0.0,3.141592653589793,1.5707963267948966,1.5707963267948966,1.6198837120072371,2.356194490192345,4.71238898038469,0.0,0.0,3.141592653589793,4.71238898038469,1.5707963267948966,0.0,6.283185307179586,0.0
3.141592653589793,3.141592653589793,0.0,4.71238898038469,3.141592653589793,3.141592653589793,3.141592653589793,4.71238898038469,3.141592653589793,0.0,3.141592653589793,1.5707963267948966,1.5707963267948966,1.5707963267948966,2.405281875404685,4.71238898038469,0.0,0.0,3.141592653589793,4.71238898038469,1.5707963267948966,0.0,6.283185307179586,0.0
3.141592653589793,3.141592653589793,0.0,4.71238898038469,3.141592653589793,3.141592653589793,3.141592653589793,4.71238898038469,3.141592653589793,0.0,3.141592653589793,1.5707963267948966,1.5707963267948966,1.5707963267948966,2.356194490192345,4.76147636559703,0.0,0.0,3.141592653589793,4.71238898038469,1.5707963267948966,0.0,6.283185307179586,0.0
3.141592653589793,3.141592653589793,0.0,4.71238898038469,3.141592653589793,3.141592653589793,3.141592653589793,4.71238898038469,3.141592653589793,0.0,3.141592653589793,1.5707963267948966,1.5707963267948966,1.5707963267948966,2.356194490192345,4.71238898038469,0.04908738521234052,0.0,3.141592653589793,4.71238898038469,1.5707963267948966,0.0,6.283185307179586,0.0
3.141592653589793,3.141592653589793,0.0,4.71238898038469,3.141592653589793,3.141592653589793,3.141592653589793,4.71238898038469,3.141592653589793,0.0,3.141592653589793,1.5707963267948966,1.5707963267948966,1.5707963267948966,2.356194490192345,4.71238898038469,0.0,0.04908738521234052,3.141592653589793,4.71238898038469,1.5707963267948966,0.0,6.283185307179586,0.0
3.141592653589793,3.141592653589793,0.0,4.71238898038469,3.141592653589793,3.141592653589793,3.141592653589793,4.71238898038469,3.141592653589793,0.0,3.141592653589793,1.5707963267948966,1.5707963267948966,1.5707963267948966,2.356194490192345,4.71238898038469,0.0,0.0,3.1906800388021335,4.71238898038469,1.5707963267948966,0.0,6.283185307179586,0.0
3.141592653589793,3.141592653589793,0.0,4.71238898038469,3.141592653589793,3.141592653589793,3.141592653589793,4.71238898038469,3.141592653589793,0.0,3.141592653589793,1.5707963267948966,1.5707963267948966,1.5707963267948966,2.356194490192345,4.71238898038469,0.0,0.0,3.141592653589793,4.76147636559703,1.5707963267948966,0.0,6.283185307179586,0.0
3.141592653589793,3.141592653589793,0.0,4.71238898038469,3.141592653589793,3.141592653589793,3.141592653589793,4.71238898038469,3.141592653589793,0.0,3.141592653589793,1.5707963267948966,1.5707963267948966,1.5707963267948966,2.356194490192345,4.71238898038469,0.0,0.0,3.141592653589793,4.71238898038469,1.6198837120072371,0.0,6.283185307179586,0.0
3.141592653589793,3.141592653589793,0.0,4.71238898038469,3.141592653589793,3.141592653589793,3.141592653589793,4.71238898038469,3.141592653589793,0.0,3.141592653589793,1.5707963267948966,1.5707963267948966,1.5707963267948966,2.356194490192345,4.71238898038469,0.0,0.0,3.141592653589793,4.71238898038469,1.5707963267948966,0.04908738521234052,6.283185307179586,0.0
3.141592653589793,3.141592653589793,0.0,4.71238898038469,3.141592653589793,3.141592653589793,3.141592653589793,4.71238898038469,3.141592653589793,0.0,3.141592653589793,1.5707963267948966,1.5707963267948966,1.5707963267948966,2.356194490192345,4.71238898038469,0.0,0.0,3.141592653589793,4.71238898038469,1.5707963267948966,0.0,6.283185307179586,0.04908738521234052
3.0925052683774528,3.141592653589793,0.0,4.71238898038469,3.141592653589793,3.141592653589793,3.141592653589793,4.71238898038469,3.141592653589793,0.0,3.141592653589793,1.5707963267948966,1.5707963267948966,1.5707963267948966,2.356194490192345,4.71238898038469,0.0,0.0,3.141592653589793,4.71238898038469,1.5707963267948966,0.0,6.283185307179586,0.0
3.141592653589793,3.0925052683774528,0.0,4.71238898038469,3.141592653589793,3.141592653589793,3.141592653589793,4.71238898038469,3.141592653589793,0.0,3.141592653589793,1.5707963267948966,1.5707963267948966,1.5707963267948966,2.356194490192345,4.71238898038469,0.0,0.0,3.141592653589793,4.71238898038469,1.5707963267948966,0.0,6.283185307179586,0.0
3.141592653589793,3.141592653589793,0.0,4.663301595172349,3.141592653589793,3.141592653589793,3.141592653589793,4.71238898038469,3.141592653589793,0.0,3.141592653589793,1.5707963267948966,1.5707963267948966,1.5707963267948966,2.356194490192345,4.71238898038469,0.0,0.0,3.141592653589793,4.71238898038469,1.5707963267948966,0.0,6.283185307179586,0.0
3.141592653589793,3.141592653589793,0.0,4.71238898038469,3.0925052683774528,3.141592653589793,3.141592653589793,4.71238898038469,3.141592653589793,0.0,3.141592653589793,1.5707963267948966,1.5707963267948966,1.5707963267948966,2.356194490192345,4.71238898038469,0.0,0.0,3.141592653589793,4.71238898038469,1.5707963267948966,0.0,6.283185307179586,0.0
3.141592653589793,3.141592653589793,0.0,4.71238898038469,3.141592653589793,3.0925052683774528,3.141592653589793,4.71238898038469,3.141592653589793,0.0,3.141592653589793,1.5707963267948966,1.5707963267948966,1.5707963267948966,2.356194490192345,4.71238898038469,0.0,0.0,3.141592653589793,4.71238898038469,1.5707963267948966,0.0,6.283185307179586,0.0
3.141592653589793,3.141592653589793,0.0,4.71238898038469,3.141592653589793,3.141592653589793,3.0925052683774528,4.71238898038469,3.141592653589793,0.0,3.141592653589793,1.5707963267948966,1.5707963267948966,1.5707963267948966,2.356194490192345,4.71238898038469,0.0,0.0,3.141592653589793,4.71238898038469,1.5707963267948966,0.0,6.283185307179586,0.0
3.141592653589793,3.141592653589793,0.0,4.71238898038469,3.141592653589793,3.141592653589793,3.141592653589793,4.663301595172349,3.141592653589793,0.0,3.141592653589793,1.5707963267948966,1.5707963267948966,1.5707963267948966,2.356194490192345,4.71238898038469,0.0,0.0,3.141592653589793,4.71238898038469,1.5707963267948966,0.0,6.283185307179586,0.0
3.141592653589793,3.141592653589793,0.0,4.71238898038469,3.141592653589793,3.141592653589793,3.141592653589793,4.71238898038469,3.0925052683774528,0.0,3.141592653589793,1.5707963267948966,1.5707963267948966,1.5707963267948966,2.356194490192345,4.71238898038469,0.0,0.0,3.141592653589793,4.71238898038469,1.5707963267948966,0.0,6.283185307179586,0.0
3.141592653589793,3.141592653589793,0.0,4.71238898038469,3.141592653589793,3.141592653589793,3.141592653589793,4.71238898038469,3.141592653589793,0.0,3.0925052683774528,1.5707963267948966,1.5707963267948966,1.5707963267948966,2.356194490192345,4.71238898038469,0.0,0.0,3.141592653589793,4.71238898038469,1.5707963267948966,0.0,6.283185307179586,0.0
3.141592653589793,3.141592653589793,0.0,4.71238898038469,3.141592653589793,3.141592653589793,3.141592653589793,4.71238898038469,3.141592653589793,0.0,3.141592653589793,1.521708941582556,1.5707963267948966,1.5707963267948966,2.356194490192345,4.71238898038469,0.0,0.0,3.141592653589793,4.71238898038469,1.5707963267948966,0.0,6.283185307179586,0.0
3.141592653589793,3.141592653589793,0.0,4.71238898038469,3.141592653589793,3.141592653589793,3.141592653589793,4.71238898038469,3.141592653589793,0.0,3.141592653589793,1.5707963267948966,1.521708941582556,1.5707963267948966,2.356194490192345,4.71238898038469,0.0,0.0,3.141592653589793,4.71238898038469,1.5707963267948966,0.0,6.283185307179586,0.0
3.141592653589793,3.141592653589793,0.0,4.71238898038469,3.141592653589793,3.141592653589793,3.141592653589793,4.71238898038469,3.141592653589793,0.0,3.141592653589793,1.5707963267948966,1.5707963267948966,1.521708941582556,2.356194490192345,4.71238898038469,0.0,0.0,3.141592653589793,4.71238898038469,1.5707963267948966,0.0,6.283185307179586,0.0
3.141592653589793,3.141592653589793,0.0,4.71238898038469,3.141592653589793,3.141592653589793,3.141592653589793,4.71238898038469,3.141592653589793,0.0,3.141592653589793,1.5707963267948966,1.5707963267948966,1.5707963267948966,2.3071071049800045,4.71238898038469,0.0,0.0,3.141592653589793,4.71238898038469,1.5707963267948966,0.0,6.283185307179586,0.0
3.141592653589793,3.141592653589793,0.0,4.71238898038469,3.141592653589793,3.141592653589793,3.141592653589793,4.71238898038469,3.141592653589793,0.0,3.141592653589793,1.5707963267948966,1.5707963267948966,1.5707963267948966,2.356194490192345,4.663301595172349,0.0,0.0,3.141592653589793,4.71238898038469,1.5707963267948966,0.0,6.283185307179586,0.0
3.141592653589793,3.141592653589793,0.0,4.71238898038469,3.141592653589793,3.141592653589793,3.141592653589793,4.71238898038469,3.141592653589793,0.0,3.141592653589793,1.5707963267948966,1.5707963267948966,1.5707963267948966,2.356194490192345,4.71238898038469,0.0,0.0,3.0925052683774528,4.71238898038469,1.5707963267948966,0.0,6.283185307179586,0.0
3.141592653589793,3.141592653589793,0.0,4.71238898038469,3.141592653589793,3.141592653589793,3.141592653589793,4.71238898038469,3.141592653589793,0.0,3.141592653589793,1.5707963267948966,1.5707963267948966,1.5707963267948966,2.356194490192345,4.71238898038469,0.0,0.0,3.141592653589793,4.663301595172349,1.5707963267948966,0.0,6.283185307179586,0.0
3.141592653589793,3.141592653589793,0.0,4.71238898038469,3.141592653589793,3.141592653589793,3.141592653589793,4.71238898038469,3.141592653589793,0.0,3.141592653589793,1.5707963267948966,1.5707963267948966,1.5707963267948966,2.356194490192345,4.71238898038469,0.0,0.0,3.141592653589793,4.71238898038469,1.521708941582556,0.0,6.283185307179586,0.0
3.141592653589793,3.141592653589793,0.0,4.71238898038469,3.141592653589793,3.141592653589793,3.141592653589793,4.71238898038469,3.141592653589793,0.0,3.141592653589793,1.5707963267948966,1.5707963267948966,1.5707963267948966,2.356194490192345,4.71238898038469,0.0,0.0,3.141592653589793,4.71238898038469,1.5707963267948966,0.0,6.234097921967246,0.0
3.104654508896602,3.114951171491824,0.0,4.702476422713211,3.1230112643311907,3.122949105693607,3.1510147230958805,4.6754276784739925,3.132726409739042,0.0,3.137441328950439,1.6178106373422054,1.6800921093882721,1.5462324086267434,2.3439584969486784,4.730172662366231,0.0,0.0,3.163828337862797,4.73469603627076,1.598764368341084,0.0,6.283185307179586,0.002397014981448071
3.1231235812431977,3.1282719125408085,0.0,4.70743270154895,3.132301958960492,3.1322708796417005,3.1463036883428366,4.693908329429341,3.137159531664418,0.0,3.139516991270116,1.5943034820685509,1.6254442180915845,1.5585143677108202,2.3500764935705116,4.72128082137546,0.0,0.0,3.1527104957262955,4.723542508327725,1.5847803475679902,0.0,6.283185307179586,0.0011985074907240355
3.132358117416495,3.1349322830653006,0.0,4.7099108409668204,3.1369473062751423,3.1369317666157466,3.1439481709663153,4.703148654907015,3.1393760926271055,0.0,3.1405548224299547,1.5825499044317235,1.5981202724432406,1.5646553472528584,2.353135491881428,4.716834900880075,0.0,0.0,3.1471515746580443,4.717965744356207,1.5777883371814434,0.0,6.283185307179586,0.0005992537453620178
3.136975385503144,3.138262468327547,0.0,4.711149910675754,3.1392699799324677,3.13926221010277,3.142770412278054,4.707768817645853,3.1404843731084493,0.0,3.141073738009874,1.5766731156133102,1.5844582996190684,1.5677258370238774,2.354664991036887,4.714611940632382,0.0,0.0,3.1443721141239185,4.715177362370449,1.57429233198817,0.0,6.283185307179586,0.0002996268726810089
3.1906800388021335,3.141592653589793,0.0,4.71238898038469,3.141592653589793,3.141592653589793,3.141592653589793,4.71238898038469,3.141592653589793,0.0,3.141592653589793,1.5707963267948966,1.5707963267948966,1.5707963267948966,2.356194490192345,4.71238898038469,0.0,0.0,3.141592653589793,4.71238898038469,1.5707963267948966,0.0,6.283185307179586,0.0
3.141592653589793,3.1906800388021335,0.0,4.71238898038469,3.141592653589793,3.141592653589793,3.141592653589793,4.71238898038469,3.141592653589793,0.0,3.141592653589793,1.5707963267948966,1.5707963267948966,1.5707963267948966,2.356194490192345,4.71238898038469,0.0,0.0,3.141592653589793,4.71238898038469,1.5707963267948966,0.0,6.283185307179586,0.0
3.141592653589793,3.141592653589793,0.04908738521234052,4.71238898038469,3.141592653589793,3.141592653589793,3.141592653589793,4.71238898038469,3.141592653589793,0.0,3.141592653589793,1.5707963267948966,1.5707963267948966,1.5707963267948966,2.356194490192345,4.71238898038469,0.0,0.0,3.141592653589793,4.71238898038469,1.5707963267948966,0.0,6.283185307179586,0.0
3.141592653589793,3.141592653589793,0.0,4.76147636559703,3.141592653589793,3.141592653589793,3.141592653589793,4.71238898038469,3.141592653589793,0.0,3.141592653589793,1.5707963267948966,1.5707963267948966,1.5707963267948966,2.356194490192345,4.71238898038469,0.0,0.0,3.141592653589793,4.71238898038469,1.5707963267948966,0.0,6.283185307179586,0.0
3.141592653589793,3.141592653589793,0.0,4.71238898038469,3.1906800388021335,3.141592653589793,3.141592653589793,4.71238898038469,3.141592653589793,0.0,3.141592653589793,1.5707963267948966,1.5707963267948966,1.5707963267948966,2.356194490192345,4.71238898038469,0.0,0.0,3.141592653589793,4.71238898038469,1.5707963267948966,0.0,6.283185307179586,0.0
3.141592653589793,3.141592653589793,0.0,4.71238898038469,3.141592653589793,3.1906800388021335,3.141592653589793,4.71238898038469,3.141592653589793,0.0,3.141592653589793,1.5707963267948966,1.5707963267948966,1.5707963267948966,2.356194490192345,4.71238898038469,0.0,0.0,3.141592653589793,4.71238898038469,1.5707963267948966,0.0,6.283185307179586,0.0
3.141592653589793,3.141592653589793,0.0,4.71238898038469,3.141592653589793,3.141592653589793,3.1906800388021335,4.71238898038469,3.141592653589793,0.0,3.141592653589793,1.5707963267948966,1.5707963267948966,1.5707963267948966,2.356194490192345,4.71238898038469,0.0,0.0,3.141592653589793,4.71238898038469,1.5707963267948966,0.0,6.283185307179586,0.0
3.141592653589793,3.141592653589793,0.0,4.71238898038469,3.141592653589793,3.141592653589793,3.141592653589793,4.76147636559703,3.141592653589793,0.0,3.141592653589793,1.5707963267948966,1.5707963267948966,1.5707963267948966,2.356194490192345,4.71238898038469,0.0,0.0,3.141592653589793,4.71238898038469,1.5707963267948966,0.0,6.283185307179586,0.0
3.141592653589793,3.141592653589793,0.0,4.71238898038469,3.141592653589793,3.141592653589793,3.141592653589793,4.71238898038469,3.1906800388021335,0.0,3.141592653589793,1.5707963267948966,1.5707963267948966,1.5707963267948966,2.356194490192345,4.71238898038469,0.0,0.0,3.141592653589793,4.71238898038469,1.5707963267948966,0.0,6.283185307179586,0.0
3.141592653589793,3.141592653589793,0.0,4.71238898038469,3.141592653589793,3.141592653589793,3.141592653589793,4.71238898038469,3.141592653589793,0.04908738521234052,3.141592653589793,1.5707963267948966,1.5707963267948966,1.5707963267948966,2.356194490192345,4.71238898038469,0.0,0.0,3.141592653589793,4.71238898038469,1.5707963267948966,0.0,6.283185307179586,0.0
3.141592653589793,3.141592653589793,0.0,4.71238898038469,3.141592653589793,3.141592653589793,3.141592653589793,4.71238898038469,3.141592653589793,0.0,3.1906800388021335,1.5707963267948966,1.5707963267948966,1.5707963267948966,2.356194490192345,4.71238898038469,0.0,0.0,3.141592653589793,4.71238898038469,1.5707963267948966,0.0,6.283185307179586,0.0
3.141592653589793,3.141592653589793,0.0,4.71238898038469,3.141592653589793,3.141592653589793,3.141592653589793,4.71238898038469,3.141592653589793,0.0,3.141592653589793,1.6198837120072371,1.5707963267948966,1.5707963267948966,2.356194490192345,4.71238898038469,0.0,0.0,3.141592653589793,4.71238898038469,1.5707963267948966,0.0,6.283185307179586,0.0
3.141592653589793,3.141592653589793,0.0,4.71238898038469,3.141592653589793,3.141592653589793,3.141592653589793,4.71238898038469,3.141592653589793,0.0,3.141592653589793,1.5707963267948966,1.6198837120072371,1.5707963267948966,2.356194490192345,4.71238898038469,0.0,0.0,3.141592653589793,4.71238898038469,1.5707963267948966,0.0,6.283185307179586,0.0
3.141592653589793,3.141592653589793,0.0,4.71238898038469,3.141592653589793,3.141592653589793,3.141592653589793,4.71238898038469,3.141592653589793,0.0,3.141592653589793,1.5707963267948966,1.5707963267948966,1.6198837120072371,2.356194490192345,4.71238898038469,0.0,0.0,3.141592653589793,4.71238898038469,1.5707963267948966,0.0,6.283185307179586,0.0
3.141592653589793,3.141592653589793,0.0,4.71238898038469,3.141592653589793,3.141592653589793,3.141592653589793,4.71238898038469,3.141592653589793,0.0,3.141592653589793,1.5707963267948966,1.5707963267948966,1.5707963267948966,2.405281875404685,4.71238898038469,0.0,0.0,3.141592653589793,4.71238898038469,1.5707963267948966,0.0,6.283185307179586,0.0
3.141592653589793,3.141592653589793,0.0,4.71238898038469,3.141592653589793,3.141592653589793,3.141592653589793,4.71238898038469,3.141592653589793,0.0,3.141592653589793,1.5707963267948966,1.5707963267948966,1.5707963267948966,2.356194490192345,4.76147636559703,0.0,0.0,3.141592653589793,4.71238898038469,1.5707963267948966,0.0,6.283185307179586,0.0
3.141592653589793,3.141592653589793,0.0,4.71238898038469,3.141592653589793,3.141592653589793,3.141592653589793,4.71238898038469,3.141592653589793,0.0,3.141592653589793,1.5707963267948966,1.5707963267948966,1.5707963267948966,2.356194490192345,4.71238898038469,0.04908738521234052,0.0,3.141592653589793,4.71238898038469,1.5707963267948966,0.0,6.283185307179586,0.0
3.141592653589793,3.141592653589793,0.0,4.71238898038469,3.141592653589793,3.141592653589793,3.141592653589793,4.71238898038469,3.141592653589793,0.0,3.141592653589793,1.5707963267948966,1.5707963267948966,1.5707963267948966,2.356194490192345,4.71238898038469,0.0,0.04908738521234052,3.141592653589793,4.71238898038469,1.5707963267948966,0.0,6.283185307179586,0.0
3.141592653589793,3.141592653589793,0.0,4.71238898038469,3.141592653589793,3.141592653589793,3.141592653589793,4.71238898038469,3.141592653589793,0.0,3.141592653589793,1.5707963267948966,1.5707963267948966,1.5707963267948966,2.356194490192345,4.71238898038469,0.0,0.0,3.1906800388021335,4.71238898038469,1.5707963267948966,0.0,6.283185307179586,0.0
3.141592653589793,3.141592653589793,0.0,4.71238898038469,3.141592653589793,3.141592653589793,3.141592653589793,4.71238898038469,3.141592653589793,0.0,3.141592653589793,1.5707963267948966,1.5707963267948966,1.5707963267948966,2.356194490192345,4.71238898038469,0.0,0.0,3.141592653589793,4.76147636559703,1.5707963267948966,0.0,6.283185307179586,0.0
3.141592653589793,3.141592653589793,0.0,4.71238898038469,3.141592653589793,3.141592653589793,3.141592653589793,4.71238898038469,3.141592653589793,0.0,3.141592653589793,1.5707963267948966,1.5707963267948966,1.5707963267948966,2.356194490192345,4.71238898038469,0.0,0.0,3.141592653589793,4.71238898038469,1.6198837120072371,0.0,6.283185307179586,0.0
3.141592653589793,3.141592653589793,0.0,4.71238898038469,3.141592653589793,3.141592653589793,3.141592653589793,4.71238898038469,3.141592653589793,0.0,3.141592653589793,1.5707963267948966,1.5707963267948966,1.5707963267948966,2.356194490192345,4.71238898038469,0.0,0.0,3.141592653589793,4.71238898038469,1.5707963267948966,0.04908738521234052,6.283185307179586,0.0
3.141592653589793,3.141592653589793,0.0,4.71238898038469,3.141592653589793,3.141592653589793,3.141592653589793,4.71238898038469,3.141592653589793,0.0,3.141592653589793,1.5707963267948966,1.5707963267948966,1.5707963267948966,2.356194490192345,4.71238898038469,0.0,0.0,3.141592653589793,4.71238898038469,1.5707963267948966,0.0,6.283185307179586,0.04908738521234052
3.0925052683774528,3.141592653589793,0.0,4.71238898038469,3.141592653589793,3.141592653589793,3.141592653589793,4.71238898038469,3.141592653589793,0.0,3.141592653589793,1.5707963267948966,1.5707963267948966,1.5707963267948966,2.356194490192345,4.71238898038469,0.0,0.0,3.141592653589793,4.71238898038469,1.5707963267948966,0.0,6.283185307179586,0.0
3.141592653589793,3.0925052683774528,0.0,4.71238898038469,3.141592653589793,3.141592653589793,3.141592653589793,4.71238898038469,3.141592653589793,0.0,3.141592653589793,1.5707963267948966,1.5707963267948966,1.5707963267948966,2.356194490192345,4.71238898038469,0.0,0.0,3.141592653589793,4.71238898038469,1.5707963267948966,0.0,6.283185307179586,0.0
3.141592653589793,3.141592653589793,0.0,4.663301595172349,3.141592653589793,3.141592653589793,3.141592653589793,4.71238898038469,3.141592653589793,0.0,3.141592653589793,1.5707963267948966,1.5707963267948966,1.5707963267948966,2.356194490192345,4.71238898038469,0.0,0.0,3.141592653589793,4.71238898038469,1.5707963267948966,0.0,6.283185307179586,0.0
3.141592653589793,3.141592653589793,0.0,4.71238898038469,3.0925052683774528,3.141592653589793,3.141592653589793,4.71238898038469,3.141592653589793,0.0,3.141592653589793,1.5707963267948966,1.5707963267948966,1.5707963267948966,2.356194490192345,4.71238898038469,0.0,0.0,3.141592653589793,4.71238898038469,1.5707963267948966,0.0,6.283185307179586,0.0
3.141592653589793,3.141592653589793,0.0,4.71238898038469,3.141592653589793,3.0925052683774528,3.141592653589793,4.71238898038469,3.141592653589793,0.0,3.141592653589793,1.5707963267948966,1.5707963267948966,1.5707963267948966,2.356194490192345,4.71238898038469,0.0,0.0,3.141592653589793,4.71238898038469,1.5707963267948966,0.0,6.283185307179586,0.0
3.141592653589793,3.141592653589793,0.0,4.71238898038469,3.141592653589793,3.141592653589793,3.0925052683774528,4.71238898038469,3.141592653589793,0.0,3.141592653589793,1.5707963267948966,1.5707963267948966,1.5707963267948966,2.356194490192345,4.71238898038469,0.0,0.0,3.141592653589793,4.71238898038469,1.5707963267948966,0.0,6.283185307179586,0.0
3.141592653589793,3.141592653589793,0.0,4.71238898038469,3.141592653589793,3.141592653589793,3.141592653589793,4.663301595172349,3.141592653589793,0.0,3.141592653589793,1.5707963267948966,1.5707963267948966,1.5707963267948966,2.356194490192345,4.71238898038469,0.0,0.0,3.141592653589793,4.71238898038469,1.5707963267948966,0.0,6.283185307179586,0.0
3.141592653589793,3.141592653589793,0.0,4.71238898038469,3.141592653589793,3.141592653589793,3.141592653589793,4.71238898038469,3.0925052683774528,0.0,3.141592653589793,1.5707963267948966,1.5707963267948966,1.5707963267948966,2.356194490192345,4.71238898038469,0.0,0.0,3.141592653589793,4.71238898038469,1.5707963267948966,0.0,6.283185307179586,0.0
3.141592653589793,3.141592653589793,0.0,4.71238898038469,3.141592653589793,3.141592653589793,3.141592653589793,4.71238898038469,3.141592653589793,0.0,3.0925052683774528,1.5707963267948966,1.5707963267948966,1.5707963267948966,2.356194490192345,4.71238898038469,0.0,0.0,3.141592653589793,4.71238898038469,1.5707963267948966,0.0,6.283185307179586,0.0
3.141592653589793,3.141592653589793,0.0,4.71238898038469,3.141592653589793,3.141592653589793,3.141592653589793,4.71238898038469,3.141592653589793,0.0,3.141592653589793,1.521708941582556,1.5707963267948966,1.5707963267948966,2.356194490192345,4.71238898038469,0.0,0.0,3.141592653589793,4.71238898038469,1.5707963267948966,0.0,6.283185307179586,0.0
3.141592653589793,3.141592653589793,0.0,4.71238898038469,3.141592653589793,3.141592653589793,3.141592653589793,4.71238898038469,3.141592653589793,0.0,3.141592653589793,1.5707963267948966,1.521708941582556,1.5707963267948966,2.356194490192345,4.71238898038469,0.0,0.0,3.141592653589793,4.71238898038469,1.5707963267948966,0.0,6.283185307179586,0.0
3.141592653589793,3.141592653589793,0.0,4.71238898038469,3.141592653589793,3.141592653589793,3.141592653589793,4.71238898038469,3.141592653589793,0.0,3.141592653589793,1.5707963267948966,1.5707963267948966,1.521708941582556,2.356194490192345,4.71238898038469,0.0,0.0,3.141592653589793,4.71238898038469,1.5707963267948966,0.0,6.283185307179586,0.0
3.141592653589793,3.141592653589793,0.0,4.71238898038469,3.141592653589793,3.141592653589793,3.141592653589793,4.71238898038469,3.141592653589793,0.0,3.141592653589793,1.5707963267948966,1.5707963267948966,1.5707963267948966,2.3071071049800045,4.71238898038469,0.0,0.0,3.141592653589793,4.71238898038469,1.5707963267948966,0.0,6.283185307179586,0.0
3.141592653589793,3.141592653589793,0.0,4.71238898038469,3.141592653589793,3.141592653589793,3.141592653589793,4.71238898038469,3.141592653589793,0.0,3.141592653589793,1.5707963267948966,1.5707963267948966,1.5707963267948966,2.356194490192345,4.663301595172349,0.0,0.0,3.141592653589793,4.71238898038469,1.5707963267948966,0.0,6.283185307179586,0.0
3.141592653589793,3.141592653589793,0.0,4.71238898038469,3.141592653589793,3.141592653589793,3.141592653589793,4.71238898038469,3.141592653589793,0.0,3.141592653589793,1.5707963267948966,1.5707963267948966,1.5707963267948966,2.356194490192345,4.71238898038469,0.0,0.0,3.0925052683774528,4.71238898038469,1.5707963267948966,0.0,6.283185307179586,0.0
3.141592653589793,3.141592653589793,0.0,4.71238898038469,3.141592653589793,3.141592653589793,3.141592653589793,4.71238898038469,3.141592653589793,0.0,3.141592653589793,1.5707963267948966,1.5707963267948966,1.5707963267948966,2.356194490192345,4.71238898038469,0.0,0.0,3.141592653589793,4.663301595172349,1.5707963267948966,0.0,6.283185307179586,0.0
3.141592653589793,3.141592653589793,0.0,4.71238898038469,3.141592653589793,3.141592653589793,3.141592653589793,4.71238898038469,3.141592653589793,0.0,3.141592653589793,1.5707963267948966,1.5707963267948966,1.5707963267948966,2.356194490192345,4.71238898038469,0.0,0.0,3.141592653589793,4.71238898038469,1.521708941582556,0.0,6.283185307179586,0.0
3.141592653589793,3.141592653589793,0.0,4.71238898038469,3.141592653589793,3.141592653589793,3.141592653589793,4.71238898038469,3.141592653589793,0.0,3.141592653589793,1.5707963267948966,1.5707963267948966,1.5707963267948966,2.356194490192345,4.71238898038469,0.0,0.0,3.141592653589793,4.71238898038469,1.5707963267948966,0.0,6.234097921967246,0.0
3.1661363461959633,3.141592653589793,0.0,4.71238898038469,3.141592653589793,3.141592653589793,3.141592653589793,4.71238898038469,3.141592653589793,0.0,3.141592653589793,1.5707963267948966,1.6198837120072371,1.5707963267948966,2.356194490192345,4.71238898038469,0.0,0.0,3.141592653589793,4.71238898038469,1.5707963267948966,0.0,6.283185307179586,0.0
3.141592653589793,3.1661363461959633,0.0,4.71238898038469,3.141592653589793,3.141592653589793,3.141592653589793,4.71238898038469,3.141592653589793,0.0,3.141592653589793,1.5707963267948966,1.6198837120072371,1.5707963267948966,2.356194490192345,4.71238898038469,0.0,0.0,3.141592653589793,4.71238898038469,1.5707963267948966,0.0,6.283185307179586,0.0
3.141592653589793,3.141592653589793,0.02454369260617026,4.71238898038469,3.141592653589793,3.141592653589793,3.141592653589793,4.71238898038469,3.141592653589793,0.0,3.141592653589793,1.5707963267948966,1.6198837120072371,1.5707963267948966,2.356194490192345,4.71238898038469,0.0,0.0,3.141592653589793,4.71238898038469,1.5707963267948966,0.0,6.283185307179586,0.0
3.141592653589793,3.141592653589793,0.0,4.73693267299086,3.141592653589793,3.141592653589793,3.141592653589793,4.71238898038469,3.141592653589793,0.0,3.141592653589793,1.5707963267948966,1.6198837120072371,1.5707963267948966,2.356194490192345,4.71238898038469,0.0,0.0,3.141592653589793,4.71238898038469,1.5707963267948966,0.0,6.283185307179586,0.0
3.141592653589793,3.141592653589793,0.0,4.71238898038469,3.1661363461959633,3.141592653589793,3.141592653589793,4.71238898038469,3.141592653589793,0.0,3.141592653589793,1.5707963267948966,1.6198837120072371,1.5707963267948966,2.356194490192345,4.71238898038469,0.0,0.0,3.141592653589793,4.71238898038469,1.5707963267948966,0.0,6.283185307179586,0.0
3.141592653589793,3.141592653589793,0.0,4.71238898038469,3.141592653589793,3.1661363461959633,3.141592653589793,4.71238898038469,3.141592653589793,0.0,3.141592653589793,1.5707963267948966,1.6198837120072371,1.5707963267948966,2.356194490192345,4.71238898038469,0.0,0.0,3.141592653589793,4.71238898038469,1.5707963267948966,0.0,6.283185307179586,0.0
3.141592653589793,3.141592653589793,0.0,4.71238898038469,3.141592653589793,3.141592653589793,3.1661363461959633,4.71238898038469,3.141592653589793,0.0,3.141592653589793,1.5707963267948966,1.6198837120072371,1.5707963267948966,2.356194490192345,4.71238898038469,0.0,0.0,3.141592653589793,4.71238898038469,1.5707963267948966,0.0,6.283185307179586,0.0
3.141592653589793,3.141592653589793,0.0,4.71238898038469,3.141592653589793,3.141592653589793,3.141592653589793,4.73693267299086,3.141592653589793,0.0,3.141592653589793,1.5707963267948966,1.6198837120072371,1.5707963267948966,2.356194490192345,4.71238898038469,0.0,0.0,3.141592653589793,4.71238898038469,1.5707963267948966,0.0,6.283185307179586,0.0
3.141592653589793,3.141592653589793,0.0,4.71238898038469,3.141592653589793,3.141592653589793,3.141592653589793,4.71238898038469,3.1661363461959633,0.0,3.141592653589793,1.5707963267948966,1.6198837120072371,1.5707963267948966,2.356194490192345,4.71238898038469,0.0,0.0,3.141592653589793,4.71238898038469,1.5707963267948966,0.0,6.283185307179586,0.0
3.141592653589793,3.141592653589793,0.0,4.71238898038469,3.141592653589793,3.141592653589793,3.141592653589793,4.71238898038469,3.141592653589793,0.02454369260617026,3.141592653589793,1.5707963267948966,1.6198837120072371,1.5707963267948966,2.356194490192345,4.71238898038469,0.0,0.0,3.141592653589793,4.71238898038469,1.5707963267948966,0.0,6.283185307179586,0.0
3.141592653589793,3.141592653589793,0.0,4.71238898038469,3.141592653589793,3.141592653589793,3.141592653589793,4.71238898038469,3.141592653589793,0.0,3.1661363461959633,1.5707963267948966,1.6198837120072371,1.5707963267948966,2.356194490192345,4.71238898038469,0.0,0.0,3.141592653589793,4.71238898038469,1.5707963267948966,0.0,6.283185307179586,0.0
3.141592653589793,3.141592653589793,0.0,4.71238898038469,3.141592653589793,3.141592653589793,3.141592653589793,4.71238898038469,3.141592653589793,0.0,3.141592653589793,1.5953400194010667,1.6198837120072371,1.5707963267948966,2.356194490192345,4.71238898038469,0.0,0.0,3.141592653589793,4.71238898038469,1.5707963267948966,0.0,6.283185307179586,0.0
3.141592653589793,3.141592653589793,0.0,4.71238898038469,3.141592653589793,3.141592653589793,3.141592653589793,4.71238898038469,3.141592653589793,0.0,3.141592653589793,1.5707963267948966,1.6444274046134073,1.5707963267948966,2.356194490192345,4.71238898038469,0.0,0.0,3.141592653589793,4.71238898038469,1.5707963267948966,0.0,6.283185307179586,0.0
3.141592653589793,3.141592653589793,0.0,4.71238898038469,3.141592653589793,3.141592653589793,3.141592653589793,4.71238898038469,3.141592653589793,0.0,3.141592653589793,1.5707963267948966,1.6198837120072371,1.5953400194010667,2.356194490192345,4.71238898038469,0.0,0.0,3.141592653589793,4.71238898038469,1.5707963267948966,0.0,6.283185307179586,0.0
3.141592653589793,3.141592653589793,0.0,4.71238898038469,3.141592653589793,3.141592653589793,3.141592653589793,4.71238898038469,3.141592653589793,0.0,3.141592653589793,1.5707963267948966,1.6198837120072371,1.5707963267948966,2.380738182798515,4.71238898038469,0.0,0.0,3.141592653589793,4.71238898038469,1.5707963267948966,0.0,6.283185307179586,0.0
3.141592653589793,3.141592653589793,0.0,4.71238898038469,3.141592653589793,3.141592653589793,3.141592653589793,4.71238898038469,3.141592653589793,0.0,3.141592653589793,1.5707963267948966,1.6198837120072371,1.5707963267948966,2.356194490192345,4.73693267299086,0.0,0.0,3.141592653589793,4.71238898038469,1.5707963267948966,0.0,6.283185307179586,0.0
3.141592653589793,3.141592653589793,0.0,4.71238898038469,3.141592653589793,3.141592653589793,3.141592653589793,4.71238898038469,3.141592653589793,0.0,3.141592653589793,1.5707963267948966,1.6198837120072371,1.5707963267948966,2.356194490192345,4.71238898038469,0.02454369260617026,0.0,3.141592653589793,4.71238898038469,1.5707963267948966,0.0,6.283185307179586,0.0
3.141592653589793,3.141592653589793,0.0,4.71238898038469,3.141592653589793,3.141592653589793,3.141592653589793,4.71238898038469,3.141592653589793,0.0,3.141592653589793,1.5707963267948966,1.6198837120072371,1.5707963267948966,2.356194490192345,4.71238898038469,0.0,0.02454369260617026,3.141592653589793,4.71238898038469,1.5707963267948966,0.0,6.283185307179586,0.0
3.141592653589793,3.141592653589793,0.0,4.71238898038469,3.141592653589793,3.141592653589793,3.141592653589793,4.71238898038469,3.141592653589793,0.0,3.141592653589793,1.5707963267948966,1.6198837120072371,1.5707963267948966,2.356194490192345,4.71238898038469,0.0,0.0,3.1661363461959633,4.71238898038469,1.5707963267948966,0.0,6.283185307179586,0.0
3.141592653589793,3.141592653589793,0.0,4.71238898038469,3.141592653589793,3.141592653589793,3.141592653589793,4.71238898038469,3.141592653589793,0.0,3.141592653589793,1.5707963267948966,1.6198837120072371,1.5707963267948966,2.356194490192345,4.71238898038469,0.0,0.0,3.141592653589793,4.73693267299086,1.5707963267948966,0.0,6.283185307179586,0.0
3.141592653589793,3.141592653589793,0.0,4.71238898038469,3.141592653589793,3.141592653589793,3.141592653589793,4.71238898038469,3.141592653589793,0.0,3.141592653589793,1.5707963267948966,1.6198837120072371,1.5707963267948966,2.356194490192345,4.71238898038469,0.0,0.0,3.141592653589793,4.71238898038469,1.5953400194010667,0.0,6.283185307179586,0.0
3.141592653589793,3.141592653589793,0.0,4.71238898038469,3.141592653589793,3.141592653589793,3.141592653589793,4.71238898038469,3.141592653589793,0.0,3.141592653589793,1.5707963267948966,1.6198837120072371,1.5707963267948966,2.356194490192345,4.71238898038469,0.0,0.0,3.141592653589793,4.71238898038469,1.5707963267948966,0.02454369260617026,6.283185307179586,0.0
3.141592653589793,3.141592653589793,0.0,4.71238898038469,3.141592653589793,3.141592653589793,3.141592653589793,4.71238898038469,3.141592653589793,0.0,3.141592653589793,1.5707963267948966,1.6198837120072371,1.5707963267948966,2.356194490192345,4.71238898038469,0.0,0.0,3.141592653589793,4.71238898038469,1.5707963267948966,0.0,6.283185307179586,0.02454369260617026
3.117048960983623,3.141592653589793,0.0,4.71238898038469,3.141592653589793,3.141592653589793,3.141592653589793,4.71238898038469,3.141592653589793,0.0,3.141592653589793,1.5707963267948966,1.6198837120072371,1.5707963267948966,2.356194490192345,4.71238898038469,0.0,0.0,3.141592653589793,4.71238898038469,1.5707963267948966,0.0,6.283185307179586,0.0
3.141592653589793,3.117048960983623,0.0,4.71238898038469,3.141592653589793,3.141592653589793,3.141592653589793,4.71238898038469,3.141592653589793,0.0,3.141592653589793,1.5707963267948966,1.6198837120072371,1.5707963267948966,2.356194490192345,4.71238898038469,0.0,0.0,3.141592653589793,4.71238898038469,1.5707963267948966,0.0,6.283185307179586,0.0
3.141592653589793,3.141592653589793,0.0,4.6878452877785195,3.141592653589793,3.141592653589793,3.141592653589793,4.71238898038469,3.141592653589793,0.0,3.141592653589793,1.5707963267948966,1.6198837120072371,1.5707963267948966,2.356194490192345,4.71238898038469,0.0,0.0,3.141592653589793,4.71238898038469,1.5707963267948966,0.0,6.283185307179586,0.0
3.141592653589793,3.141592653589793,0.0,4.71238898038469,3.117048960983623,3.141592653589793,3.141592653589793,4.71238898038469,3.141592653589793,0.0,3.141592653589793,1.5707963267948966,1.6198837120072371,1.5707963267948966,2.356194490192345,4.71238898038469,0.0,0.0,3.141592653589793,4.71238898038469,1.5707963267948966,0.0,6.283185307179586,0.0
3.141592653589793,3.141592653589793,0.0,4.71238898038469,3.141592653589793,3.117048960983623,3.141592653589793,4.71238898038469,3.141592653589793,0.0,3.141592653589793,1.5707963267948966,1.6198837120072371,1.5707963267948966,2.356194490192345,4.71238898038469,0.0,0.0,3.141592653589793,4.71238898038469,1.5707963267948966,0.0,6.283185307179586,0.0
3.141592653589793,3.141592653589793,0.0,4.71238898038469,3.141592653589793,3.141592653589793,3.117048960983623,4.71238898038469,3.141592653589793,0.0,3.141592653589793,1.5707963267948966,1.6198837120072371,1.5707963267948966,2.356194490192345,4.71238898038469,0.0,0.0,3.141592653589793,4.71238898038469,1.5707963267948966,0.0,6.283185307179586,0.0
3.141592653589793,3.141592653589793,0.0,4.71238898038469,3.141592653589793,3.141592653589793,3.141592653589793,4.6878452877785195,3.141592653589793,0.0,3.141592653589793,1.5707963267948966,1.6198837120072371,1.5707963267948966,2.356194490192345,4.71238898038469,0.0,0.0,3.141592653589793,4.71238898038469,1.5707963267948966,0.0,6.283185307179586,0.0
3.141592653589793,3.141592653589793,0.0,4.71238898038469,3.141592653589793,3.141592653589793,3.141592653589793,4.71238898038469,3.117048960983623,0.0,3.141592653589793,1.5707963267948966,1.6198837120072371,1.5707963267948966,2.356194490192345,4.71238898038469,0.0,0.0,3.141592653589793,4.71238898038469,1.5707963267948966,0.0,6.283185307179586,0.0
3.141592653589793,3.141592653589793,0.0,4.71238898038469,3.141592653589793,3.141592653589793,3.141592653589793,4.71238898038469,3.141592653589793,0.0,3.117048960983623,1.5707963267948966,1.6198837120072371,1.5707963267948966,2.356194490192345,4.71238898038469,0.0,0.0,3.141592653589793,4.71238898038469,1.5707963267948966,0.0,6.283185307179586,0.0
3.141592653589793,3.141592653589793,0.0,4.71238898038469,3.141592653589793,3.141592653589793,3.141592653589793,4.71238898038469,3.141592653589793,0.0,3.141592653589793,1.5462526341887264,1.6198837120072371,1.5707963267948966,2.356194490192345,4.71238898038469,0.0,0.0,3.141592653589793,4.71238898038469,1.5707963267948966,0.0,6.283185307179586,0.0
3.141592653589793,3.141592653589793,0.0,4.71238898038469,3.141592653589793,3.141592653589793,3.141592653589793,4.71238898038469,3.141592653589793,0.0,3.141592653589793,1.5707963267948966,1.5953400194010667,1.5707963267948966,2.356194490192345,4.71238898038469,0.0,0.0,3.141592653589793,4.71238898038469,1.5707963267948966,0.0,6.283185307179586,0.0
3.141592653589793,3.141592653589793,0.0,4.71238898038469,3.141592653589793,3.141592653589793,3.141592653589793,4.71238898038469,3.141592653589793,0.0,3.141592653589793,1.5707963267948966,1.6198837120072371,1.5462526341887264,2.356194490192345,4.71238898038469,0.0,0.0,3.141592653589793,4.71238898038469,1.5707963267948966,0.0,6.283185307179586,0.0
3.141592653589793,3.141592653589793,0.0,4.71238898038469,3.141592653589793,3.141592653589793,3.141592653589793,4.71238898038469,3.141592653589793,0.0,3.141592653589793,1.5707963267948966,1.6198837120072371,1.5707963267948966,2.3316507975861747,4.71238898038469,0.0,0.0,3.141592653589793,4.71238898038469,1.5707963267948966,0.0,6.283185307179586,0.0
3.141592653589793,3.141592653589793,0.0,4.71238898038469,3.141592653589793,3.141592653589793,3.141592653589793,4.71238898038469,3.141592653589793,0.0,3.141592653589793,1.5707963267948966,1.6198837120072371,1.5707963267948966,2.356194490192345,4.6878452877785195,0.0,0.0,3.141592653589793,4.71238898038469,1.5707963267948966,0.0,6.283185307179586,0.0
3.141592653589793,3.141592653589793,0.0,4.71238898038469,3.141592653589793,3.141592653589793,3.141592653589793,4.71238898038469,3.141592653589793,0.0,3.141592653589793,1.5707963267948966,1.6198837120072371,1.5707963267948966,2.356194490192345,4.71238898038469,0.0,0.0,3.117048960983623,4.71238898038469,1.5707963267948966,0.0,6.283185307179586,0.0
3.141592653589793,3.141592653589793,0.0,4.71238898038469,3.141592653589793,3.141592653589793,3.141592653589793,4.71238898038469,3.141592653589793,0.0,3.141592653589793,1.5707963267948966,1.6198837120072371,1.5707963267948966,2.356194490192345,4.71238898038469,0.0,0.0,3.141592653589793,4.6878452877785195,1.5707963267948966,0.0,6.283185307179586,0.0
3.141592653589793,3.141592653589793,0.0,4.71238898038469,3.141592653589793,3.141592653589793,3.141592653589793,4.71238898038469,3.141592653589793,0.0,3.141592653589793,1.5707963267948966,1.6198837120072371,1.5707963267948966,2.356194490192345,4.71238898038469,0.0,0.0,3.141592653589793,4.71238898038469,1.5462526341887264,0.0,6.283185307179586,0.0
3.141592653589793,3.141592653589793,0.0,4.71238898038469,3.141592653589793,3.141592653589793,3.141592653589793,4.71238898038469,3.141592653589793,0.0,3.141592653589793,1.5707963267948966,1.6198837120072371,1.5707963267948966,2.356194490192345,4.71238898038469,0.0,0.0,3.141592653589793,4.71238898038469,1.5707963267948966,0.0,6.258641614573416,0.0
