3.141592653589793,0.0,3.141592653589793,1.5707963267948966,4.71238898038469,0.0,3.141592653589793,3.141592653589793,3.141592653589793,3.141592653589793,0.0,0.0,4.71238898038469,1.5707963267948966,0.0,0.0,0.0,0.0,0.0,1.5707963267948966,1.5707963267948966,3.141592653589793,1.5707963267948966,4.71238898038469
6.283185307179586,0.0,3.141592653589793,1.5707963267948966,4.71238898038469,0.0,3.141592653589793,3.141592653589793,3.141592653589793,3.141592653589793,0.0,0.0,4.71238898038469,1.5707963267948966,0.0,0.0,0.0,0.0,0.0,1.5707963267948966,1.5707963267948966,3.141592653589793,1.5707963267948966,4.71238898038469
3.141592653589793,3.141592653589793,3.141592653589793,1.5707963267948966,4.71238898038469,0.0,3.141592653589793,3.141592653589793,3.141592653589793,3.141592653589793,0.0,0.0,4.71238898038469,1.5707963267948966,0.0,0.0,0.0,0.0,0.0,1.5707963267948966,1.5707963267948966,3.141592653589793,1.5707963267948966,4.71238898038469
3.141592653589793,0.0,6.283185307179586,1.5707963267948966,4.71238898038469,0.0,3.141592653589793,3.141592653589793,3.141592653589793,3.141592653589793,0.0,0.0,4.71238898038469,1.5707963267948966,0.0,0.0,0.0,0.0,0.0,1.5707963267948966,1.5707963267948966,3.141592653589793,1.5707963267948966,4.71238898038469
3.141592653589793,0.0,3.141592653589793,4.71238898038469,4.71238898038469,0.0,3.141592653589793,3.141592653589793,3.141592653589793,3.141592653589793,0.0,0.0,4.71238898038469,1.5707963267948966,0.0,0.0,0.0,0.0,0.0,1.5707963267948966,1.5707963267948966,3.141592653589793,1.5707963267948966,4.71238898038469
3.141592653589793,0.0,3.141592653589793,1.5707963267948966,4.71238898038469,3.141592653589793,3.141592653589793,3.141592653589793,3.141592653589793,3.141592653589793,0.0,0.0,4.71238898038469,1.5707963267948966,0.0,0.0,0.0,0.0,0.0,1.5707963267948966,1.5707963267948966,3.141592653589793,1.5707963267948966,4.71238898038469
3.141592653589793,0.0,3.141592653589793,1.5707963267948966,4.71238898038469,0.0,6.283185307179586,3.141592653589793,3.141592653589793,3.141592653589793,0.0,0.0,4.71238898038469,1.5707963267948966,0.0,0.0,0.0,0.0,0.0,1.5707963267948966,1.5707963267948966,3.141592653589793,1.5707963267948966,4.71238898038469
3.141592653589793,0.0,3.141592653589793,1.5707963267948966,4.71238898038469,0.0,3.141592653589793,6.283185307179586,3.141592653589793,3.141592653589793,0.0,0.0,4.71238898038469,1.5707963267948966,0.0,0.0,0.0,0.0,0.0,1.5707963267948966,1.5707963267948966,3.141592653589793,1.5707963267948966,4.71238898038469
3.141592653589793,0.0,3.141592653589793,1.5707963267948966,4.71238898038469,0.0,3.141592653589793,3.141592653589793,6.283185307179586,3.141592653589793,0.0,0.0,4.71238898038469,1.5707963267948966,0.0,0.0,0.0,0.0,0.0,1.5707963267948966,1.5707963267948966,3.141592653589793,1.5707963267948966,4.71238898038469
3.141592653589793,0.0,3.141592653589793,1.5707963267948966,4.71238898038469,0.0,3.141592653589793,3.141592653589793,3.141592653589793,6.283185307179586,0.0,0.0,4.71238898038469,1.5707963267948966,0.0,0.0,0.0,0.0,0.0,1.5707963267948966,1.5707963267948966,3.141592653589793,1.5707963267948966,4.71238898038469
3.141592653589793,0.0,3.141592653589793,1.5707963267948966,4.71238898038469,0.0,3.141592653589793,3.141592653589793,3.141592653589793,3.141592653589793,3.141592653589793,0.0,4.71238898038469,1.5707963267948966,0.0,0.0,0.0,0.0,0.0,1.5707963267948966,1.5707963267948966,3.141592653589793,1.5707963267948966,4.71238898038469
3.141592653589793,0.0,3.141592653589793,1.5707963267948966,4.71238898038469,0.0,3.141592653589793,3.141592653589793,3.141592653589793,3.141592653589793,0.0,3.141592653589793,4.71238898038469,1.5707963267948966,0.0,0.0,0.0,0.0,0.0,1.5707963267948966,1.5707963267948966,3.141592653589793,1.5707963267948966,4.71238898038469
3.141592653589793,0.0,3.141592653589793,1.5707963267948966,4.71238898038469,0.0,3.141592653589793,3.141592653589793,3.141592653589793,3.141592653589793,0.0,0.0,4.71238898038469,4.71238898038469,0.0,0.0,0.0,0.0,0.0,1.5707963267948966,1.5707963267948966,3.141592653589793,1.5707963267948966,4.71238898038469
3.141592653589793,0.0,3.141592653589793,1.5707963267948966,4.71238898038469,0.0,3.141592653589793,3.141592653589793,3.141592653589793,3.141592653589793,0.0,0.0,4.71238898038469,1.5707963267948966,3.141592653589793,0.0,0.0,0.0,0.0,1.5707963267948966,1.5707963267948966,3.141592653589793,1.5707963267948966,4.71238898038469
3.141592653589793,0.0,3.141592653589793,1.5707963267948966,4.71238898038469,0.0,3.141592653589793,3.141592653589793,3.141592653589793,3.141592653589793,0.0,0.0,4.71238898038469,1.5707963267948966,0.0,3.141592653589793,0.0,0.0,0.0,1.5707963267948966,1.5707963267948966,3.141592653589793,1.5707963267948966,4.71238898038469
3.141592653589793,0.0,3.141592653589793,1.5707963267948966,4.71238898038469,0.0,3.141592653589793,3.141592653589793,3.141592653589793,3.141592653589793,0.0,0.0,4.71238898038469,1.5707963267948966,0.0,0.0,3.141592653589793,0.0,0.0,1.5707963267948966,1.5707963267948966,3.141592653589793,1.5707963267948966,4.71238898038469
3.141592653589793,0.0,3.141592653589793,1.5707963267948966,4.71238898038469,0.0,3.141592653589793,3.141592653589793,3.141592653589793,3.141592653589793,0.0,0.0,4.71238898038469,1.5707963267948966,0.0,0.0,0.0,3.141592653589793,0.0,1.5707963267948966,1.5707963267948966,3.141592653589793,1.5707963267948966,4.71238898038469
3.141592653589793,0.0,3.141592653589793,1.5707963267948966,4.71238898038469,0.0,3.141592653589793,3.141592653589793,3.141592653589793,3.141592653589793,0.0,0.0,4.71238898038469,1.5707963267948966,0.0,0.0,0.0,0.0,3.141592653589793,1.5707963267948966,1.5707963267948966,3.141592653589793,1.5707963267948966,4.71238898038469
3.141592653589793,0.0,3.141592653589793,1.5707963267948966,4.71238898038469,0.0,3.141592653589793,3.141592653589793,3.141592653589793,3.141592653589793,0.0,0.0,4.71238898038469,1.5707963267948966,0.0,0.0,0.0,0.0,0.0,4.71238898038469,1.5707963267948966,3.141592653589793,1.5707963267948966,4.71238898038469
3.141592653589793,0.0,3.141592653589793,1.5707963267948966,4.71238898038469,0.0,3.141592653589793,3.141592653589793,3.141592653589793,3.141592653589793,0.0,0.0,4.71238898038469,1.5707963267948966,0.0,0.0,0.0,0.0,0.0,1.5707963267948966,4.71238898038469,3.141592653589793,1.5707963267948966,4.71238898038469
3.141592653589793,0.0,3.141592653589793,1.5707963267948966,4.71238898038469,0.0,3.141592653589793,3.141592653589793,3.141592653589793,3.141592653589793,0.0,0.0,4.71238898038469,1.5707963267948966,0.0,0.0,0.0,0.0,0.0,1.5707963267948966,1.5707963267948966,6.283185307179586,1.5707963267948966,4.71238898038469
3.141592653589793,0.0,3.141592653589793,1.5707963267948966,4.71238898038469,0.0,3.141592653589793,3.141592653589793,3.141592653589793,3.141592653589793,0.0,0.0,4.71238898038469,1.5707963267948966,0.0,0.0,0.0,0.0,0.0,1.5707963267948966,1.5707963267948966,3.141592653589793,4.71238898038469,4.71238898038469
0.0,0.0,3.141592653589793,1.5707963267948966,4.71238898038469,0.0,3.141592653589793,3.141592653589793,3.141592653589793,3.141592653589793,0.0,0.0,4.71238898038469,1.5707963267948966,0.0,0.0,0.0,0.0,0.0,1.5707963267948966,1.5707963267948966,3.141592653589793,1.5707963267948966,4.71238898038469
3.141592653589793,0.0,0.0,1.5707963267948966,4.71238898038469,0.0,3.141592653589793,3.141592653589793,3.141592653589793,3.141592653589793,0.0,0.0,4.71238898038469,1.5707963267948966,0.0,0.0,0.0,0.0,0.0,1.5707963267948966,1.5707963267948966,3.141592653589793,1.5707963267948966,4.71238898038469
3.141592653589793,0.0,3.141592653589793,1.5707963267948966,1.5707963267948966,0.0,3.141592653589793,3.141592653589793,3.141592653589793,3.141592653589793,0.0,0.0,4.71238898038469,1.5707963267948966,0.0,0.0,0.0,0.0,0.0,1.5707963267948966,1.5707963267948966,3.141592653589793,1.5707963267948966,4.71238898038469
3.141592653589793,0.0,3.141592653589793,1.5707963267948966,4.71238898038469,0.0,0.0,3.141592653589793,3.141592653589793,3.141592653589793,0.0,0.0,4.71238898038469,1.5707963267948966,0.0,0.0,0.0,0.0,0.0,1.5707963267948966,1.5707963267948966,3.141592653589793,1.5707963267948966,4.71238898038469
3.141592653589793,0.0,3.141592653589793,1.5707963267948966,4.71238898038469,0.0,3.141592653589793,0.0,3.141592653589793,3.141592653589793,0.0,0.0,4.71238898038469,1.5707963267948966,0.0,0.0,0.0,0.0,0.0,1.5707963267948966,1.5707963267948966,3.141592653589793,1.5707963267948966,4.71238898038469
3.141592653589793,0.0,3.141592653589793,1.5707963267948966,4.71238898038469,0.0,3.141592653589793,3.141592653589793,0.0,3.141592653589793,0.0,0.0,4.71238898038469,1.5707963267948966,0.0,0.0,0.0,0.0,0.0,1.5707963267948966,1.5707963267948966,3.141592653589793,1.5707963267948966,4.71238898038469
3.141592653589793,0.0,3.141592653589793,1.5707963267948966,4.71238898038469,0.0,3.141592653589793,3.141592653589793,3.141592653589793,0.0,0.0,0.0,4.71238898038469,1.5707963267948966,0.0,0.0,0.0,0.0,0.0,1.5707963267948966,1.5707963267948966,3.141592653589793,1.5707963267948966,4.71238898038469
3.141592653589793,0.0,3.141592653589793,1.5707963267948966,4.71238898038469,0.0,3.141592653589793,3.141592653589793,3.141592653589793,3.141592653589793,0.0,0.0,1.5707963267948966,1.5707963267948966,0.0,0.0,0.0,0.0,0.0,1.5707963267948966,1.5707963267948966,3.141592653589793,1.5707963267948966,4.71238898038469
3.141592653589793,0.0,3.141592653589793,1.5707963267948966,4.71238898038469,0.0,3.141592653589793,3.141592653589793,3.141592653589793,3.141592653589793,0.0,0.0,4.71238898038469,1.5707963267948966,0.0,0.0,0.0,0.0,0.0,1.5707963267948966,1.5707963267948966,0.0,1.5707963267948966,4.71238898038469
3.141592653589793,0.0,3.141592653589793,1.5707963267948966,4.71238898038469,0.0,3.141592653589793,3.141592653589793,3.141592653589793,3.141592653589793,0.0,0.0,4.71238898038469,1.5707963267948966,0.0,0.0,0.0,0.0,0.0,1.5707963267948966,1.5707963267948966,3.141592653589793,1.5707963267948966,1.5707963267948966
3.1154128974337114,0.0,3.1123851792543515,0.0,4.696021167360608,0.0,3.1263034418964635,3.124818510165736,3.1470795609671463,3.1431577263674697,0.0,0.0,4.7147209925539055,1.5205581301282804,0.0,0.0,0.0,0.0,0.0,0.0,1.5521725660033725,3.1137809096698366,1.5781388488219918,4.737300679045799
3.1285027755117523,0.0,3.1269889164220723,0.22205635807858193,4.704205073872648,0.0,3.1339480477431283,3.1332055818777644,3.1443361072784692,3.1423751899786314,0.0,0.0,4.713554986469298,1.5456772284615885,0.0,0.0,0.0,0.0,0.0,0.21566177246737345,1.5614844463991344,3.127686781629815,1.5744675878084442,4.724844829715244
3.135047714550773,0.0,3.1342907850059327,0.8964263424367392,4.708297027128669,0.0,3.1377703506664605,3.137399117733779,3.1429643804341314,3.1419839217842123,0.0,0.0,4.712971983426994,1.5582367776282424,0.0,0.0,0.0,0.0,0.0,0.893229049631135,1.5661403865970156,3.134639717609804,1.5726319573016703,4.718616905049967
3.138320184070283,0.0,3.1379417192978627,1.233611334615818,4.710343003756679,0.0,3.139681502128127,3.1394958856617863,3.1422785170119623,3.141788287687003,0.0,0.0,4.712680481905842,1.5645165522115696,0.0,0.0,0.0,0.0,0.0,1.2320126882130158,1.568468356695956,3.1381161855997988,1.5717141420482832,4.715502942717328
6.283185307179586,0.0,3.141592653589793,1.5707963267948966,4.71238898038469,0.0,3.141592653589793,3.141592653589793,3.141592653589793,3.141592653589793,0.0,0.0,4.71238898038469,1.5707963267948966,0.0,0.0,0.0,0.0,0.0,1.5707963267948966,1.5707963267948966,3.141592653589793,1.5707963267948966,4.71238898038469
3.141592653589793,3.141592653589793,3.141592653589793,1.5707963267948966,4.71238898038469,0.0,3.141592653589793,3.141592653589793,3.141592653589793,3.141592653589793,0.0,0.0,4.71238898038469,1.5707963267948966,0.0,0.0,0.0,0.0,0.0,1.5707963267948966,1.5707963267948966,3.141592653589793,1.5707963267948966,4.71238898038469
3.141592653589793,0.0,6.283185307179586,1.5707963267948966,4.71238898038469,0.0,3.141592653589793,3.141592653589793,3.141592653589793,3.141592653589793,0.0,0.0,4.71238898038469,1.5707963267948966,0.0,0.0,0.0,0.0,0.0,1.5707963267948966,1.5707963267948966,3.141592653589793,1.5707963267948966,4.71238898038469
3.141592653589793,0.0,3.141592653589793,4.71238898038469,4.71238898038469,0.0,3.141592653589793,3.141592653589793,3.141592653589793,3.141592653589793,0.0,0.0,4.71238898038469,1.5707963267948966,0.0,0.0,0.0,0.0,0.0,1.5707963267948966,1.5707963267948966,3.141592653589793,1.5707963267948966,4.71238898038469
3.141592653589793,0.0,3.141592653589793,1.5707963267948966,4.71238898038469,3.141592653589793,3.141592653589793,3.141592653589793,3.141592653589793,3.141592653589793,0.0,0.0,4.71238898038469,1.5707963267948966,0.0,0.0,0.0,0.0,0.0,1.5707963267948966,1.5707963267948966,3.141592653589793,1.5707963267948966,4.71238898038469
3.141592653589793,0.0,3.141592653589793,1.5707963267948966,4.71238898038469,0.0,6.283185307179586,3.141592653589793,3.141592653589793,3.141592653589793,0.0,0.0,4.71238898038469,1.5707963267948966,0.0,0.0,0.0,0.0,0.0,1.5707963267948966,1.5707963267948966,3.141592653589793,1.5707963267948966,4.71238898038469
3.141592653589793,0.0,3.141592653589793,1.5707963267948966,4.71238898038469,0.0,3.141592653589793,6.283185307179586,3.141592653589793,3.141592653589793,0.0,0.0,4.71238898038469,1.5707963267948966,0.0,0.0,0.0,0.0,0.0,1.5707963267948966,1.5707963267948966,3.141592653589793,1.5707963267948966,4.71238898038469
3.141592653589793,0.0,3.141592653589793,1.5707963267948966,4.71238898038469,0.0,3.141592653589793,3.141592653589793,6.283185307179586,3.141592653589793,0.0,0.0,4.71238898038469,1.5707963267948966,0.0,0.0,0.0,0.0,0.0,1.5707963267948966,1.5707963267948966,3.141592653589793,1.5707963267948966,4.71238898038469
3.141592653589793,0.0,3.141592653589793,1.5707963267948966,4.71238898038469,0.0,3.141592653589793,3.141592653589793,3.141592653589793,6.283185307179586,0.0,0.0,4.71238898038469,1.5707963267948966,0.0,0.0,0.0,0.0,0.0,1.5707963267948966,1.5707963267948966,3.141592653589793,1.5707963267948966,4.71238898038469
3.141592653589793,0.0,3.141592653589793,1.5707963267948966,4.71238898038469,0.0,3.141592653589793,3.141592653589793,3.141592653589793,3.141592653589793,3.141592653589793,0.0,4.71238898038469,1.5707963267948966,0.0,0.0,0.0,0.0,0.0,1.5707963267948966,1.5707963267948966,3.141592653589793,1.5707963267948966,4.71238898038469
3.141592653589793,0.0,3.141592653589793,1.5707963267948966,4.71238898038469,0.0,3.141592653589793,3.141592653589793,3.141592653589793,3.141592653589793,0.0,3.141592653589793,4.71238898038469,1.5707963267948966,0.0,0.0,0.0,0.0,0.0,1.5707963267948966,1.5707963267948966,3.141592653589793,1.5707963267948966,4.71238898038469
3.141592653589793,0.0,3.141592653589793,1.5707963267948966,4.71238898038469,0.0,3.141592653589793,3.141592653589793,3.141592653589793,3.141592653589793,0.0,0.0,4.71238898038469,4.71238898038469,0.0,0.0,0.0,0.0,0.0,1.5707963267948966,1.5707963267948966,3.141592653589793,1.5707963267948966,4.71238898038469
3.141592653589793,0.0,3.141592653589793,1.5707963267948966,4.71238898038469,0.0,3.141592653589793,3.141592653589793,3.141592653589793,3.141592653589793,0.0,0.0,4.71238898038469,1.5707963267948966,3.141592653589793,0.0,0.0,0.0,0.0,1.5707963267948966,1.5707963267948966,3.141592653589793,1.5707963267948966,4.71238898038469
3.141592653589793,0.0,3.141592653589793,1.5707963267948966,4.71238898038469,0.0,3.141592653589793,3.141592653589793,3.141592653589793,3.141592653589793,0.0,0.0,4.71238898038469,1.5707963267948966,0.0,3.141592653589793,0.0,0.0,0.0,1.5707963267948966,1.5707963267948966,3.141592653589793,1.5707963267948966,4.71238898038469
3.141592653589793,0.0,3.141592653589793,1.5707963267948966,4.71238898038469,0.0,3.141592653589793,3.141592653589793,3.141592653589793,3.141592653589793,0.0,0.0,4.71238898038469,1.5707963267948966,0.0,0.0,3.141592653589793,0.0,0.0,1.5707963267948966,1.5707963267948966,3.141592653589793,1.5707963267948966,4.71238898038469
3.141592653589793,0.0,3.141592653589793,1.5707963267948966,4.71238898038469,0.0,3.141592653589793,3.141592653589793,3.141592653589793,3.141592653589793,0.0,0.0,4.71238898038469,1.5707963267948966,0.0,0.0,0.0,3.141592653589793,0.0,1.5707963267948966,1.5707963267948966,3.141592653589793,1.5707963267948966,4.71238898038469
3.141592653589793,0.0,3.141592653589793,1.5707963267948966,4.71238898038469,0.0,3.141592653589793,3.141592653589793,3.141592653589793,3.141592653589793,0.0,0.0,4.71238898038469,1.5707963267948966,0.0,0.0,0.0,0.0,3.141592653589793,1.5707963267948966,1.5707963267948966,3.141592653589793,1.5707963267948966,4.71238898038469
3.141592653589793,0.0,3.141592653589793,1.5707963267948966,4.71238898038469,0.0,3.141592653589793,3.141592653589793,3.141592653589793,3.141592653589793,0.0,0.0,4.71238898038469,1.5707963267948966,0.0,0.0,0.0,0.0,0.0,4.71238898038469,1.5707963267948966,3.141592653589793,1.5707963267948966,4.71238898038469
3.141592653589793,0.0,3.141592653589793,1.5707963267948966,4.71238898038469,0.0,3.141592653589793,3.141592653589793,3.141592653589793,3.141592653589793,0.0,0.0,4.71238898038469,1.5707963267948966,0.0,0.0,0.0,0.0,0.0,1.5707963267948966,4.71238898038469,3.141592653589793,1.5707963267948966,4.71238898038469
3.141592653589793,0.0,3.141592653589793,1.5707963267948966,4.71238898038469,0.0,3.141592653589793,3.141592653589793,3.141592653589793,3.141592653589793,0.0,0.0,4.71238898038469,1.5707963267948966,0.0,0.0,0.0,0.0,0.0,1.5707963267948966,1.5707963267948966,6.283185307179586,1.5707963267948966,4.71238898038469
3.141592653589793,0.0,3.141592653589793,1.5707963267948966,4.71238898038469,0.0,3.141592653589793,3.141592653589793,3.141592653589793,3.141592653589793,0.0,0.0,4.71238898038469,1.5707963267948966,0.0,0.0,0.0,0.0,0.0,1.5707963267948966,1.5707963267948966,3.141592653589793,4.71238898038469,4.71238898038469
0.0,0.0,3.141592653589793,1.5707963267948966,4.71238898038469,0.0,3.141592653589793,3.141592653589793,3.141592653589793,3.141592653589793,0.0,0.0,4.71238898038469,1.5707963267948966,0.0,0.0,0.0,0.0,0.0,1.5707963267948966,1.5707963267948966,3.141592653589793,1.5707963267948966,4.71238898038469
3.141592653589793,0.0,0.0,1.5707963267948966,4.71238898038469,0.0,3.141592653589793,3.141592653589793,3.141592653589793,3.141592653589793,0.0,0.0,4.71238898038469,1.5707963267948966,0.0,0.0,0.0,0.0,0.0,1.5707963267948966,1.5707963267948966,3.141592653589793,1.5707963267948966,4.71238898038469
3.141592653589793,0.0,3.141592653589793,1.5707963267948966,1.5707963267948966,0.0,3.141592653589793,3.141592653589793,3.141592653589793,3.141592653589793,0.0,0.0,4.71238898038469,1.5707963267948966,0.0,0.0,0.0,0.0,0.0,1.5707963267948966,1.5707963267948966,3.141592653589793,1.5707963267948966,4.71238898038469
3.141592653589793,0.0,3.141592653589793,1.5707963267948966,4.71238898038469,0.0,0.0,3.141592653589793,3.141592653589793,3.141592653589793,0.0,0.0,4.71238898038469,1.5707963267948966,0.0,0.0,0.0,0.0,0.0,1.5707963267948966,1.5707963267948966,3.141592653589793,1.5707963267948966,4.71238898038469
3.141592653589793,0.0,3.141592653589793,1.5707963267948966,4.71238898038469,0.0,3.141592653589793,0.0,3.141592653589793,3.141592653589793,0.0,0.0,4.71238898038469,1.5707963267948966,0.0,0.0,0.0,0.0,0.0,1.5707963267948966,1.5707963267948966,3.141592653589793,1.5707963267948966,4.71238898038469
3.141592653589793,0.0,3.141592653589793,1.5707963267948966,4.71238898038469,0.0,3.141592653589793,3.141592653589793,0.0,3.141592653589793,0.0,0.0,4.71238898038469,1.5707963267948966,0.0,0.0,0.0,0.0,0.0,1.5707963267948966,1.5707963267948966,3.141592653589793,1.5707963267948966,4.71238898038469
3.141592653589793,0.0,3.141592653589793,1.5707963267948966,4.71238898038469,0.0,3.141592653589793,3.141592653589793,3.141592653589793,0.0,0.0,0.0,4.71238898038469,1.5707963267948966,0.0,0.0,0.0,0.0,0.0,1.5707963267948966,1.5707963267948966,3.141592653589793,1.5707963267948966,4.71238898038469
3.141592653589793,0.0,3.141592653589793,1.5707963267948966,4.71238898038469,0.0,3.141592653589793,3.141592653589793,3.141592653589793,3.141592653589793,0.0,0.0,1.5707963267948966,1.5707963267948966,0.0,0.0,0.0,0.0,0.0,1.5707963267948966,1.5707963267948966,3.141592653589793,1.5707963267948966,4.71238898038469
3.141592653589793,0.0,3.141592653589793,1.5707963267948966,4.71238898038469,0.0,3.141592653589793,3.141592653589793,3.141592653589793,3.141592653589793,0.0,0.0,4.71238898038469,1.5707963267948966,0.0,0.0,0.0,0.0,0.0,1.5707963267948966,1.5707963267948966,0.0,1.5707963267948966,4.71238898038469
3.141592653589793,0.0,3.141592653589793,1.5707963267948966,4.71238898038469,0.0,3.141592653589793,3.141592653589793,3.141592653589793,3.141592653589793,0.0,0.0,4.71238898038469,1.5707963267948966,0.0,0.0,0.0,0.0,0.0,1.5707963267948966,1.5707963267948966,3.141592653589793,1.5707963267948966,1.5707963267948966
4.71238898038469,0.0,3.141592653589793,1.5707963267948966,4.71238898038469,0.0,6.283185307179586,3.141592653589793,3.141592653589793,3.141592653589793,0.0,0.0,4.71238898038469,1.5707963267948966,0.0,0.0,0.0,0.0,0.0,1.5707963267948966,1.5707963267948966,3.141592653589793,1.5707963267948966,4.71238898038469
3.141592653589793,1.5707963267948966,3.141592653589793,1.5707963267948966,4.71238898038469,0.0,6.283185307179586,3.141592653589793,3.141592653589793,3.141592653589793,0.0,0.0,4.71238898038469,1.5707963267948966,0.0,0.0,0.0,0.0,0.0,1.5707963267948966,1.5707963267948966,3.141592653589793,1.5707963267948966,4.71238898038469
3.141592653589793,0.0,4.71238898038469,1.5707963267948966,4.71238898038469,0.0,6.283185307179586,3.141592653589793,3.141592653589793,3.141592653589793,0.0,0.0,4.71238898038469,1.5707963267948966,0.0,0.0,0.0,0.0,0.0,1.5707963267948966,1.5707963267948966,3.141592653589793,1.5707963267948966,4.71238898038469
3.141592653589793,0.0,3.141592653589793,3.141592653589793,4.71238898038469,0.0,6.283185307179586,3.141592653589793,3.141592653589793,3.141592653589793,0.0,0.0,4.71238898038469,1.5707963267948966,0.0,0.0,0.0,0.0,0.0,1.5707963267948966,1.5707963267948966,3.141592653589793,1.5707963267948966,4.71238898038469
3.141592653589793,0.0,3.141592653589793,1.5707963267948966,6.283185307179586,0.0,6.283185307179586,3.141592653589793,3.141592653589793,3.141592653589793,0.0,0.0,4.71238898038469,1.5707963267948966,0.0,0.0,0.0,0.0,0.0,1.5707963267948966,1.5707963267948966,3.141592653589793,1.5707963267948966,4.71238898038469
3.141592653589793,0.0,3.141592653589793,1.5707963267948966,4.71238898038469,1.5707963267948966,6.283185307179586,3.141592653589793,3.141592653589793,3.141592653589793,0.0,0.0,4.71238898038469,1.5707963267948966,0.0,0.0,0.0,0.0,0.0,1.5707963267948966,1.5707963267948966,3.141592653589793,1.5707963267948966,4.71238898038469
3.141592653589793,0.0,3.141592653589793,1.5707963267948966,4.71238898038469,0.0,6.283185307179586,4.71238898038469,3.141592653589793,3.141592653589793,0.0,0.0,4.71238898038469,1.5707963267948966,0.0,0.0,0.0,0.0,0.0,1.5707963267948966,1.5707963267948966,3.141592653589793,1.5707963267948966,4.71238898038469
3.141592653589793,0.0,3.141592653589793,1.5707963267948966,4.71238898038469,0.0,6.283185307179586,3.141592653589793,4.71238898038469,3.141592653589793,0.0,0.0,4.71238898038469,1.5707963267948966,0.0,0.0,0.0,0.0,0.0,1.5707963267948966,1.5707963267948966,3.141592653589793,1.5707963267948966,4.71238898038469
3.141592653589793,0.0,3.141592653589793,1.5707963267948966,4.71238898038469,0.0,6.283185307179586,3.141592653589793,3.141592653589793,4.71238898038469,0.0,0.0,4.71238898038469,1.5707963267948966,0.0,0.0,0.0,0.0,0.0,1.5707963267948966,1.5707963267948966,3.141592653589793,1.5707963267948966,4.71238898038469
3.141592653589793,0.0,3.141592653589793,1.5707963267948966,4.71238898038469,0.0,6.283185307179586,3.141592653589793,3.141592653589793,3.141592653589793,1.5707963267948966,0.0,4.71238898038469,1.5707963267948966,0.0,0.0,0.0,0.0,0.0,1.5707963267948966,1.5707963267948966,3.141592653589793,1.5707963267948966,4.71238898038469
3.141592653589793,0.0,3.141592653589793,1.5707963267948966,4.71238898038469,0.0,6.283185307179586,3.141592653589793,3.141592653589793,3.141592653589793,0.0,1.5707963267948966,4.71238898038469,1.5707963267948966,0.0,0.0,0.0,0.0,0.0,1.5707963267948966,1.5707963267948966,3.141592653589793,1.5707963267948966,4.71238898038469
3.141592653589793,0.0,3.141592653589793,1.5707963267948966,4.71238898038469,0.0,6.283185307179586,3.141592653589793,3.141592653589793,3.141592653589793,0.0,0.0,6.283185307179586,1.5707963267948966,0.0,0.0,0.0,0.0,0.0,1.5707963267948966,1.5707963267948966,3.141592653589793,1.5707963267948966,4.71238898038469
3.141592653589793,0.0,3.141592653589793,1.5707963267948966,4.71238898038469,0.0,6.283185307179586,3.141592653589793,3.141592653589793,3.141592653589793,0.0,0.0,4.71238898038469,3.141592653589793,0.0,0.0,0.0,0.0,0.0,1.5707963267948966,1.5707963267948966,3.141592653589793,1.5707963267948966,4.71238898038469
3.141592653589793,0.0,3.141592653589793,1.5707963267948966,4.71238898038469,0.0,6.283185307179586,3.141592653589793,3.141592653589793,3.141592653589793,0.0,0.0,4.71238898038469,1.5707963267948966,1.5707963267948966,0.0,0.0,0.0,0.0,1.5707963267948966,1.5707963267948966,3.141592653589793,1.5707963267948966,4.71238898038469
3.141592653589793,0.0,3.141592653589793,1.5707963267948966,4.71238898038469,0.0,6.283185307179586,3.141592653589793,3.141592653589793,3.141592653589793,0.0,0.0,4.71238898038469,1.5707963267948966,0.0,1.5707963267948966,0.0,0.0,0.0,1.5707963267948966,1.5707963267948966,3.141592653589793,1.5707963267948966,4.71238898038469
3.141592653589793,0.0,3.141592653589793,1.5707963267948966,4.71238898038469,0.0,6.283185307179586,3.141592653589793,3.141592653589793,3.141592653589793,0.0,0.0,4.71238898038469,1.5707963267948966,0.0,0.0,1.5707963267948966,0.0,0.0,1.5707963267948966,1.5707963267948966,3.141592653589793,1.5707963267948966,4.71238898038469
3.141592653589793,0.0,3.141592653589793,1.5707963267948966,4.71238898038469,0.0,6.283185307179586,3.141592653589793,3.141592653589793,3.141592653589793,0.0,0.0,4.71238898038469,1.5707963267948966,0.0,0.0,0.0,1.5707963267948966,0.0,1.5707963267948966,1.5707963267948966,3.141592653589793,1.5707963267948966,4.71238898038469
3.141592653589793,0.0,3.141592653589793,1.5707963267948966,4.71238898038469,0.0,6.283185307179586,3.141592653589793,3.141592653589793,3.141592653589793,0.0,0.0,4.71238898038469,1.5707963267948966,0.0,0.0,0.0,0.0,1.5707963267948966,1.5707963267948966,1.5707963267948966,3.141592653589793,1.5707963267948966,4.71238898038469
3.141592653589793,0.0,3.141592653589793,1.5707963267948966,4.71238898038469,0.0,6.283185307179586,3.141592653589793,3.141592653589793,3.141592653589793,0.0,0.0,4.71238898038469,1.5707963267948966,0.0,0.0,0.0,0.0,0.0,3.141592653589793,1.5707963267948966,3.141592653589793,1.5707963267948966,4.71238898038469
3.141592653589793,0.0,3.141592653589793,1.5707963267948966,4.71238898038469,0.0,6.283185307179586,3.141592653589793,3.141592653589793,3.141592653589793,0.0,0.0,4.71238898038469,1.5707963267948966,0.0,0.0,0.0,0.0,0.0,1.5707963267948966,3.141592653589793,3.141592653589793,1.5707963267948966,4.71238898038469
3.141592653589793,0.0,3.141592653589793,1.5707963267948966,4.71238898038469,0.0,6.283185307179586,3.141592653589793,3.141592653589793,3.141592653589793,0.0,0.0,4.71238898038469,1.5707963267948966,0.0,0.0,0.0,0.0,0.0,1.5707963267948966,1.5707963267948966,4.71238898038469,1.5707963267948966,4.71238898038469
3.141592653589793,0.0,3.141592653589793,1.5707963267948966,4.71238898038469,0.0,6.283185307179586,3.141592653589793,3.141592653589793,3.141592653589793,0.0,0.0,4.71238898038469,1.5707963267948966,0.0,0.0,0.0,0.0,0.0,1.5707963267948966,1.5707963267948966,3.141592653589793,3.141592653589793,4.71238898038469
3.141592653589793,0.0,3.141592653589793,1.5707963267948966,4.71238898038469,0.0,6.283185307179586,3.141592653589793,3.141592653589793,3.141592653589793,0.0,0.0,4.71238898038469,1.5707963267948966,0.0,0.0,0.0,0.0,0.0,1.5707963267948966,1.5707963267948966,3.141592653589793,1.5707963267948966,6.283185307179586
1.5707963267948966,0.0,3.141592653589793,1.5707963267948966,4.71238898038469,0.0,6.283185307179586,3.141592653589793,3.141592653589793,3.141592653589793,0.0,0.0,4.71238898038469,1.5707963267948966,0.0,0.0,0.0,0.0,0.0,1.5707963267948966,1.5707963267948966,3.141592653589793,1.5707963267948966,4.71238898038469
3.141592653589793,0.0,1.5707963267948966,1.5707963267948966,4.71238898038469,0.0,6.283185307179586,3.141592653589793,3.141592653589793,3.141592653589793,0.0,0.0,4.71238898038469,1.5707963267948966,0.0,0.0,0.0,0.0,0.0,1.5707963267948966,1.5707963267948966,3.141592653589793,1.5707963267948966,4.71238898038469
3.141592653589793,0.0,3.141592653589793,0.0,4.71238898038469,0.0,6.283185307179586,3.141592653589793,3.141592653589793,3.141592653589793,0.0,0.0,4.71238898038469,1.5707963267948966,0.0,0.0,0.0,0.0,0.0,1.5707963267948966,1.5707963267948966,3.141592653589793,1.5707963267948966,4.71238898038469
3.141592653589793,0.0,3.141592653589793,1.5707963267948966,3.141592653589793,0.0,6.283185307179586,3.141592653589793,3.141592653589793,3.141592653589793,0.0,0.0,4.71238898038469,1.5707963267948966,0.0,0.0,0.0,0.0,0.0,1.5707963267948966,1.5707963267948966,3.141592653589793,1.5707963267948966,4.71238898038469
3.141592653589793,0.0,3.141592653589793,1.5707963267948966,4.71238898038469,0.0,4.71238898038469,3.141592653589793,3.141592653589793,3.141592653589793,0.0,0.0,4.71238898038469,1.5707963267948966,0.0,0.0,0.0,0.0,0.0,1.5707963267948966,1.5707963267948966,3.141592653589793,1.5707963267948966,4.71238898038469
3.141592653589793,0.0,3.141592653589793,1.5707963267948966,4.71238898038469,0.0,6.283185307179586,1.5707963267948966,3.141592653589793,3.141592653589793,0.0,0.0,4.71238898038469,1.5707963267948966,0.0,0.0,0.0,0.0,0.0,1.5707963267948966,1.5707963267948966,3.141592653589793,1.5707963267948966,4.71238898038469
3.141592653589793,0.0,3.141592653589793,1.5707963267948966,4.71238898038469,0.0,6.283185307179586,3.141592653589793,1.5707963267948966,3.141592653589793,0.0,0.0,4.71238898038469,1.5707963267948966,0.0,0.0,0.0,0.0,0.0,1.5707963267948966,1.5707963267948966,3.141592653589793,1.5707963267948966,4.71238898038469
3.141592653589793,0.0,3.141592653589793,1.5707963267948966,4.71238898038469,0.0,6.283185307179586,3.141592653589793,3.141592653589793,1.5707963267948966,0.0,0.0,4.71238898038469,1.5707963267948966,0.0,0.0,0.0,0.0,0.0,1.5707963267948966,1.5707963267948966,3.141592653589793,1.5707963267948966,4.71238898038469
3.141592653589793,0.0,3.141592653589793,1.5707963267948966,4.71238898038469,0.0,6.283185307179586,3.141592653589793,3.141592653589793,3.141592653589793,0.0,0.0,3.141592653589793,1.5707963267948966,0.0,0.0,0.0,0.0,0.0,1.5707963267948966,1.5707963267948966,3.141592653589793,1.5707963267948966,4.71238898038469
3.141592653589793,0.0,3.141592653589793,1.5707963267948966,4.71238898038469,0.0,6.283185307179586,3.141592653589793,3.141592653589793,3.141592653589793,0.0,0.0,4.71238898038469,0.0,0.0,0.0,0.0,0.0,0.0,1.5707963267948966,1.5707963267948966,3.141592653589793,1.5707963267948966,4.71238898038469
3.141592653589793,0.0,3.141592653589793,1.5707963267948966,4.71238898038469,0.0,6.283185307179586,3.141592653589793,3.141592653589793,3.141592653589793,0.0,0.0,4.71238898038469,1.5707963267948966,0.0,0.0,0.0,0.0,0.0,0.0,1.5707963267948966,3.141592653589793,1.5707963267948966,4.71238898038469
3.141592653589793,0.0,3.141592653589793,1.5707963267948966,4.71238898038469,0.0,6.283185307179586,3.141592653589793,3.141592653589793,3.141592653589793,0.0,0.0,4.71238898038469,1.5707963267948966,0.0,0.0,0.0,0.0,0.0,1.5707963267948966,0.0,3.141592653589793,1.5707963267948966,4.71238898038469
3.141592653589793,0.0,3.141592653589793,1.5707963267948966,4.71238898038469,0.0,6.283185307179586,3.141592653589793,3.141592653589793,3.141592653589793,0.0,0.0,4.71238898038469,1.5707963267948966,0.0,0.0,0.0,0.0,0.0,1.5707963267948966,1.5707963267948966,1.5707963267948966,1.5707963267948966,4.71238898038469
3.141592653589793,0.0,3.141592653589793,1.5707963267948966,4.71238898038469,0.0,6.283185307179586,3.141592653589793,3.141592653589793,3.141592653589793,0.0,0.0,4.71238898038469,1.5707963267948966,0.0,0.0,0.0,0.0,0.0,1.5707963267948966,1.5707963267948966,3.141592653589793,0.0,4.71238898038469
3.141592653589793,0.0,3.141592653589793,1.5707963267948966,4.71238898038469,0.0,6.283185307179586,3.141592653589793,3.141592653589793,3.141592653589793,0.0,0.0,4.71238898038469,1.5707963267948966,0.0,0.0,0.0,0.0,0.0,1.5707963267948966,1.5707963267948966,3.141592653589793,1.5707963267948966,3.141592653589793
3.154746988985655,0.0,3.1763908262826828,1.6284688197102524,4.696798081195208,0.0,6.283185307179586,3.1692983007881126,3.130259291871543,3.1203120986817066,0.0,0.0,4.701401831505498,1.5739724056842646,0.0,0.0,0.0,0.0,0.0,1.648605590910215,1.5969133799767048,3.0925286412289776,1.669136973115548,4.704478770991359
3.148169821287724,0.0,3.158991739936238,1.5996325732525745,4.704593530789949,0.0,6.283185307179586,3.1554454771889526,3.135925972730668,3.13095237613575,0.0,0.0,4.706895405945094,1.5723843662395807,0.0,0.0,0.0,0.0,0.0,1.609700958852556,1.5838548533858006,3.1170606474093856,1.6199666499552223,4.708433875688025
3.1448812374387582,0.0,3.150292196763016,1.5852144500237355,4.70849125558732,0.0,6.283185307179586,3.148519065389373,3.1387593131602305,3.1362725148627715,0.0,0.0,4.709642193164892,1.5715903465172385,0.0,0.0,0.0,0.0,0.0,1.5902486428237264,1.5773255900903487,3.129326650499589,1.5953814883750594,4.710411428036357
3.143236945514276,0.0,3.145942425176404,1.5780053884093161,4.710440117986004,0.0,6.283185307179586,3.145055859489583,3.140175983375012,3.1389325842262825,0.0,0.0,4.71101558677479,1.5711933366560673,0.0,0.0,0.0,0.0,0.0,1.5805224848093113,1.5740609584426228,3.135459652044691,1.5830889075849781,4.711400204210523
4.71238898038469,0.0,3.141592653589793,1.5707963267948966,4.71238898038469,0.0,6.283185307179586,3.141592653589793,3.141592653589793,3.141592653589793,0.0,0.0,4.71238898038469,1.5707963267948966,0.0,0.0,0.0,0.0,0.0,1.5707963267948966,1.5707963267948966,3.141592653589793,1.5707963267948966,4.71238898038469
3.141592653589793,1.5707963267948966,3.141592653589793,1.5707963267948966,4.71238898038469,0.0,6.283185307179586,3.141592653589793,3.141592653589793,3.141592653589793,0.0,0.0,4.71238898038469,1.5707963267948966,0.0,0.0,0.0,0.0,0.0,1.5707963267948966,1.5707963267948966,3.141592653589793,1.5707963267948966,4.71238898038469
3.141592653589793,0.0,4.71238898038469,1.5707963267948966,4.71238898038469,0.0,6.283185307179586,3.141592653589793,3.141592653589793,3.141592653589793,0.0,0.0,4.71238898038469,1.5707963267948966,0.0,0.0,0.0,0.0,0.0,1.5707963267948966,1.5707963267948966,3.141592653589793,1.5707963267948966,4.71238898038469
3.141592653589793,0.0,3.141592653589793,3.141592653589793,4.71238898038469,0.0,6.283185307179586,3.141592653589793,3.141592653589793,3.141592653589793,0.0,0.0,4.71238898038469,1.5707963267948966,0.0,0.0,0.0,0.0,0.0,1.5707963267948966,1.5707963267948966,3.141592653589793,1.5707963267948966,4.71238898038469
3.141592653589793,0.0,3.141592653589793,1.5707963267948966,6.283185307179586,0.0,6.283185307179586,3.141592653589793,3.141592653589793,3.141592653589793,0.0,0.0,4.71238898038469,1.5707963267948966,0.0,0.0,0.0,0.0,0.0,1.5707963267948966,1.5707963267948966,3.141592653589793,1.5707963267948966,4.71238898038469
3.141592653589793,0.0,3.141592653589793,1.5707963267948966,4.71238898038469,1.5707963267948966,6.283185307179586,3.141592653589793,3.141592653589793,3.141592653589793,0.0,0.0,4.71238898038469,1.5707963267948966,0.0,0.0,0.0,0.0,0.0,1.5707963267948966,1.5707963267948966,3.141592653589793,1.5707963267948966,4.71238898038469
3.141592653589793,0.0,3.141592653589793,1.5707963267948966,4.71238898038469,0.0,6.283185307179586,4.71238898038469,3.141592653589793,3.141592653589793,0.0,0.0,4.71238898038469,1.5707963267948966,0.0,0.0,0.0,0.0,0.0,1.5707963267948966,1.5707963267948966,3.141592653589793,1.5707963267948966,4.71238898038469
3.141592653589793,0.0,3.141592653589793,1.5707963267948966,4.71238898038469,0.0,6.283185307179586,3.141592653589793,4.71238898038469,3.141592653589793,0.0,0.0,4.71238898038469,1.5707963267948966,0.0,0.0,0.0,0.0,0.0,1.5707963267948966,1.5707963267948966,3.141592653589793,1.5707963267948966,4.71238898038469
3.141592653589793,0.0,3.141592653589793,1.5707963267948966,4.71238898038469,0.0,6.283185307179586,3.141592653589793,3.141592653589793,4.71238898038469,0.0,0.0,4.71238898038469,1.5707963267948966,0.0,0.0,0.0,0.0,0.0,1.5707963267948966,1.5707963267948966,3.141592653589793,1.5707963267948966,4.71238898038469
3.141592653589793,0.0,3.141592653589793,1.5707963267948966,4.71238898038469,0.0,6.283185307179586,3.141592653589793,3.141592653589793,3.141592653589793,1.5707963267948966,0.0,4.71238898038469,1.5707963267948966,0.0,0.0,0.0,0.0,0.0,1.5707963267948966,1.5707963267948966,3.141592653589793,1.5707963267948966,4.71238898038469
3.141592653589793,0.0,3.141592653589793,1.5707963267948966,4.71238898038469,0.0,6.283185307179586,3.141592653589793,3.141592653589793,3.141592653589793,0.0,1.5707963267948966,4.71238898038469,1.5707963267948966,0.0,0.0,0.0,0.0,0.0,1.5707963267948966,1.5707963267948966,3.141592653589793,1.5707963267948966,4.71238898038469
3.141592653589793,0.0,3.141592653589793,1.5707963267948966,4.71238898038469,0.0,6.283185307179586,3.141592653589793,3.141592653589793,3.141592653589793,0.0,0.0,6.283185307179586,1.5707963267948966,0.0,0.0,0.0,0.0,0.0,1.5707963267948966,1.5707963267948966,3.141592653589793,1.5707963267948966,4.71238898038469
3.141592653589793,0.0,3.141592653589793,1.5707963267948966,4.71238898038469,0.0,6.283185307179586,3.141592653589793,3.141592653589793,3.141592653589793,0.0,0.0,4.71238898038469,3.141592653589793,0.0,0.0,0.0,0.0,0.0,1.5707963267948966,1.5707963267948966,3.141592653589793,1.5707963267948966,4.71238898038469
3.141592653589793,0.0,3.141592653589793,1.5707963267948966,4.71238898038469,0.0,6.283185307179586,3.141592653589793,3.141592653589793,3.141592653589793,0.0,0.0,4.71238898038469,1.5707963267948966,1.5707963267948966,0.0,0.0,0.0,0.0,1.5707963267948966,1.5707963267948966,3.141592653589793,1.5707963267948966,4.71238898038469
3.141592653589793,0.0,3.141592653589793,1.5707963267948966,4.71238898038469,0.0,6.283185307179586,3.141592653589793,3.141592653589793,3.141592653589793,0.0,0.0,4.71238898038469,1.5707963267948966,0.0,1.5707963267948966,0.0,0.0,0.0,1.5707963267948966,1.5707963267948966,3.141592653589793,1.5707963267948966,4.71238898038469
3.141592653589793,0.0,3.141592653589793,1.5707963267948966,4.71238898038469,0.0,6.283185307179586,3.141592653589793,3.141592653589793,3.141592653589793,0.0,0.0,4.71238898038469,1.5707963267948966,0.0,0.0,1.5707963267948966,0.0,0.0,1.5707963267948966,1.5707963267948966,3.141592653589793,1.5707963267948966,4.71238898038469
3.141592653589793,0.0,3.141592653589793,1.5707963267948966,4.71238898038469,0.0,6.283185307179586,3.141592653589793,3.141592653589793,3.141592653589793,0.0,0.0,4.71238898038469,1.5707963267948966,0.0,0.0,0.0,1.5707963267948966,0.0,1.5707963267948966,1.5707963267948966,3.141592653589793,1.5707963267948966,4.71238898038469
3.141592653589793,0.0,3.141592653589793,1.5707963267948966,4.71238898038469,0.0,6.283185307179586,3.141592653589793,3.141592653589793,3.141592653589793,0.0,0.0,4.71238898038469,1.5707963267948966,0.0,0.0,0.0,0.0,1.5707963267948966,1.5707963267948966,1.5707963267948966,3.141592653589793,1.5707963267948966,4.71238898038469
3.141592653589793,0.0,3.141592653589793,1.5707963267948966,4.71238898038469,0.0,6.283185307179586,3.141592653589793,3.141592653589793,3.141592653589793,0.0,0.0,4.71238898038469,1.5707963267948966,0.0,0.0,0.0,0.0,0.0,3.141592653589793,1.5707963267948966,3.141592653589793,1.5707963267948966,4.71238898038469
3.141592653589793,0.0,3.141592653589793,1.5707963267948966,4.71238898038469,0.0,6.283185307179586,3.141592653589793,3.141592653589793,3.141592653589793,0.0,0.0,4.71238898038469,1.5707963267948966,0.0,0.0,0.0,0.0,0.0,1.5707963267948966,3.141592653589793,3.141592653589793,1.5707963267948966,4.71238898038469
3.141592653589793,0.0,3.141592653589793,1.5707963267948966,4.71238898038469,0.0,6.283185307179586,3.141592653589793,3.141592653589793,3.141592653589793,0.0,0.0,4.71238898038469,1.5707963267948966,0.0,0.0,0.0,0.0,0.0,1.5707963267948966,1.5707963267948966,4.71238898038469,1.5707963267948966,4.71238898038469
3.141592653589793,0.0,3.141592653589793,1.5707963267948966,4.71238898038469,0.0,6.283185307179586,3.141592653589793,3.141592653589793,3.141592653589793,0.0,0.0,4.71238898038469,1.5707963267948966,0.0,0.0,0.0,0.0,0.0,1.5707963267948966,1.5707963267948966,3.141592653589793,3.141592653589793,4.71238898038469
3.141592653589793,0.0,3.141592653589793,1.5707963267948966,4.71238898038469,0.0,6.283185307179586,3.141592653589793,3.141592653589793,3.141592653589793,0.0,0.0,4.71238898038469,1.5707963267948966,0.0,0.0,0.0,0.0,0.0,1.5707963267948966,1.5707963267948966,3.141592653589793,1.5707963267948966,6.283185307179586
1.5707963267948966,0.0,3.141592653589793,1.5707963267948966,4.71238898038469,0.0,6.283185307179586,3.141592653589793,3.141592653589793,3.141592653589793,0.0,0.0,4.71238898038469,1.5707963267948966,0.0,0.0,0.0,0.0,0.0,1.5707963267948966,1.5707963267948966,3.141592653589793,1.5707963267948966,4.71238898038469
3.141592653589793,0.0,1.5707963267948966,1.5707963267948966,4.71238898038469,0.0,6.283185307179586,3.141592653589793,3.141592653589793,3.141592653589793,0.0,0.0,4.71238898038469,1.5707963267948966,0.0,0.0,0.0,0.0,0.0,1.5707963267948966,1.5707963267948966,3.141592653589793,1.5707963267948966,4.71238898038469
3.141592653589793,0.0,3.141592653589793,0.0,4.71238898038469,0.0,6.283185307179586,3.141592653589793,3.141592653589793,3.141592653589793,0.0,0.0,4.71238898038469,1.5707963267948966,0.0,0.0,0.0,0.0,0.0,1.5707963267948966,1.5707963267948966,3.141592653589793,1.5707963267948966,4.71238898038469
3.141592653589793,0.0,3.141592653589793,1.5707963267948966,3.141592653589793,0.0,6.283185307179586,3.141592653589793,3.141592653589793,3.141592653589793,0.0,0.0,4.71238898038469,1.5707963267948966,0.0,0.0,0.0,0.0,0.0,1.5707963267948966,1.5707963267948966,3.141592653589793,1.5707963267948966,4.71238898038469
3.141592653589793,0.0,3.141592653589793,1.5707963267948966,4.71238898038469,0.0,4.71238898038469,3.141592653589793,3.141592653589793,3.141592653589793,0.0,0.0,4.71238898038469,1.5707963267948966,0.0,0.0,0.0,0.0,0.0,1.5707963267948966,1.5707963267948966,3.141592653589793,1.5707963267948966,4.71238898038469
3.141592653589793,0.0,3.141592653589793,1.5707963267948966,4.71238898038469,0.0,6.283185307179586,1.5707963267948966,3.141592653589793,3.141592653589793,0.0,0.0,4.71238898038469,1.5707963267948966,0.0,0.0,0.0,0.0,0.0,1.5707963267948966,1.5707963267948966,3.141592653589793,1.5707963267948966,4.71238898038469
3.141592653589793,0.0,3.141592653589793,1.5707963267948966,4.71238898038469,0.0,6.283185307179586,3.141592653589793,1.5707963267948966,3.141592653589793,0.0,0.0,4.71238898038469,1.5707963267948966,0.0,0.0,0.0,0.0,0.0,1.5707963267948966,1.5707963267948966,3.141592653589793,1.5707963267948966,4.71238898038469
3.141592653589793,0.0,3.141592653589793,1.5707963267948966,4.71238898038469,0.0,6.283185307179586,3.141592653589793,3.141592653589793,1.5707963267948966,0.0,0.0,4.71238898038469,1.5707963267948966,0.0,0.0,0.0,0.0,0.0,1.5707963267948966,1.5707963267948966,3.141592653589793,1.5707963267948966,4.71238898038469
3.141592653589793,0.0,3.141592653589793,1.5707963267948966,4.71238898038469,0.0,6.283185307179586,3.141592653589793,3.141592653589793,3.141592653589793,0.0,0.0,3.141592653589793,1.5707963267948966,0.0,0.0,0.0,0.0,0.0,1.5707963267948966,1.5707963267948966,3.141592653589793,1.5707963267948966,4.71238898038469
3.141592653589793,0.0,3.141592653589793,1.5707963267948966,4.71238898038469,0.0,6.283185307179586,3.141592653589793,3.141592653589793,3.141592653589793,0.0,0.0,4.71238898038469,0.0,0.0,0.0,0.0,0.0,0.0,1.5707963267948966,1.5707963267948966,3.141592653589793,1.5707963267948966,4.71238898038469
3.141592653589793,0.0,3.141592653589793,1.5707963267948966,4.71238898038469,0.0,6.283185307179586,3.141592653589793,3.141592653589793,3.141592653589793,0.0,0.0,4.71238898038469,1.5707963267948966,0.0,0.0,0.0,0.0,0.0,0.0,1.5707963267948966,3.141592653589793,1.5707963267948966,4.71238898038469
3.141592653589793,0.0,3.141592653589793,1.5707963267948966,4.71238898038469,0.0,6.283185307179586,3.141592653589793,3.141592653589793,3.141592653589793,0.0,0.0,4.71238898038469,1.5707963267948966,0.0,0.0,0.0,0.0,0.0,1.5707963267948966,0.0,3.141592653589793,1.5707963267948966,4.71238898038469
3.141592653589793,0.0,3.141592653589793,1.5707963267948966,4.71238898038469,0.0,6.283185307179586,3.141592653589793,3.141592653589793,3.141592653589793,0.0,0.0,4.71238898038469,1.5707963267948966,0.0,0.0,0.0,0.0,0.0,1.5707963267948966,1.5707963267948966,1.5707963267948966,1.5707963267948966,4.71238898038469
3.141592653589793,0.0,3.141592653589793,1.5707963267948966,4.71238898038469,0.0,6.283185307179586,3.141592653589793,3.141592653589793,3.141592653589793,0.0,0.0,4.71238898038469,1.5707963267948966,0.0,0.0,0.0,0.0,0.0,1.5707963267948966,1.5707963267948966,3.141592653589793,0.0,4.71238898038469
3.141592653589793,0.0,3.141592653589793,1.5707963267948966,4.71238898038469,0.0,6.283185307179586,3.141592653589793,3.141592653589793,3.141592653589793,0.0,0.0,4.71238898038469,1.5707963267948966,0.0,0.0,0.0,0.0,0.0,1.5707963267948966,1.5707963267948966,3.141592653589793,1.5707963267948966,3.141592653589793
3.9269908169872414,0.0,3.141592653589793,1.5707963267948966,4.71238898038469,0.0,6.283185307179586,3.141592653589793,3.141592653589793,3.141592653589793,0.0,0.0,4.71238898038469,1.5707963267948966,0.0,0.0,0.0,0.0,0.0,1.5707963267948966,1.5707963267948966,1.5707963267948966,1.5707963267948966,4.71238898038469
3.141592653589793,0.7853981633974483,3.141592653589793,1.5707963267948966,4.71238898038469,0.0,6.283185307179586,3.141592653589793,3.141592653589793,3.141592653589793,0.0,0.0,4.71238898038469,1.5707963267948966,0.0,0.0,0.0,0.0,0.0,1.5707963267948966,1.5707963267948966,1.5707963267948966,1.5707963267948966,4.71238898038469
3.141592653589793,0.0,3.9269908169872414,1.5707963267948966,4.71238898038469,0.0,6.283185307179586,3.141592653589793,3.141592653589793,3.141592653589793,0.0,0.0,4.71238898038469,1.5707963267948966,0.0,0.0,0.0,0.0,0.0,1.5707963267948966,1.5707963267948966,1.5707963267948966,1.5707963267948966,4.71238898038469
3.141592653589793,0.0,3.141592653589793,2.356194490192345,4.71238898038469,0.0,6.283185307179586,3.141592653589793,3.141592653589793,3.141592653589793,0.0,0.0,4.71238898038469,1.5707963267948966,0.0,0.0,0.0,0.0,0.0,1.5707963267948966,1.5707963267948966,1.5707963267948966,1.5707963267948966,4.71238898038469
3.141592653589793,0.0,3.141592653589793,1.5707963267948966,5.497787143782138,0.0,6.283185307179586,3.141592653589793,3.141592653589793,3.141592653589793,0.0,0.0,4.71238898038469,1.5707963267948966,0.0,0.0,0.0,0.0,0.0,1.5707963267948966,1.5707963267948966,1.5707963267948966,1.5707963267948966,4.71238898038469
3.141592653589793,0.0,3.141592653589793,1.5707963267948966,4.71238898038469,0.7853981633974483,6.283185307179586,3.141592653589793,3.141592653589793,3.141592653589793,0.0,0.0,4.71238898038469,1.5707963267948966,0.0,0.0,0.0,0.0,0.0,1.5707963267948966,1.5707963267948966,1.5707963267948966,1.5707963267948966,4.71238898038469
3.141592653589793,0.0,3.141592653589793,1.5707963267948966,4.71238898038469,0.0,6.283185307179586,3.9269908169872414,3.141592653589793,3.141592653589793,0.0,0.0,4.71238898038469,1.5707963267948966,0.0,0.0,0.0,0.0,0.0,1.5707963267948966,1.5707963267948966,1.5707963267948966,1.5707963267948966,4.71238898038469
3.141592653589793,0.0,3.141592653589793,1.5707963267948966,4.71238898038469,0.0,6.283185307179586,3.141592653589793,3.9269908169872414,3.141592653589793,0.0,0.0,4.71238898038469,1.5707963267948966,0.0,0.0,0.0,0.0,0.0,1.5707963267948966,1.5707963267948966,1.5707963267948966,1.5707963267948966,4.71238898038469
3.141592653589793,0.0,3.141592653589793,1.5707963267948966,4.71238898038469,0.0,6.283185307179586,3.141592653589793,3.141592653589793,3.9269908169872414,0.0,0.0,4.71238898038469,1.5707963267948966,0.0,0.0,0.0,0.0,0.0,1.5707963267948966,1.5707963267948966,1.5707963267948966,1.5707963267948966,4.71238898038469
3.141592653589793,0.0,3.141592653589793,1.5707963267948966,4.71238898038469,0.0,6.283185307179586,3.141592653589793,3.141592653589793,3.141592653589793,0.7853981633974483,0.0,4.71238898038469,1.5707963267948966,0.0,0.0,0.0,0.0,0.0,1.5707963267948966,1.5707963267948966,1.5707963267948966,1.5707963267948966,4.71238898038469
3.141592653589793,0.0,3.141592653589793,1.5707963267948966,4.71238898038469,0.0,6.283185307179586,3.141592653589793,3.141592653589793,3.141592653589793,0.0,0.7853981633974483,4.71238898038469,1.5707963267948966,0.0,0.0,0.0,0.0,0.0,1.5707963267948966,1.5707963267948966,1.5707963267948966,1.5707963267948966,4.71238898038469
3.141592653589793,0.0,3.141592653589793,1.5707963267948966,4.71238898038469,0.0,6.283185307179586,3.141592653589793,3.141592653589793,3.141592653589793,0.0,0.0,5.497787143782138,1.5707963267948966,0.0,0.0,0.0,0.0,0.0,1.5707963267948966,1.5707963267948966,1.5707963267948966,1.5707963267948966,4.71238898038469
3.141592653589793,0.0,3.141592653589793,1.5707963267948966,4.71238898038469,0.0,6.283185307179586,3.141592653589793,3.141592653589793,3.141592653589793,0.0,0.0,4.71238898038469,2.356194490192345,0.0,0.0,0.0,0.0,0.0,1.5707963267948966,1.5707963267948966,1.5707963267948966,1.5707963267948966,4.71238898038469
3.141592653589793,0.0,3.141592653589793,1.5707963267948966,4.71238898038469,0.0,6.283185307179586,3.141592653589793,3.141592653589793,3.141592653589793,0.0,0.0,4.71238898038469,1.5707963267948966,0.7853981633974483,0.0,0.0,0.0,0.0,1.5707963267948966,1.5707963267948966,1.5707963267948966,1.5707963267948966,4.71238898038469
3.141592653589793,0.0,3.141592653589793,1.5707963267948966,4.71238898038469,0.0,6.283185307179586,3.141592653589793,3.141592653589793,3.141592653589793,0.0,0.0,4.71238898038469,1.5707963267948966,0.0,0.7853981633974483,0.0,0.0,0.0,1.5707963267948966,1.5707963267948966,1.5707963267948966,1.5707963267948966,4.71238898038469
3.141592653589793,0.0,3.141592653589793,1.5707963267948966,4.71238898038469,0.0,6.283185307179586,3.141592653589793,3.141592653589793,3.141592653589793,0.0,0.0,4.71238898038469,1.5707963267948966,0.0,0.0,0.7853981633974483,0.0,0.0,1.5707963267948966,1.5707963267948966,1.5707963267948966,1.5707963267948966,4.71238898038469
3.141592653589793,0.0,3.141592653589793,1.5707963267948966,4.71238898038469,0.0,6.283185307179586,3.141592653589793,3.141592653589793,3.141592653589793,0.0,0.0,4.71238898038469,1.5707963267948966,0.0,0.0,0.0,0.7853981633974483,0.0,1.5707963267948966,1.5707963267948966,1.5707963267948966,1.5707963267948966,4.71238898038469
3.141592653589793,0.0,3.141592653589793,1.5707963267948966,4.71238898038469,0.0,6.283185307179586,3.141592653589793,3.141592653589793,3.141592653589793,0.0,0.0,4.71238898038469,1.5707963267948966,0.0,0.0,0.0,0.0,0.7853981633974483,1.5707963267948966,1.5707963267948966,1.5707963267948966,1.5707963267948966,4.71238898038469
3.141592653589793,0.0,3.141592653589793,1.5707963267948966,4.71238898038469,0.0,6.283185307179586,3.141592653589793,3.141592653589793,3.141592653589793,0.0,0.0,4.71238898038469,1.5707963267948966,0.0,0.0,0.0,0.0,0.0,2.356194490192345,1.5707963267948966,1.5707963267948966,1.5707963267948966,4.71238898038469
3.141592653589793,0.0,3.141592653589793,1.5707963267948966,4.71238898038469,0.0,6.283185307179586,3.141592653589793,3.141592653589793,3.141592653589793,0.0,0.0,4.71238898038469,1.5707963267948966,0.0,0.0,0.0,0.0,0.0,1.5707963267948966,2.356194490192345,1.5707963267948966,1.5707963267948966,4.71238898038469
3.141592653589793,0.0,3.141592653589793,1.5707963267948966,4.71238898038469,0.0,6.283185307179586,3.141592653589793,3.141592653589793,3.141592653589793,0.0,0.0,4.71238898038469,1.5707963267948966,0.0,0.0,0.0,0.0,0.0,1.5707963267948966,1.5707963267948966,2.356194490192345,1.5707963267948966,4.71238898038469
3.141592653589793,0.0,3.141592653589793,1.5707963267948966,4.71238898038469,0.0,6.283185307179586,3.141592653589793,3.141592653589793,3.141592653589793,0.0,0.0,4.71238898038469,1.5707963267948966,0.0,0.0,0.0,0.0,0.0,1.5707963267948966,1.5707963267948966,1.5707963267948966,2.356194490192345,4.71238898038469
3.141592653589793,0.0,3.141592653589793,1.5707963267948966,4.71238898038469,0.0,6.283185307179586,3.141592653589793,3.141592653589793,3.141592653589793,0.0,0.0,4.71238898038469,1.5707963267948966,0.0,0.0,0.0,0.0,0.0,1.5707963267948966,1.5707963267948966,1.5707963267948966,1.5707963267948966,5.497787143782138
2.356194490192345,0.0,3.141592653589793,1.5707963267948966,4.71238898038469,0.0,6.283185307179586,3.141592653589793,3.141592653589793,3.141592653589793,0.0,0.0,4.71238898038469,1.5707963267948966,0.0,0.0,0.0,0.0,0.0,1.5707963267948966,1.5707963267948966,1.5707963267948966,1.5707963267948966,4.71238898038469
3.141592653589793,0.0,2.356194490192345,1.5707963267948966,4.71238898038469,0.0,6.283185307179586,3.141592653589793,3.141592653589793,3.141592653589793,0.0,0.0,4.71238898038469,1.5707963267948966,0.0,0.0,0.0,0.0,0.0,1.5707963267948966,1.5707963267948966,1.5707963267948966,1.5707963267948966,4.71238898038469
3.141592653589793,0.0,3.141592653589793,0.7853981633974483,4.71238898038469,0.0,6.283185307179586,3.141592653589793,3.141592653589793,3.141592653589793,0.0,0.0,4.71238898038469,1.5707963267948966,0.0,0.0,0.0,0.0,0.0,1.5707963267948966,1.5707963267948966,1.5707963267948966,1.5707963267948966,4.71238898038469
3.141592653589793,0.0,3.141592653589793,1.5707963267948966,3.9269908169872414,0.0,6.283185307179586,3.141592653589793,3.141592653589793,3.141592653589793,0.0,0.0,4.71238898038469,1.5707963267948966,0.0,0.0,0.0,0.0,0.0,1.5707963267948966,1.5707963267948966,1.5707963267948966,1.5707963267948966,4.71238898038469
3.141592653589793,0.0,3.141592653589793,1.5707963267948966,4.71238898038469,0.0,5.497787143782138,3.141592653589793,3.141592653589793,3.141592653589793,0.0,0.0,4.71238898038469,1.5707963267948966,0.0,0.0,0.0,0.0,0.0,1.5707963267948966,1.5707963267948966,1.5707963267948966,1.5707963267948966,4.71238898038469
3.141592653589793,0.0,3.141592653589793,1.5707963267948966,4.71238898038469,0.0,6.283185307179586,2.356194490192345,3.141592653589793,3.141592653589793,0.0,0.0,4.71238898038469,1.5707963267948966,0.0,0.0,0.0,0.0,0.0,1.5707963267948966,1.5707963267948966,1.5707963267948966,1.5707963267948966,4.71238898038469
3.141592653589793,0.0,3.141592653589793,1.5707963267948966,4.71238898038469,0.0,6.283185307179586,3.141592653589793,2.356194490192345,3.141592653589793,0.0,0.0,4.71238898038469,1.5707963267948966,0.0,0.0,0.0,0.0,0.0,1.5707963267948966,1.5707963267948966,1.5707963267948966,1.5707963267948966,4.71238898038469
3.141592653589793,0.0,3.141592653589793,1.5707963267948966,4.71238898038469,0.0,6.283185307179586,3.141592653589793,3.141592653589793,2.356194490192345,0.0,0.0,4.71238898038469,1.5707963267948966,0.0,0.0,0.0,0.0,0.0,1.5707963267948966,1.5707963267948966,1.5707963267948966,1.5707963267948966,4.71238898038469
3.141592653589793,0.0,3.141592653589793,1.5707963267948966,4.71238898038469,0.0,6.283185307179586,3.141592653589793,3.141592653589793,3.141592653589793,0.0,0.0,3.9269908169872414,1.5707963267948966,0.0,0.0,0.0,0.0,0.0,1.5707963267948966,1.5707963267948966,1.5707963267948966,1.5707963267948966,4.71238898038469
3.141592653589793,0.0,3.141592653589793,1.5707963267948966,4.71238898038469,0.0,6.283185307179586,3.141592653589793,3.141592653589793,3.141592653589793,0.0,0.0,4.71238898038469,0.7853981633974483,0.0,0.0,0.0,0.0,0.0,1.5707963267948966,1.5707963267948966,1.5707963267948966,1.5707963267948966,4.71238898038469
3.141592653589793,0.0,3.141592653589793,1.5707963267948966,4.71238898038469,0.0,6.283185307179586,3.141592653589793,3.141592653589793,3.141592653589793,0.0,0.0,4.71238898038469,1.5707963267948966,0.0,0.0,0.0,0.0,0.0,0.7853981633974483,1.5707963267948966,1.5707963267948966,1.5707963267948966,4.71238898038469
3.141592653589793,0.0,3.141592653589793,1.5707963267948966,4.71238898038469,0.0,6.283185307179586,3.141592653589793,3.141592653589793,3.141592653589793,0.0,0.0,4.71238898038469,1.5707963267948966,0.0,0.0,0.0,0.0,0.0,1.5707963267948966,0.7853981633974483,1.5707963267948966,1.5707963267948966,4.71238898038469
3.141592653589793,0.0,3.141592653589793,1.5707963267948966,4.71238898038469,0.0,6.283185307179586,3.141592653589793,3.141592653589793,3.141592653589793,0.0,0.0,4.71238898038469,1.5707963267948966,0.0,0.0,0.0,0.0,0.0,1.5707963267948966,1.5707963267948966,0.7853981633974483,1.5707963267948966,4.71238898038469
3.141592653589793,0.0,3.141592653589793,1.5707963267948966,4.71238898038469,0.0,6.283185307179586,3.141592653589793,3.141592653589793,3.141592653589793,0.0,0.0,4.71238898038469,1.5707963267948966,0.0,0.0,0.0,0.0,0.0,1.5707963267948966,1.5707963267948966,1.5707963267948966,0.7853981633974483,4.71238898038469
3.141592653589793,0.0,3.141592653589793,1.5707963267948966,4.71238898038469,0.0,6.283185307179586,3.141592653589793,3.141592653589793,3.141592653589793,0.0,0.0,4.71238898038469,1.5707963267948966,0.0,0.0,0.0,0.0,0.0,1.5707963267948966,1.5707963267948966,1.5707963267948966,1.5707963267948966,3.9269908169872414
3.5342917352885173,0.0,3.141592653589793,1.5707963267948966,4.71238898038469,0.0,6.283185307179586,3.141592653589793,3.141592653589793,3.141592653589793,0.0,0.0,4.71238898038469,1.5707963267948966,0.0,0.0,0.0,0.0,0.0,1.5707963267948966,1.5707963267948966,1.5707963267948966,1.5707963267948966,4.71238898038469
3.141592653589793,0.39269908169872414,3.141592653589793,1.5707963267948966,4.71238898038469,0.0,6.283185307179586,3.141592653589793,3.141592653589793,3.141592653589793,0.0,0.0,4.71238898038469,1.5707963267948966,0.0,0.0,0.0,0.0,0.0,1.5707963267948966,1.5707963267948966,1.5707963267948966,1.5707963267948966,4.71238898038469
3.141592653589793,0.0,3.5342917352885173,1.5707963267948966,4.71238898038469,0.0,6.283185307179586,3.141592653589793,3.141592653589793,3.141592653589793,0.0,0.0,4.71238898038469,1.5707963267948966,0.0,0.0,0.0,0.0,0.0,1.5707963267948966,1.5707963267948966,1.5707963267948966,1.5707963267948966,4.71238898038469
3.141592653589793,0.0,3.141592653589793,1.9634954084936207,4.71238898038469,0.0,6.283185307179586,3.141592653589793,3.141592653589793,3.141592653589793,0.0,0.0,4.71238898038469,1.5707963267948966,0.0,0.0,0.0,0.0,0.0,1.5707963267948966,1.5707963267948966,1.5707963267948966,1.5707963267948966,4.71238898038469
3.141592653589793,0.0,3.141592653589793,1.5707963267948966,5.105088062083414,0.0,6.283185307179586,3.141592653589793,3.141592653589793,3.141592653589793,0.0,0.0,4.71238898038469,1.5707963267948966,0.0,0.0,0.0,0.0,0.0,1.5707963267948966,1.5707963267948966,1.5707963267948966,1.5707963267948966,4.71238898038469
3.141592653589793,0.0,3.141592653589793,1.5707963267948966,4.71238898038469,0.39269908169872414,6.283185307179586,3.141592653589793,3.141592653589793,3.141592653589793,0.0,0.0,4.71238898038469,1.5707963267948966,0.0,0.0,0.0,0.0,0.0,1.5707963267948966,1.5707963267948966,1.5707963267948966,1.5707963267948966,4.71238898038469
3.141592653589793,0.0,3.141592653589793,1.5707963267948966,4.71238898038469,0.0,6.283185307179586,3.5342917352885173,3.141592653589793,3.141592653589793,0.0,0.0,4.71238898038469,1.5707963267948966,0.0,0.0,0.0,0.0,0.0,1.5707963267948966,1.5707963267948966,1.5707963267948966,1.5707963267948966,4.71238898038469
3.141592653589793,0.0,3.141592653589793,1.5707963267948966,4.71238898038469,0.0,6.283185307179586,3.141592653589793,3.5342917352885173,3.141592653589793,0.0,0.0,4.71238898038469,1.5707963267948966,0.0,0.0,0.0,0.0,0.0,1.5707963267948966,1.5707963267948966,1.5707963267948966,1.5707963267948966,4.71238898038469
3.141592653589793,0.0,3.141592653589793,1.5707963267948966,4.71238898038469,0.0,6.283185307179586,3.141592653589793,3.141592653589793,3.5342917352885173,0.0,0.0,4.71238898038469,1.5707963267948966,0.0,0.0,0.0,0.0,0.0,1.5707963267948966,1.5707963267948966,1.5707963267948966,1.5707963267948966,4.71238898038469
3.141592653589793,0.0,3.141592653589793,1.5707963267948966,4.71238898038469,0.0,6.283185307179586,3.141592653589793,3.141592653589793,3.141592653589793,0.39269908169872414,0.0,4.71238898038469,1.5707963267948966,0.0,0.0,0.0,0.0,0.0,1.5707963267948966,1.5707963267948966,1.5707963267948966,1.5707963267948966,4.71238898038469
3.141592653589793,0.0,3.141592653589793,1.5707963267948966,4.71238898038469,0.0,6.283185307179586,3.141592653589793,3.141592653589793,3.141592653589793,0.0,0.39269908169872414,4.71238898038469,1.5707963267948966,0.0,0.0,0.0,0.0,0.0,1.5707963267948966,1.5707963267948966,1.5707963267948966,1.5707963267948966,4.71238898038469
3.141592653589793,0.0,3.141592653589793,1.5707963267948966,4.71238898038469,0.0,6.283185307179586,3.141592653589793,3.141592653589793,3.141592653589793,0.0,0.0,5.105088062083414,1.5707963267948966,0.0,0.0,0.0,0.0,0.0,1.5707963267948966,1.5707963267948966,1.5707963267948966,1.5707963267948966,4.71238898038469
3.141592653589793,0.0,3.141592653589793,1.5707963267948966,4.71238898038469,0.0,6.283185307179586,3.141592653589793,3.141592653589793,3.141592653589793,0.0,0.0,4.71238898038469,1.9634954084936207,0.0,0.0,0.0,0.0,0.0,1.5707963267948966,1.5707963267948966,1.5707963267948966,1.5707963267948966,4.71238898038469
3.141592653589793,0.0,3.141592653589793,1.5707963267948966,4.71238898038469,0.0,6.283185307179586,3.141592653589793,3.141592653589793,3.141592653589793,0.0,0.0,4.71238898038469,1.5707963267948966,0.39269908169872414,0.0,0.0,0.0,0.0,1.5707963267948966,1.5707963267948966,1.5707963267948966,1.5707963267948966,4.71238898038469
3.141592653589793,0.0,3.141592653589793,1.5707963267948966,4.71238898038469,0.0,6.283185307179586,3.141592653589793,3.141592653589793,3.141592653589793,0.0,0.0,4.71238898038469,1.5707963267948966,0.0,0.39269908169872414,0.0,0.0,0.0,1.5707963267948966,1.5707963267948966,1.5707963267948966,1.5707963267948966,4.71238898038469
3.141592653589793,0.0,3.141592653589793,1.5707963267948966,4.71238898038469,0.0,6.283185307179586,3.141592653589793,3.141592653589793,3.141592653589793,0.0,0.0,4.71238898038469,1.5707963267948966,0.0,0.0,0.39269908169872414,0.0,0.0,1.5707963267948966,1.5707963267948966,1.5707963267948966,1.5707963267948966,4.71238898038469
3.141592653589793,0.0,3.141592653589793,1.5707963267948966,4.71238898038469,0.0,6.283185307179586,3.141592653589793,3.141592653589793,3.141592653589793,0.0,0.0,4.71238898038469,1.5707963267948966,0.0,0.0,0.0,0.39269908169872414,0.0,1.5707963267948966,1.5707963267948966,1.5707963267948966,1.5707963267948966,4.71238898038469
3.141592653589793,0.0,3.141592653589793,1.5707963267948966,4.71238898038469,0.0,6.283185307179586,3.141592653589793,3.141592653589793,3.141592653589793,0.0,0.0,4.71238898038469,1.5707963267948966,0.0,0.0,0.0,0.0,0.39269908169872414,1.5707963267948966,1.5707963267948966,1.5707963267948966,1.5707963267948966,4.71238898038469
3.141592653589793,0.0,3.141592653589793,1.5707963267948966,4.71238898038469,0.0,6.283185307179586,3.141592653589793,3.141592653589793,3.141592653589793,0.0,0.0,4.71238898038469,1.5707963267948966,0.0,0.0,0.0,0.0,0.0,1.9634954084936207,1.5707963267948966,1.5707963267948966,1.5707963267948966,4.71238898038469
3.141592653589793,0.0,3.141592653589793,1.5707963267948966,4.71238898038469,0.0,6.283185307179586,3.141592653589793,3.141592653589793,3.141592653589793,0.0,0.0,4.71238898038469,1.5707963267948966,0.0,0.0,0.0,0.0,0.0,1.5707963267948966,1.9634954084936207,1.5707963267948966,1.5707963267948966,4.71238898038469
3.141592653589793,0.0,3.141592653589793,1.5707963267948966,4.71238898038469,0.0,6.283185307179586,3.141592653589793,3.141592653589793,3.141592653589793,0.0,0.0,4.71238898038469,1.5707963267948966,0.0,0.0,0.0,0.0,0.0,1.5707963267948966,1.5707963267948966,1.9634954084936207,1.5707963267948966,4.71238898038469
3.141592653589793,0.0,3.141592653589793,1.5707963267948966,4.71238898038469,0.0,6.283185307179586,3.141592653589793,3.141592653589793,3.141592653589793,0.0,0.0,4.71238898038469,1.5707963267948966,0.0,0.0,0.0,0.0,0.0,1.5707963267948966,1.5707963267948966,1.5707963267948966,1.9634954084936207,4.71238898038469
3.141592653589793,0.0,3.141592653589793,1.5707963267948966,4.71238898038469,0.0,6.283185307179586,3.141592653589793,3.141592653589793,3.141592653589793,0.0,0.0,4.71238898038469,1.5707963267948966,0.0,0.0,0.0,0.0,0.0,1.5707963267948966,1.5707963267948966,1.5707963267948966,1.5707963267948966,5.105088062083414
2.748893571891069,0.0,3.141592653589793,1.5707963267948966,4.71238898038469,0.0,6.283185307179586,3.141592653589793,3.141592653589793,3.141592653589793,0.0,0.0,4.71238898038469,1.5707963267948966,0.0,0.0,0.0,0.0,0.0,1.5707963267948966,1.5707963267948966,1.5707963267948966,1.5707963267948966,4.71238898038469
3.141592653589793,0.0,2.748893571891069,1.5707963267948966,4.71238898038469,0.0,6.283185307179586,3.141592653589793,3.141592653589793,3.141592653589793,0.0,0.0,4.71238898038469,1.5707963267948966,0.0,0.0,0.0,0.0,0.0,1.5707963267948966,1.5707963267948966,1.5707963267948966,1.5707963267948966,4.71238898038469
3.141592653589793,0.0,3.141592653589793,1.1780972450961724,4.71238898038469,0.0,6.283185307179586,3.141592653589793,3.141592653589793,3.141592653589793,0.0,0.0,4.71238898038469,1.5707963267948966,0.0,0.0,0.0,0.0,0.0,1.5707963267948966,1.5707963267948966,1.5707963267948966,1.5707963267948966,4.71238898038469
3.141592653589793,0.0,3.141592653589793,1.5707963267948966,4.319689898685965,0.0,6.283185307179586,3.141592653589793,3.141592653589793,3.141592653589793,0.0,0.0,4.71238898038469,1.5707963267948966,0.0,0.0,0.0,0.0,0.0,1.5707963267948966,1.5707963267948966,1.5707963267948966,1.5707963267948966,4.71238898038469
3.141592653589793,0.0,3.141592653589793,1.5707963267948966,4.71238898038469,0.0,5.890486225480862,3.141592653589793,3.141592653589793,3.141592653589793,0.0,0.0,4.71238898038469,1.5707963267948966,0.0,0.0,0.0,0.0,0.0,1.5707963267948966,1.5707963267948966,1.5707963267948966,1.5707963267948966,4.71238898038469
3.141592653589793,0.0,3.141592653589793,1.5707963267948966,4.71238898038469,0.0,6.283185307179586,2.748893571891069,3.141592653589793,3.141592653589793,0.0,0.0,4.71238898038469,1.5707963267948966,0.0,0.0,0.0,0.0,0.0,1.5707963267948966,1.5707963267948966,1.5707963267948966,1.5707963267948966,4.71238898038469
3.141592653589793,0.0,3.141592653589793,1.5707963267948966,4.71238898038469,0.0,6.283185307179586,3.141592653589793,2.748893571891069,3.141592653589793,0.0,0.0,4.71238898038469,1.5707963267948966,0.0,0.0,0.0,0.0,0.0,1.5707963267948966,1.5707963267948966,1.5707963267948966,1.5707963267948966,4.71238898038469
3.141592653589793,0.0,3.141592653589793,1.5707963267948966,4.71238898038469,0.0,6.283185307179586,3.141592653589793,3.141592653589793,2.748893571891069,0.0,0.0,4.71238898038469,1.5707963267948966,0.0,0.0,0.0,0.0,0.0,1.5707963267948966,1.5707963267948966,1.5707963267948966,1.5707963267948966,4.71238898038469
3.141592653589793,0.0,3.141592653589793,1.5707963267948966,4.71238898038469,0.0,6.283185307179586,3.141592653589793,3.141592653589793,3.141592653589793,0.0,0.0,4.319689898685965,1.5707963267948966,0.0,0.0,0.0,0.0,0.0,1.5707963267948966,1.5707963267948966,1.5707963267948966,1.5707963267948966,4.71238898038469
3.141592653589793,0.0,3.141592653589793,1.5707963267948966,4.71238898038469,0.0,6.283185307179586,3.141592653589793,3.141592653589793,3.141592653589793,0.0,0.0,4.71238898038469,1.1780972450961724,0.0,0.0,0.0,0.0,0.0,1.5707963267948966,1.5707963267948966,1.5707963267948966,1.5707963267948966,4.71238898038469
3.141592653589793,0.0,3.141592653589793,1.5707963267948966,4.71238898038469,0.0,6.283185307179586,3.141592653589793,3.141592653589793,3.141592653589793,0.0,0.0,4.71238898038469,1.5707963267948966,0.0,0.0,0.0,0.0,0.0,1.1780972450961724,1.5707963267948966,1.5707963267948966,1.5707963267948966,4.71238898038469
3.141592653589793,0.0,3.141592653589793,1.5707963267948966,4.71238898038469,0.0,6.283185307179586,3.141592653589793,3.141592653589793,3.141592653589793,0.0,0.0,4.71238898038469,1.5707963267948966,0.0,0.0,0.0,0.0,0.0,1.5707963267948966,1.1780972450961724,1.5707963267948966,1.5707963267948966,4.71238898038469
3.141592653589793,0.0,3.141592653589793,1.5707963267948966,4.71238898038469,0.0,6.283185307179586,3.141592653589793,3.141592653589793,3.141592653589793,0.0,0.0,4.71238898038469,1.5707963267948966,0.0,0.0,0.0,0.0,0.0,1.5707963267948966,1.5707963267948966,1.1780972450961724,1.5707963267948966,4.71238898038469
3.141592653589793,0.0,3.141592653589793,1.5707963267948966,4.71238898038469,0.0,6.283185307179586,3.141592653589793,3.141592653589793,3.141592653589793,0.0,0.0,4.71238898038469,1.5707963267948966,0.0,0.0,0.0,0.0,0.0,1.5707963267948966,1.5707963267948966,1.5707963267948966,1.1780972450961724,4.71238898038469
3.141592653589793,0.0,3.141592653589793,1.5707963267948966,4.71238898038469,0.0,6.283185307179586,3.141592653589793,3.141592653589793,3.141592653589793,0.0,0.0,4.71238898038469,1.5707963267948966,0.0,0.0,0.0,0.0,0.0,1.5707963267948966,1.5707963267948966,1.5707963267948966,1.5707963267948966,4.319689898685965
3.3379421944391554,0.0,3.141592653589793,1.5707963267948966,4.71238898038469,0.0,6.283185307179586,3.141592653589793,3.141592653589793,3.141592653589793,0.0,0.0,4.71238898038469,1.5707963267948966,0.0,0.0,0.0,0.0,0.0,1.5707963267948966,1.5707963267948966,1.5707963267948966,1.5707963267948966,4.71238898038469
3.141592653589793,0.19634954084936207,3.141592653589793,1.5707963267948966,4.71238898038469,0.0,6.283185307179586,3.141592653589793,3.141592653589793,3.141592653589793,0.0,0.0,4.71238898038469,1.5707963267948966,0.0,0.0,0.0,0.0,0.0,1.5707963267948966,1.5707963267948966,1.5707963267948966,1.5707963267948966,4.71238898038469
3.141592653589793,0.0,3.3379421944391554,1.5707963267948966,4.71238898038469,0.0,6.283185307179586,3.141592653589793,3.141592653589793,3.141592653589793,0.0,0.0,4.71238898038469,1.5707963267948966,0.0,0.0,0.0,0.0,0.0,1.5707963267948966,1.5707963267948966,1.5707963267948966,1.5707963267948966,4.71238898038469
3.141592653589793,0.0,3.141592653589793,1.7671458676442586,4.71238898038469,0.0,6.283185307179586,3.141592653589793,3.141592653589793,3.141592653589793,0.0,0.0,4.71238898038469,1.5707963267948966,0.0,0.0,0.0,0.0,0.0,1.5707963267948966,1.5707963267948966,1.5707963267948966,1.5707963267948966,4.71238898038469
3.141592653589793,0.0,3.141592653589793,1.5707963267948966,4.908738521234052,0.0,6.283185307179586,3.141592653589793,3.141592653589793,3.141592653589793,0.0,0.0,4.71238898038469,1.5707963267948966,0.0,0.0,0.0,0.0,0.0,1.5707963267948966,1.5707963267948966,1.5707963267948966,1.5707963267948966,4.71238898038469
3.141592653589793,0.0,3.141592653589793,1.5707963267948966,4.71238898038469,0.19634954084936207,6.283185307179586,3.141592653589793,3.141592653589793,3.141592653589793,0.0,0.0,4.71238898038469,1.5707963267948966,0.0,0.0,0.0,0.0,0.0,1.5707963267948966,1.5707963267948966,1.5707963267948966,1.5707963267948966,4.71238898038469
3.141592653589793,0.0,3.141592653589793,1.5707963267948966,4.71238898038469,0.0,6.283185307179586,3.3379421944391554,3.141592653589793,3.141592653589793,0.0,0.0,4.71238898038469,1.5707963267948966,0.0,0.0,0.0,0.0,0.0,1.5707963267948966,1.5707963267948966,1.5707963267948966,1.5707963267948966,4.71238898038469
3.141592653589793,0.0,3.141592653589793,1.5707963267948966,4.71238898038469,0.0,6.283185307179586,3.141592653589793,3.3379421944391554,3.141592653589793,0.0,0.0,4.71238898038469,1.5707963267948966,0.0,0.0,0.0,0.0,0.0,1.5707963267948966,1.5707963267948966,1.5707963267948966,1.5707963267948966,4.71238898038469
3.141592653589793,0.0,3.141592653589793,1.5707963267948966,4.71238898038469,0.0,6.283185307179586,3.141592653589793,3.141592653589793,3.3379421944391554,0.0,0.0,4.71238898038469,1.5707963267948966,0.0,0.0,0.0,0.0,0.0,1.5707963267948966,1.5707963267948966,1.5707963267948966,1.5707963267948966,4.71238898038469
3.141592653589793,0.0,3.141592653589793,1.5707963267948966,4.71238898038469,0.0,6.283185307179586,3.141592653589793,3.141592653589793,3.141592653589793,0.19634954084936207,0.0,4.71238898038469,1.5707963267948966,0.0,0.0,0.0,0.0,0.0,1.5707963267948966,1.5707963267948966,1.5707963267948966,1.5707963267948966,4.71238898038469
3.141592653589793,0.0,3.141592653589793,1.5707963267948966,4.71238898038469,0.0,6.283185307179586,3.141592653589793,3.141592653589793,3.141592653589793,0.0,0.19634954084936207,4.71238898038469,1.5707963267948966,0.0,0.0,0.0,0.0,0.0,1.5707963267948966,1.5707963267948966,1.5707963267948966,1.5707963267948966,4.71238898038469
3.141592653589793,0.0,3.141592653589793,1.5707963267948966,4.71238898038469,0.0,6.283185307179586,3.141592653589793,3.141592653589793,3.141592653589793,0.0,0.0,4.908738521234052,1.5707963267948966,0.0,0.0,0.0,0.0,0.0,1.5707963267948966,1.5707963267948966,1.5707963267948966,1.5707963267948966,4.71238898038469
3.141592653589793,0.0,3.141592653589793,1.5707963267948966,4.71238898038469,0.0,6.283185307179586,3.141592653589793,3.141592653589793,3.141592653589793,0.0,0.0,4.71238898038469,1.7671458676442586,0.0,0.0,0.0,0.0,0.0,1.5707963267948966,1.5707963267948966,1.5707963267948966,1.5707963267948966,4.71238898038469
3.141592653589793,0.0,3.141592653589793,1.5707963267948966,4.71238898038469,0.0,6.283185307179586,3.141592653589793,3.141592653589793,3.141592653589793,0.0,0.0,4.71238898038469,1.5707963267948966,0.19634954084936207,0.0,0.0,0.0,0.0,1.5707963267948966,1.5707963267948966,1.5707963267948966,1.5707963267948966,4.71238898038469
3.141592653589793,0.0,3.141592653589793,1.5707963267948966,4.71238898038469,0.0,6.283185307179586,3.141592653589793,3.141592653589793,3.141592653589793,0.0,0.0,4.71238898038469,1.5707963267948966,0.0,0.19634954084936207,0.0,0.0,0.0,1.5707963267948966,1.5707963267948966,1.5707963267948966,1.5707963267948966,4.71238898038469
3.141592653589793,0.0,3.141592653589793,1.5707963267948966,4.71238898038469,0.0,6.283185307179586,3.141592653589793,3.141592653589793,3.141592653589793,0.0,0.0,4.71238898038469,1.5707963267948966,0.0,0.0,0.19634954084936207,0.0,0.0,1.5707963267948966,1.5707963267948966,1.5707963267948966,1.5707963267948966,4.71238898038469
3.141592653589793,0.0,3.141592653589793,1.5707963267948966,4.71238898038469,0.0,6.283185307179586,3.141592653589793,3.141592653589793,3.141592653589793,0.0,0.0,4.71238898038469,1.5707963267948966,0.0,0.0,0.0,0.19634954084936207,0.0,1.5707963267948966,1.5707963267948966,1.5707963267948966,1.5707963267948966,4.71238898038469
3.141592653589793,0.0,3.141592653589793,1.5707963267948966,4.71238898038469,0.0,6.283185307179586,3.141592653589793,3.141592653589793,3.141592653589793,0.0,0.0,4.71238898038469,1.5707963267948966,0.0,0.0,0.0,0.0,0.19634954084936207,1.5707963267948966,1.5707963267948966,1.5707963267948966,1.5707963267948966,4.71238898038469
3.141592653589793,0.0,3.141592653589793,1.5707963267948966,4.71238898038469,0.0,6.283185307179586,3.141592653589793,3.141592653589793,3.141592653589793,0.0,0.0,4.71238898038469,1.5707963267948966,0.0,0.0,0.0,0.0,0.0,1.7671458676442586,1.5707963267948966,1.5707963267948966,1.5707963267948966,4.71238898038469
3.141592653589793,0.0,3.141592653589793,1.5707963267948966,4.71238898038469,0.0,6.283185307179586,3.141592653589793,3.141592653589793,3.141592653589793,0.0,0.0,4.71238898038469,1.5707963267948966,0.0,0.0,0.0,0.0,0.0,1.5707963267948966,1.7671458676442586,1.5707963267948966,1.5707963267948966,4.71238898038469
3.141592653589793,0.0,3.141592653589793,1.5707963267948966,4.71238898038469,0.0,6.283185307179586,3.141592653589793,3.141592653589793,3.141592653589793,0.0,0.0,4.71238898038469,1.5707963267948966,0.0,0.0,0.0,0.0,0.0,1.5707963267948966,1.5707963267948966,1.7671458676442586,1.5707963267948966,4.71238898038469
3.141592653589793,0.0,3.141592653589793,1.5707963267948966,4.71238898038469,0.0,6.283185307179586,3.141592653589793,3.141592653589793,3.141592653589793,0.0,0.0,4.71238898038469,1.5707963267948966,0.0,0.0,0.0,0.0,0.0,1.5707963267948966,1.5707963267948966,1.5707963267948966,1.7671458676442586,4.71238898038469
3.141592653589793,0.0,3.141592653589793,1.5707963267948966,4.71238898038469,0.0,6.283185307179586,3.141592653589793,3.141592653589793,3.141592653589793,0.0,0.0,4.71238898038469,1.5707963267948966,0.0,0.0,0.0,0.0,0.0,1.5707963267948966,1.5707963267948966,1.5707963267948966,1.5707963267948966,4.908738521234052
2.945243112740431,0.0,3.141592653589793,1.5707963267948966,4.71238898038469,0.0,6.283185307179586,3.141592653589793,3.141592653589793,3.141592653589793,0.0,0.0,4.71238898038469,1.5707963267948966,0.0,0.0,0.0,0.0,0.0,1.5707963267948966,1.5707963267948966,1.5707963267948966,1.5707963267948966,4.71238898038469
3.141592653589793,0.0,2.945243112740431,1.5707963267948966,4.71238898038469,0.0,6.283185307179586,3.141592653589793,3.141592653589793,3.141592653589793,0.0,0.0,4.71238898038469,1.5707963267948966,0.0,0.0,0.0,0.0,0.0,1.5707963267948966,1.5707963267948966,1.5707963267948966,1.5707963267948966,4.71238898038469
3.141592653589793,0.0,3.141592653589793,1.3744467859455345,4.71238898038469,0.0,6.283185307179586,3.141592653589793,3.141592653589793,3.141592653589793,0.0,0.0,4.71238898038469,1.5707963267948966,0.0,0.0,0.0,0.0,0.0,1.5707963267948966,1.5707963267948966,1.5707963267948966,1.5707963267948966,4.71238898038469
3.141592653589793,0.0,3.141592653589793,1.5707963267948966,4.516039439535327,0.0,6.283185307179586,3.141592653589793,3.141592653589793,3.141592653589793,0.0,0.0,4.71238898038469,1.5707963267948966,0.0,0.0,0.0,0.0,0.0,1.5707963267948966,1.5707963267948966,1.5707963267948966,1.5707963267948966,4.71238898038469
3.141592653589793,0.0,3.141592653589793,1.5707963267948966,4.71238898038469,0.0,6.086835766330224,3.141592653589793,3.141592653589793,3.141592653589793,0.0,0.0,4.71238898038469,1.5707963267948966,0.0,0.0,0.0,0.0,0.0,1.5707963267948966,1.5707963267948966,1.5707963267948966,1.5707963267948966,4.71238898038469
3.141592653589793,0.0,3.141592653589793,1.5707963267948966,4.71238898038469,0.0,6.283185307179586,2.945243112740431,3.141592653589793,3.141592653589793,0.0,0.0,4.71238898038469,1.5707963267948966,0.0,0.0,0.0,0.0,0.0,1.5707963267948966,1.5707963267948966,1.5707963267948966,1.5707963267948966,4.71238898038469
3.141592653589793,0.0,3.141592653589793,1.5707963267948966,4.71238898038469,0.0,6.283185307179586,3.141592653589793,2.945243112740431,3.141592653589793,0.0,0.0,4.71238898038469,1.5707963267948966,0.0,0.0,0.0,0.0,0.0,1.5707963267948966,1.5707963267948966,1.5707963267948966,1.5707963267948966,4.71238898038469
3.141592653589793,0.0,3.141592653589793,1.5707963267948966,4.71238898038469,0.0,6.283185307179586,3.141592653589793,3.141592653589793,2.945243112740431,0.0,0.0,4.71238898038469,1.5707963267948966,0.0,0.0,0.0,0.0,0.0,1.5707963267948966,1.5707963267948966,1.5707963267948966,1.5707963267948966,4.71238898038469
3.141592653589793,0.0,3.141592653589793,1.5707963267948966,4.71238898038469,0.0,6.283185307179586,3.141592653589793,3.141592653589793,3.141592653589793,0.0,0.0,4.516039439535327,1.5707963267948966,0.0,0.0,0.0,0.0,0.0,1.5707963267948966,1.5707963267948966,1.5707963267948966,1.5707963267948966,4.71238898038469
3.141592653589793,0.0,3.141592653589793,1.5707963267948966,4.71238898038469,0.0,6.283185307179586,3.141592653589793,3.141592653589793,3.141592653589793,0.0,0.0,4.71238898038469,1.3744467859455345,0.0,0.0,0.0,0.0,0.0,1.5707963267948966,1.5707963267948966,1.5707963267948966,1.5707963267948966,4.71238898038469
3.141592653589793,0.0,3.141592653589793,1.5707963267948966,4.71238898038469,0.0,6.283185307179586,3.141592653589793,3.141592653589793,3.141592653589793,0.0,0.0,4.71238898038469,1.5707963267948966,0.0,0.0,0.0,0.0,0.0,1.3744467859455345,1.5707963267948966,1.5707963267948966,1.5707963267948966,4.71238898038469
3.141592653589793,0.0,3.141592653589793,1.5707963267948966,4.71238898038469,0.0,6.283185307179586,3.141592653589793,3.141592653589793,3.141592653589793,0.0,0.0,4.71238898038469,1.5707963267948966,0.0,0.0,0.0,0.0,0.0,1.5707963267948966,1.3744467859455345,1.5707963267948966,1.5707963267948966,4.71238898038469
3.141592653589793,0.0,3.141592653589793,1.5707963267948966,4.71238898038469,0.0,6.283185307179586,3.141592653589793,3.141592653589793,3.141592653589793,0.0,0.0,4.71238898038469,1.5707963267948966,0.0,0.0,0.0,0.0,0.0,1.5707963267948966,1.5707963267948966,1.3744467859455345,1.5707963267948966,4.71238898038469
3.141592653589793,0.0,3.141592653589793,1.5707963267948966,4.71238898038469,0.0,6.283185307179586,3.141592653589793,3.141592653589793,3.141592653589793,0.0,0.0,4.71238898038469,1.5707963267948966,0.0,0.0,0.0,0.0,0.0,1.5707963267948966,1.5707963267948966,1.5707963267948966,1.3744467859455345,4.71238898038469
3.141592653589793,0.0,3.141592653589793,1.5707963267948966,4.71238898038469,0.0,6.283185307179586,3.141592653589793,3.141592653589793,3.141592653589793,0.0,0.0,4.71238898038469,1.5707963267948966,0.0,0.0,0.0,0.0,0.0,1.5707963267948966,1.5707963267948966,1.5707963267948966,1.5707963267948966,4.516039439535327
3.2949895212650664,0.0,3.097073758771369,1.7317963005887136,4.869516057847944,0.0,6.176687401936798,2.9538713602634945,3.2486524954458917,3.1631409339390997,0.0,0.0,4.593938521224096,1.5019809202108683,0.0,0.0,0.0,0.0,0.0,1.5903382998960942,1.571440342244603,1.621984042111244,1.5548297603120143,4.737770460475268
3.2182910874274295,0.0,3.119333206180581,1.651296313691805,4.790952519116317,0.0,6.229936354558192,3.0477320069266436,3.1951225745178427,3.152366793764446,0.0,0.0,4.653163750804393,1.5363886235028825,0.0,0.0,0.0,0.0,0.0,1.5805673133454952,1.5711183345197497,1.5963901844530703,1.5628130435534553,4.725079720429979
3.1799418705086113,0.0,3.130462929885187,1.611046320243351,4.751670749750503,0.0,6.25656083086889,3.0946623302582186,3.1683576140538174,3.1469797236771195,0.0,0.0,4.682776365594541,1.5535924751488894,0.0,0.0,0.0,0.0,0.0,1.575681820070196,1.5709573306573232,1.5835932556239833,1.566804685174176,4.718734350407334
3.1607672620492018,0.0,3.13602779173749,1.5909213235191235,4.732029865067597,0.0,6.2698730690242375,3.1181274919240054,3.1549751338218055,3.1442861886334565,0.0,0.0,4.697582672989616,1.5621944009718929,0.0,0.0,0.0,0.0,0.0,1.5732390734325463,1.57087682872611,1.57719479120944,1.5688005059845362,4.715561665396012
3.3379421944391554,0.0,3.141592653589793,1.5707963267948966,4.71238898038469,0.0,6.283185307179586,3.141592653589793,3.141592653589793,3.141592653589793,0.0,0.0,4.71238898038469,1.5707963267948966,0.0,0.0,0.0,0.0,0.0,1.5707963267948966,1.5707963267948966,1.5707963267948966,1.5707963267948966,4.71238898038469
3.141592653589793,0.19634954084936207,3.141592653589793,1.5707963267948966,4.71238898038469,0.0,6.283185307179586,3.141592653589793,3.141592653589793,3.141592653589793,0.0,0.0,4.71238898038469,1.5707963267948966,0.0,0.0,0.0,0.0,0.0,1.5707963267948966,1.5707963267948966,1.5707963267948966,1.5707963267948966,4.71238898038469
3.141592653589793,0.0,3.3379421944391554,1.5707963267948966,4.71238898038469,0.0,6.283185307179586,3.141592653589793,3.141592653589793,3.141592653589793,0.0,0.0,4.71238898038469,1.5707963267948966,0.0,0.0,0.0,0.0,0.0,1.5707963267948966,1.5707963267948966,1.5707963267948966,1.5707963267948966,4.71238898038469
3.141592653589793,0.0,3.141592653589793,1.7671458676442586,4.71238898038469,0.0,6.283185307179586,3.141592653589793,3.141592653589793,3.141592653589793,0.0,0.0,4.71238898038469,1.5707963267948966,0.0,0.0,0.0,0.0,0.0,1.5707963267948966,1.5707963267948966,1.5707963267948966,1.5707963267948966,4.71238898038469
3.141592653589793,0.0,3.141592653589793,1.5707963267948966,4.908738521234052,0.0,6.283185307179586,3.141592653589793,3.141592653589793,3.141592653589793,0.0,0.0,4.71238898038469,1.5707963267948966,0.0,0.0,0.0,0.0,0.0,1.5707963267948966,1.5707963267948966,1.5707963267948966,1.5707963267948966,4.71238898038469
3.141592653589793,0.0,3.141592653589793,1.5707963267948966,4.71238898038469,0.19634954084936207,6.283185307179586,3.141592653589793,3.141592653589793,3.141592653589793,0.0,0.0,4.71238898038469,1.5707963267948966,0.0,0.0,0.0,0.0,0.0,1.5707963267948966,1.5707963267948966,1.5707963267948966,1.5707963267948966,4.71238898038469
3.141592653589793,0.0,3.141592653589793,1.5707963267948966,4.71238898038469,0.0,6.283185307179586,3.3379421944391554,3.141592653589793,3.141592653589793,0.0,0.0,4.71238898038469,1.5707963267948966,0.0,0.0,0.0,0.0,0.0,1.5707963267948966,1.5707963267948966,1.5707963267948966,1.5707963267948966,4.71238898038469
3.141592653589793,0.0,3.141592653589793,1.5707963267948966,4.71238898038469,0.0,6.283185307179586,3.141592653589793,3.3379421944391554,3.141592653589793,0.0,0.0,4.71238898038469,1.5707963267948966,0.0,0.0,0.0,0.0,0.0,1.5707963267948966,1.5707963267948966,1.5707963267948966,1.5707963267948966,4.71238898038469
3.141592653589793,0.0,3.141592653589793,1.5707963267948966,4.71238898038469,0.0,6.283185307179586,3.141592653589793,3.141592653589793,3.3379421944391554,0.0,0.0,4.71238898038469,1.5707963267948966,0.0,0.0,0.0,0.0,0.0,1.5707963267948966,1.5707963267948966,1.5707963267948966,1.5707963267948966,4.71238898038469
3.141592653589793,0.0,3.141592653589793,1.5707963267948966,4.71238898038469,0.0,6.283185307179586,3.141592653589793,3.141592653589793,3.141592653589793,0.19634954084936207,0.0,4.71238898038469,1.5707963267948966,0.0,0.0,0.0,0.0,0.0,1.5707963267948966,1.5707963267948966,1.5707963267948966,1.5707963267948966,4.71238898038469
3.141592653589793,0.0,3.141592653589793,1.5707963267948966,4.71238898038469,0.0,6.283185307179586,3.141592653589793,3.141592653589793,3.141592653589793,0.0,0.19634954084936207,4.71238898038469,1.5707963267948966,0.0,0.0,0.0,0.0,0.0,1.5707963267948966,1.5707963267948966,1.5707963267948966,1.5707963267948966,4.71238898038469
3.141592653589793,0.0,3.141592653589793,1.5707963267948966,4.71238898038469,0.0,6.283185307179586,3.141592653589793,3.141592653589793,3.141592653589793,0.0,0.0,4.908738521234052,1.5707963267948966,0.0,0.0,0.0,0.0,0.0,1.5707963267948966,1.5707963267948966,1.5707963267948966,1.5707963267948966,4.71238898038469
3.141592653589793,0.0,3.141592653589793,1.5707963267948966,4.71238898038469,0.0,6.283185307179586,3.141592653589793,3.141592653589793,3.141592653589793,0.0,0.0,4.71238898038469,1.7671458676442586,0.0,0.0,0.0,0.0,0.0,1.5707963267948966,1.5707963267948966,1.5707963267948966,1.5707963267948966,4.71238898038469
3.141592653589793,0.0,3.141592653589793,1.5707963267948966,4.71238898038469,0.0,6.283185307179586,3.141592653589793,3.141592653589793,3.141592653589793,0.0,0.0,4.71238898038469,1.5707963267948966,0.19634954084936207,0.0,0.0,0.0,0.0,1.5707963267948966,1.5707963267948966,1.5707963267948966,1.5707963267948966,4.71238898038469
3.141592653589793,0.0,3.141592653589793,1.5707963267948966,4.71238898038469,0.0,6.283185307179586,3.141592653589793,3.141592653589793,3.141592653589793,0.0,0.0,4.71238898038469,1.5707963267948966,0.0,0.19634954084936207,0.0,0.0,0.0,1.5707963267948966,1.5707963267948966,1.5707963267948966,1.5707963267948966,4.71238898038469
3.141592653589793,0.0,3.141592653589793,1.5707963267948966,4.71238898038469,0.0,6.283185307179586,3.141592653589793,3.141592653589793,3.141592653589793,0.0,0.0,4.71238898038469,1.5707963267948966,0.0,0.0,0.19634954084936207,0.0,0.0,1.5707963267948966,1.5707963267948966,1.5707963267948966,1.5707963267948966,4.71238898038469
3.141592653589793,0.0,3.141592653589793,1.5707963267948966,4.71238898038469,0.0,6.283185307179586,3.141592653589793,3.141592653589793,3.141592653589793,0.0,0.0,4.71238898038469,1.5707963267948966,0.0,0.0,0.0,0.19634954084936207,0.0,1.5707963267948966,1.5707963267948966,1.5707963267948966,1.5707963267948966,4.71238898038469
3.141592653589793,0.0,3.141592653589793,1.5707963267948966,4.71238898038469,0.0,6.283185307179586,3.141592653589793,3.141592653589793,3.141592653589793,0.0,0.0,4.71238898038469,1.5707963267948966,0.0,0.0,0.0,0.0,0.19634954084936207,1.5707963267948966,1.5707963267948966,1.5707963267948966,1.5707963267948966,4.71238898038469
3.141592653589793,0.0,3.141592653589793,1.5707963267948966,4.71238898038469,0.0,6.283185307179586,3.141592653589793,3.141592653589793,3.141592653589793,0.0,0.0,4.71238898038469,1.5707963267948966,0.0,0.0,0.0,0.0,0.0,1.7671458676442586,1.5707963267948966,1.5707963267948966,1.5707963267948966,4.71238898038469
3.141592653589793,0.0,3.141592653589793,1.5707963267948966,4.71238898038469,0.0,6.283185307179586,3.141592653589793,3.141592653589793,3.141592653589793,0.0,0.0,4.71238898038469,1.5707963267948966,0.0,0.0,0.0,0.0,0.0,1.5707963267948966,1.7671458676442586,1.5707963267948966,1.5707963267948966,4.71238898038469
3.141592653589793,0.0,3.141592653589793,1.5707963267948966,4.71238898038469,0.0,6.283185307179586,3.141592653589793,3.141592653589793,3.141592653589793,0.0,0.0,4.71238898038469,1.5707963267948966,0.0,0.0,0.0,0.0,0.0,1.5707963267948966,1.5707963267948966,1.7671458676442586,1.5707963267948966,4.71238898038469
3.141592653589793,0.0,3.141592653589793,1.5707963267948966,4.71238898038469,0.0,6.283185307179586,3.141592653589793,3.141592653589793,3.141592653589793,0.0,0.0,4.71238898038469,1.5707963267948966,0.0,0.0,0.0,0.0,0.0,1.5707963267948966,1.5707963267948966,1.5707963267948966,1.7671458676442586,4.71238898038469
3.141592653589793,0.0,3.141592653589793,1.5707963267948966,4.71238898038469,0.0,6.283185307179586,3.141592653589793,3.141592653589793,3.141592653589793,0.0,0.0,4.71238898038469,1.5707963267948966,0.0,0.0,0.0,0.0,0.0,1.5707963267948966,1.5707963267948966,1.5707963267948966,1.5707963267948966,4.908738521234052
2.945243112740431,0.0,3.141592653589793,1.5707963267948966,4.71238898038469,0.0,6.283185307179586,3.141592653589793,3.141592653589793,3.141592653589793,0.0,0.0,4.71238898038469,1.5707963267948966,0.0,0.0,0.0,0.0,0.0,1.5707963267948966,1.5707963267948966,1.5707963267948966,1.5707963267948966,4.71238898038469
3.141592653589793,0.0,2.945243112740431,1.5707963267948966,4.71238898038469,0.0,6.283185307179586,3.141592653589793,3.141592653589793,3.141592653589793,0.0,0.0,4.71238898038469,1.5707963267948966,0.0,0.0,0.0,0.0,0.0,1.5707963267948966,1.5707963267948966,1.5707963267948966,1.5707963267948966,4.71238898038469
3.141592653589793,0.0,3.141592653589793,1.3744467859455345,4.71238898038469,0.0,6.283185307179586,3.141592653589793,3.141592653589793,3.141592653589793,0.0,0.0,4.71238898038469,1.5707963267948966,0.0,0.0,0.0,0.0,0.0,1.5707963267948966,1.5707963267948966,1.5707963267948966,1.5707963267948966,4.71238898038469
3.141592653589793,0.0,3.141592653589793,1.5707963267948966,4.516039439535327,0.0,6.283185307179586,3.141592653589793,3.141592653589793,3.141592653589793,0.0,0.0,4.71238898038469,1.5707963267948966,0.0,0.0,0.0,0.0,0.0,1.5707963267948966,1.5707963267948966,1.5707963267948966,1.5707963267948966,4.71238898038469
3.141592653589793,0.0,3.141592653589793,1.5707963267948966,4.71238898038469,0.0,6.086835766330224,3.141592653589793,3.141592653589793,3.141592653589793,0.0,0.0,4.71238898038469,1.5707963267948966,0.0,0.0,0.0,0.0,0.0,1.5707963267948966,1.5707963267948966,1.5707963267948966,1.5707963267948966,4.71238898038469
3.141592653589793,0.0,3.141592653589793,1.5707963267948966,4.71238898038469,0.0,6.283185307179586,2.945243112740431,3.141592653589793,3.141592653589793,0.0,0.0,4.71238898038469,1.5707963267948966,0.0,0.0,0.0,0.0,0.0,1.5707963267948966,1.5707963267948966,1.5707963267948966,1.5707963267948966,4.71238898038469
3.141592653589793,0.0,3.141592653589793,1.5707963267948966,4.71238898038469,0.0,6.283185307179586,3.141592653589793,2.945243112740431,3.141592653589793,0.0,0.0,4.71238898038469,1.5707963267948966,0.0,0.0,0.0,0.0,0.0,1.5707963267948966,1.5707963267948966,1.5707963267948966,1.5707963267948966,4.71238898038469
3.141592653589793,0.0,3.141592653589793,1.5707963267948966,4.71238898038469,0.0,6.283185307179586,3.141592653589793,3.141592653589793,2.945243112740431,0.0,0.0,4.71238898038469,1.5707963267948966,0.0,0.0,0.0,0.0,0.0,1.5707963267948966,1.5707963267948966,1.5707963267948966,1.5707963267948966,4.71238898038469
3.141592653589793,0.0,3.141592653589793,1.5707963267948966,4.71238898038469,0.0,6.283185307179586,3.141592653589793,3.141592653589793,3.141592653589793,0.0,0.0,4.516039439535327,1.5707963267948966,0.0,0.0,0.0,0.0,0.0,1.5707963267948966,1.5707963267948966,1.5707963267948966,1.5707963267948966,4.71238898038469
3.141592653589793,0.0,3.141592653589793,1.5707963267948966,4.71238898038469,0.0,6.283185307179586,3.141592653589793,3.141592653589793,3.141592653589793,0.0,0.0,4.71238898038469,1.3744467859455345,0.0,0.0,0.0,0.0,0.0,1.5707963267948966,1.5707963267948966,1.5707963267948966,1.5707963267948966,4.71238898038469
3.141592653589793,0.0,3.141592653589793,1.5707963267948966,4.71238898038469,0.0,6.283185307179586,3.141592653589793,3.141592653589793,3.141592653589793,0.0,0.0,4.71238898038469,1.5707963267948966,0.0,0.0,0.0,0.0,0.0,1.3744467859455345,1.5707963267948966,1.5707963267948966,1.5707963267948966,4.71238898038469
3.141592653589793,0.0,3.141592653589793,1.5707963267948966,4.71238898038469,0.0,6.283185307179586,3.141592653589793,3.141592653589793,3.141592653589793,0.0,0.0,4.71238898038469,1.5707963267948966,0.0,0.0,0.0,0.0,0.0,1.5707963267948966,1.3744467859455345,1.5707963267948966,1.5707963267948966,4.71238898038469
3.141592653589793,0.0,3.141592653589793,1.5707963267948966,4.71238898038469,0.0,6.283185307179586,3.141592653589793,3.141592653589793,3.141592653589793,0.0,0.0,4.71238898038469,1.5707963267948966,0.0,0.0,0.0,0.0,0.0,1.5707963267948966,1.5707963267948966,1.3744467859455345,1.5707963267948966,4.71238898038469
3.141592653589793,0.0,3.141592653589793,1.5707963267948966,4.71238898038469,0.0,6.283185307179586,3.141592653589793,3.141592653589793,3.141592653589793,0.0,0.0,4.71238898038469,1.5707963267948966,0.0,0.0,0.0,0.0,0.0,1.5707963267948966,1.5707963267948966,1.5707963267948966,1.3744467859455345,4.71238898038469
3.141592653589793,0.0,3.141592653589793,1.5707963267948966,4.71238898038469,0.0,6.283185307179586,3.141592653589793,3.141592653589793,3.141592653589793,0.0,0.0,4.71238898038469,1.5707963267948966,0.0,0.0,0.0,0.0,0.0,1.5707963267948966,1.5707963267948966,1.5707963267948966,1.5707963267948966,4.516039439535327
3.2397674240144743,0.0,3.141592653589793,1.5707963267948966,4.71238898038469,0.0,6.086835766330224,3.141592653589793,3.141592653589793,3.141592653589793,0.0,0.0,4.71238898038469,1.5707963267948966,0.0,0.0,0.0,0.0,0.0,1.5707963267948966,1.5707963267948966,1.5707963267948966,1.5707963267948966,4.71238898038469
3.141592653589793,0.09817477042468103,3.141592653589793,1.5707963267948966,4.71238898038469,0.0,6.086835766330224,3.141592653589793,3.141592653589793,3.141592653589793,0.0,0.0,4.71238898038469,1.5707963267948966,0.0,0.0,0.0,0.0,0.0,1.5707963267948966,1.5707963267948966,1.5707963267948966,1.5707963267948966,4.71238898038469
3.141592653589793,0.0,3.2397674240144743,1.5707963267948966,4.71238898038469,0.0,6.086835766330224,3.141592653589793,3.141592653589793,3.141592653589793,0.0,0.0,4.71238898038469,1.5707963267948966,0.0,0.0,0.0,0.0,0.0,1.5707963267948966,1.5707963267948966,1.5707963267948966,1.5707963267948966,4.71238898038469
3.141592653589793,0.0,3.141592653589793,1.6689710972195777,4.71238898038469,0.0,6.086835766330224,3.141592653589793,3.141592653589793,3.141592653589793,0.0,0.0,4.71238898038469,1.5707963267948966,0.0,0.0,0.0,0.0,0.0,1.5707963267948966,1.5707963267948966,1.5707963267948966,1.5707963267948966,4.71238898038469
3.141592653589793,0.0,3.141592653589793,1.5707963267948966,4.81056375080937,0.0,6.086835766330224,3.141592653589793,3.141592653589793,3.141592653589793,0.0,0.0,4.71238898038469,1.5707963267948966,0.0,0.0,0.0,0.0,0.0,1.5707963267948966,1.5707963267948966,1.5707963267948966,1.5707963267948966,4.71238898038469
3.141592653589793,0.0,3.141592653589793,1.5707963267948966,4.71238898038469,0.09817477042468103,6.086835766330224,3.141592653589793,3.141592653589793,3.141592653589793,0.0,0.0,4.71238898038469,1.5707963267948966,0.0,0.0,0.0,0.0,0.0,1.5707963267948966,1.5707963267948966,1.5707963267948966,1.5707963267948966,4.71238898038469
3.141592653589793,0.0,3.141592653589793,1.5707963267948966,4.71238898038469,0.0,6.1850105367549055,3.141592653589793,3.141592653589793,3.141592653589793,0.0,0.0,4.71238898038469,1.5707963267948966,0.0,0.0,0.0,0.0,0.0,1.5707963267948966,1.5707963267948966,1.5707963267948966,1.5707963267948966,4.71238898038469
3.141592653589793,0.0,3.141592653589793,1.5707963267948966,4.71238898038469,0.0,6.086835766330224,3.2397674240144743,3.141592653589793,3.141592653589793,0.0,0.0,4.71238898038469,1.5707963267948966,0.0,0.0,0.0,0.0,0.0,1.5707963267948966,1.5707963267948966,1.5707963267948966,1.5707963267948966,4.71238898038469
3.141592653589793,0.0,3.141592653589793,1.5707963267948966,4.71238898038469,0.0,6.086835766330224,3.141592653589793,3.2397674240144743,3.141592653589793,0.0,0.0,4.71238898038469,1.5707963267948966,0.0,0.0,0.0,0.0,0.0,1.5707963267948966,1.5707963267948966,1.5707963267948966,1.5707963267948966,4.71238898038469
3.141592653589793,0.0,3.141592653589793,1.5707963267948966,4.71238898038469,0.0,6.086835766330224,3.141592653589793,3.141592653589793,3.2397674240144743,0.0,0.0,4.71238898038469,1.5707963267948966,0.0,0.0,0.0,0.0,0.0,1.5707963267948966,1.5707963267948966,1.5707963267948966,1.5707963267948966,4.71238898038469
3.141592653589793,0.0,3.141592653589793,1.5707963267948966,4.71238898038469,0.0,6.086835766330224,3.141592653589793,3.141592653589793,3.141592653589793,0.09817477042468103,0.0,4.71238898038469,1.5707963267948966,0.0,0.0,0.0,0.0,0.0,1.5707963267948966,1.5707963267948966,1.5707963267948966,1.5707963267948966,4.71238898038469
3.141592653589793,0.0,3.141592653589793,1.5707963267948966,4.71238898038469,0.0,6.086835766330224,3.141592653589793,3.141592653589793,3.141592653589793,0.0,0.09817477042468103,4.71238898038469,1.5707963267948966,0.0,0.0,0.0,0.0,0.0,1.5707963267948966,1.5707963267948966,1.5707963267948966,1.5707963267948966,4.71238898038469
3.141592653589793,0.0,3.141592653589793,1.5707963267948966,4.71238898038469,0.0,6.086835766330224,3.141592653589793,3.141592653589793,3.141592653589793,0.0,0.0,4.81056375080937,1.5707963267948966,0.0,0.0,0.0,0.0,0.0,1.5707963267948966,1.5707963267948966,1.5707963267948966,1.5707963267948966,4.71238898038469
3.141592653589793,0.0,3.141592653589793,1.5707963267948966,4.71238898038469,0.0,6.086835766330224,3.141592653589793,3.141592653589793,3.141592653589793,0.0,0.0,4.71238898038469,1.6689710972195777,0.0,0.0,0.0,0.0,0.0,1.5707963267948966,1.5707963267948966,1.5707963267948966,1.5707963267948966,4.71238898038469
3.141592653589793,0.0,3.141592653589793,1.5707963267948966,4.71238898038469,0.0,6.086835766330224,3.141592653589793,3.141592653589793,3.141592653589793,0.0,0.0,4.71238898038469,1.5707963267948966,0.09817477042468103,0.0,0.0,0.0,0.0,1.5707963267948966,1.5707963267948966,1.5707963267948966,1.5707963267948966,4.71238898038469
3.141592653589793,0.0,3.141592653589793,1.5707963267948966,4.71238898038469,0.0,6.086835766330224,3.141592653589793,3.141592653589793,3.141592653589793,0.0,0.0,4.71238898038469,1.5707963267948966,0.0,0.09817477042468103,0.0,0.0,0.0,1.5707963267948966,1.5707963267948966,1.5707963267948966,1.5707963267948966,4.71238898038469
3.141592653589793,0.0,3.141592653589793,1.5707963267948966,4.71238898038469,0.0,6.086835766330224,3.141592653589793,3.141592653589793,3.141592653589793,0.0,0.0,4.71238898038469,1.5707963267948966,0.0,0.0,0.09817477042468103,0.0,0.0,1.5707963267948966,1.5707963267948966,1.5707963267948966,1.5707963267948966,4.71238898038469
3.141592653589793,0.0,3.141592653589793,1.5707963267948966,4.71238898038469,0.0,6.086835766330224,3.141592653589793,3.141592653589793,3.141592653589793,0.0,0.0,4.71238898038469,1.5707963267948966,0.0,0.0,0.0,0.09817477042468103,0.0,1.5707963267948966,1.5707963267948966,1.5707963267948966,1.5707963267948966,4.71238898038469
3.141592653589793,0.0,3.141592653589793,1.5707963267948966,4.71238898038469,0.0,6.086835766330224,3.141592653589793,3.141592653589793,3.141592653589793,0.0,0.0,4.71238898038469,1.5707963267948966,0.0,0.0,0.0,0.0,0.09817477042468103,1.5707963267948966,1.5707963267948966,1.5707963267948966,1.5707963267948966,4.71238898038469
3.141592653589793,0.0,3.141592653589793,1.5707963267948966,4.71238898038469,0.0,6.086835766330224,3.141592653589793,3.141592653589793,3.141592653589793,0.0,0.0,4.71238898038469,1.5707963267948966,0.0,0.0,0.0,0.0,0.0,1.6689710972195777,1.5707963267948966,1.5707963267948966,1.5707963267948966,4.71238898038469
3.141592653589793,0.0,3.141592653589793,1.5707963267948966,4.71238898038469,0.0,6.086835766330224,3.141592653589793,3.141592653589793,3.141592653589793,0.0,0.0,4.71238898038469,1.5707963267948966,0.0,0.0,0.0,0.0,0.0,1.5707963267948966,1.6689710972195777,1.5707963267948966,1.5707963267948966,4.71238898038469
3.141592653589793,0.0,3.141592653589793,1.5707963267948966,4.71238898038469,0.0,6.086835766330224,3.141592653589793,3.141592653589793,3.141592653589793,0.0,0.0,4.71238898038469,1.5707963267948966,0.0,0.0,0.0,0.0,0.0,1.5707963267948966,1.5707963267948966,1.6689710972195777,1.5707963267948966,4.71238898038469
3.141592653589793,0.0,3.141592653589793,1.5707963267948966,4.71238898038469,0.0,6.086835766330224,3.141592653589793,3.141592653589793,3.141592653589793,0.0,0.0,4.71238898038469,1.5707963267948966,0.0,0.0,0.0,0.0,0.0,1.5707963267948966,1.5707963267948966,1.5707963267948966,1.6689710972195777,4.71238898038469
3.141592653589793,0.0,3.141592653589793,1.5707963267948966,4.71238898038469,0.0,6.086835766330224,3.141592653589793,3.141592653589793,3.141592653589793,0.0,0.0,4.71238898038469,1.5707963267948966,0.0,0.0,0.0,0.0,0.0,1.5707963267948966,1.5707963267948966,1.5707963267948966,1.5707963267948966,4.81056375080937
3.043417883165112,0.0,3.141592653589793,1.5707963267948966,4.71238898038469,0.0,6.086835766330224,3.141592653589793,3.141592653589793,3.141592653589793,0.0,0.0,4.71238898038469,1.5707963267948966,0.0,0.0,0.0,0.0,0.0,1.5707963267948966,1.5707963267948966,1.5707963267948966,1.5707963267948966,4.71238898038469
3.141592653589793,0.0,3.043417883165112,1.5707963267948966,4.71238898038469,0.0,6.086835766330224,3.141592653589793,3.141592653589793,3.141592653589793,0.0,0.0,4.71238898038469,1.5707963267948966,0.0,0.0,0.0,0.0,0.0,1.5707963267948966,1.5707963267948966,1.5707963267948966,1.5707963267948966,4.71238898038469
3.141592653589793,0.0,3.141592653589793,1.4726215563702154,4.71238898038469,0.0,6.086835766330224,3.141592653589793,3.141592653589793,3.141592653589793,0.0,0.0,4.71238898038469,1.5707963267948966,0.0,0.0,0.0,0.0,0.0,1.5707963267948966,1.5707963267948966,1.5707963267948966,1.5707963267948966,4.71238898038469
3.141592653589793,0.0,3.141592653589793,1.5707963267948966,4.614214209960009,0.0,6.086835766330224,3.141592653589793,3.141592653589793,3.141592653589793,0.0,0.0,4.71238898038469,1.5707963267948966,0.0,0.0,0.0,0.0,0.0,1.5707963267948966,1.5707963267948966,1.5707963267948966,1.5707963267948966,4.71238898038469
3.141592653589793,0.0,3.141592653589793,1.5707963267948966,4.71238898038469,0.0,5.988660995905543,3.141592653589793,3.141592653589793,3.141592653589793,0.0,0.0,4.71238898038469,1.5707963267948966,0.0,0.0,0.0,0.0,0.0,1.5707963267948966,1.5707963267948966,1.5707963267948966,1.5707963267948966,4.71238898038469
3.141592653589793,0.0,3.141592653589793,1.5707963267948966,4.71238898038469,0.0,6.086835766330224,3.043417883165112,3.141592653589793,3.141592653589793,0.0,0.0,4.71238898038469,1.5707963267948966,0.0,0.0,0.0,0.0,0.0,1.5707963267948966,1.5707963267948966,1.5707963267948966,1.5707963267948966,4.71238898038469
3.141592653589793,0.0,3.141592653589793,1.5707963267948966,4.71238898038469,0.0,6.086835766330224,3.141592653589793,3.043417883165112,3.141592653589793,0.0,0.0,4.71238898038469,1.5707963267948966,0.0,0.0,0.0,0.0,0.0,1.5707963267948966,1.5707963267948966,1.5707963267948966,1.5707963267948966,4.71238898038469
3.141592653589793,0.0,3.141592653589793,1.5707963267948966,4.71238898038469,0.0,6.086835766330224,3.141592653589793,3.141592653589793,3.043417883165112,0.0,0.0,4.71238898038469,1.5707963267948966,0.0,0.0,0.0,0.0,0.0,1.5707963267948966,1.5707963267948966,1.5707963267948966,1.5707963267948966,4.71238898038469
3.141592653589793,0.0,3.141592653589793,1.5707963267948966,4.71238898038469,0.0,6.086835766330224,3.141592653589793,3.141592653589793,3.141592653589793,0.0,0.0,4.614214209960009,1.5707963267948966,0.0,0.0,0.0,0.0,0.0,1.5707963267948966,1.5707963267948966,1.5707963267948966,1.5707963267948966,4.71238898038469
3.141592653589793,0.0,3.141592653589793,1.5707963267948966,4.71238898038469,0.0,6.086835766330224,3.141592653589793,3.141592653589793,3.141592653589793,0.0,0.0,4.71238898038469,1.4726215563702154,0.0,0.0,0.0,0.0,0.0,1.5707963267948966,1.5707963267948966,1.5707963267948966,1.5707963267948966,4.71238898038469
3.141592653589793,0.0,3.141592653589793,1.5707963267948966,4.71238898038469,0.0,6.086835766330224,3.141592653589793,3.141592653589793,3.141592653589793,0.0,0.0,4.71238898038469,1.5707963267948966,0.0,0.0,0.0,0.0,0.0,1.4726215563702154,1.5707963267948966,1.5707963267948966,1.5707963267948966,4.71238898038469
3.141592653589793,0.0,3.141592653589793,1.5707963267948966,4.71238898038469,0.0,6.086835766330224,3.141592653589793,3.141592653589793,3.141592653589793,0.0,0.0,4.71238898038469,1.5707963267948966,0.0,0.0,0.0,0.0,0.0,1.5707963267948966,1.4726215563702154,1.5707963267948966,1.5707963267948966,4.71238898038469
3.141592653589793,0.0,3.141592653589793,1.5707963267948966,4.71238898038469,0.0,6.086835766330224,3.141592653589793,3.141592653589793,3.141592653589793,0.0,0.0,4.71238898038469,1.5707963267948966,0.0,0.0,0.0,0.0,0.0,1.5707963267948966,1.5707963267948966,1.4726215563702154,1.5707963267948966,4.71238898038469
3.141592653589793,0.0,3.141592653589793,1.5707963267948966,4.71238898038469,0.0,6.086835766330224,3.141592653589793,3.141592653589793,3.141592653589793,0.0,0.0,4.71238898038469,1.5707963267948966,0.0,0.0,0.0,0.0,0.0,1.5707963267948966,1.5707963267948966,1.5707963267948966,1.4726215563702154,4.71238898038469
3.141592653589793,0.0,3.141592653589793,1.5707963267948966,4.71238898038469,0.0,6.086835766330224,3.141592653589793,3.141592653589793,3.141592653589793,0.0,0.0,4.71238898038469,1.5707963267948966,0.0,0.0,0.0,0.0,0.0,1.5707963267948966,1.5707963267948966,1.5707963267948966,1.5707963267948966,4.614214209960009
3.1906800388021335,0.0,3.141592653589793,1.5707963267948966,4.71238898038469,0.0,6.086835766330224,3.141592653589793,3.141592653589793,3.141592653589793,0.0,0.0,4.71238898038469,1.5707963267948966,0.0,0.0,0.0,0.0,0.0,1.5707963267948966,1.5707963267948966,1.5707963267948966,1.5707963267948966,4.71238898038469
3.141592653589793,0.04908738521234052,3.141592653589793,1.5707963267948966,4.71238898038469,0.0,6.086835766330224,3.141592653589793,3.141592653589793,3.141592653589793,0.0,0.0,4.71238898038469,1.5707963267948966,0.0,0.0,0.0,0.0,0.0,1.5707963267948966,1.5707963267948966,1.5707963267948966,1.5707963267948966,4.71238898038469
3.141592653589793,0.0,3.1906800388021335,1.5707963267948966,4.71238898038469,0.0,6.086835766330224,3.141592653589793,3.141592653589793,3.141592653589793,0.0,0.0,4.71238898038469,1.5707963267948966,0.0,0.0,0.0,0.0,0.0,1.5707963267948966,1.5707963267948966,1.5707963267948966,1.5707963267948966,4.71238898038469
3.141592653589793,0.0,3.141592653589793,1.6198837120072371,4.71238898038469,0.0,6.086835766330224,3.141592653589793,3.141592653589793,3.141592653589793,0.0,0.0,4.71238898038469,1.5707963267948966,0.0,0.0,0.0,0.0,0.0,1.5707963267948966,1.5707963267948966,1.5707963267948966,1.5707963267948966,4.71238898038469
3.141592653589793,0.0,3.141592653589793,1.5707963267948966,4.76147636559703,0.0,6.086835766330224,3.141592653589793,3.141592653589793,3.141592653589793,0.0,0.0,4.71238898038469,1.5707963267948966,0.0,0.0,0.0,0.0,0.0,1.5707963267948966,1.5707963267948966,1.5707963267948966,1.5707963267948966,4.71238898038469
3.141592653589793,0.0,3.141592653589793,1.5707963267948966,4.71238898038469,0.04908738521234052,6.086835766330224,3.141592653589793,3.141592653589793,3.141592653589793,0.0,0.0,4.71238898038469,1.5707963267948966,0.0,0.0,0.0,0.0,0.0,1.5707963267948966,1.5707963267948966,1.5707963267948966,1.5707963267948966,4.71238898038469
3.141592653589793,0.0,3.141592653589793,1.5707963267948966,4.71238898038469,0.0,6.135923151542564,3.141592653589793,3.141592653589793,3.141592653589793,0.0,0.0,4.71238898038469,1.5707963267948966,0.0,0.0,0.0,0.0,0.0,1.5707963267948966,1.5707963267948966,1.5707963267948966,1.5707963267948966,4.71238898038469
3.141592653589793,0.0,3.141592653589793,1.5707963267948966,4.71238898038469,0.0,6.086835766330224,3.1906800388021335,3.141592653589793,3.141592653589793,0.0,0.0,4.71238898038469,1.5707963267948966,0.0,0.0,0.0,0.0,0.0,1.5707963267948966,1.5707963267948966,1.5707963267948966,1.5707963267948966,4.71238898038469
3.141592653589793,0.0,3.141592653589793,1.5707963267948966,4.71238898038469,0.0,6.086835766330224,3.141592653589793,3.1906800388021335,3.141592653589793,0.0,0.0,4.71238898038469,1.5707963267948966,0.0,0.0,0.0,0.0,0.0,1.5707963267948966,1.5707963267948966,1.5707963267948966,1.5707963267948966,4.71238898038469
3.141592653589793,0.0,3.141592653589793,1.5707963267948966,4.71238898038469,0.0,6.086835766330224,3.141592653589793,3.141592653589793,3.1906800388021335,0.0,0.0,4.71238898038469,1.5707963267948966,0.0,0.0,0.0,0.0,0.0,1.5707963267948966,1.5707963267948966,1.5707963267948966,1.5707963267948966,4.71238898038469
3.141592653589793,0.0,3.141592653589793,1.5707963267948966,4.71238898038469,0.0,6.086835766330224,3.141592653589793,3.141592653589793,3.141592653589793,0.04908738521234052,0.0,4.71238898038469,1.5707963267948966,0.0,0.0,0.0,0.0,0.0,1.5707963267948966,1.5707963267948966,1.5707963267948966,1.5707963267948966,4.71238898038469
3.141592653589793,0.0,3.141592653589793,1.5707963267948966,4.71238898038469,0.0,6.086835766330224,3.141592653589793,3.141592653589793,3.141592653589793,0.0,0.04908738521234052,4.71238898038469,1.5707963267948966,0.0,0.0,0.0,0.0,0.0,1.5707963267948966,1.5707963267948966,1.5707963267948966,1.5707963267948966,4.71238898038469
3.141592653589793,0.0,3.141592653589793,1.5707963267948966,4.71238898038469,0.0,6.086835766330224,3.141592653589793,3.141592653589793,3.141592653589793,0.0,0.0,4.76147636559703,1.5707963267948966,0.0,0.0,0.0,0.0,0.0,1.5707963267948966,1.5707963267948966,1.5707963267948966,1.5707963267948966,4.71238898038469
3.141592653589793,0.0,3.141592653589793,1.5707963267948966,4.71238898038469,0.0,6.086835766330224,3.141592653589793,3.141592653589793,3.141592653589793,0.0,0.0,4.71238898038469,1.6198837120072371,0.0,0.0,0.0,0.0,0.0,1.5707963267948966,1.5707963267948966,1.5707963267948966,1.5707963267948966,4.71238898038469
3.141592653589793,0.0,3.141592653589793,1.5707963267948966,4.71238898038469,0.0,6.086835766330224,3.141592653589793,3.141592653589793,3.141592653589793,0.0,0.0,4.71238898038469,1.5707963267948966,0.04908738521234052,0.0,0.0,0.0,0.0,1.5707963267948966,1.5707963267948966,1.5707963267948966,1.5707963267948966,4.71238898038469
3.141592653589793,0.0,3.141592653589793,1.5707963267948966,4.71238898038469,0.0,6.086835766330224,3.141592653589793,3.141592653589793,3.141592653589793,0.0,0.0,4.71238898038469,1.5707963267948966,0.0,0.04908738521234052,0.0,0.0,0.0,1.5707963267948966,1.5707963267948966,1.5707963267948966,1.5707963267948966,4.71238898038469
3.141592653589793,0.0,3.141592653589793,1.5707963267948966,4.71238898038469,0.0,6.086835766330224,3.141592653589793,3.141592653589793,3.141592653589793,0.0,0.0,4.71238898038469,1.5707963267948966,0.0,0.0,0.04908738521234052,0.0,0.0,1.5707963267948966,1.5707963267948966,1.5707963267948966,1.5707963267948966,4.71238898038469
3.141592653589793,0.0,3.141592653589793,1.5707963267948966,4.71238898038469,0.0,6.086835766330224,3.141592653589793,3.141592653589793,3.141592653589793,0.0,0.0,4.71238898038469,1.5707963267948966,0.0,0.0,0.0,0.04908738521234052,0.0,1.5707963267948966,1.5707963267948966,1.5707963267948966,1.5707963267948966,4.71238898038469
3.141592653589793,0.0,3.141592653589793,1.5707963267948966,4.71238898038469,0.0,6.086835766330224,3.141592653589793,3.141592653589793,3.141592653589793,0.0,0.0,4.71238898038469,1.5707963267948966,0.0,0.0,0.0,0.0,0.04908738521234052,1.5707963267948966,1.5707963267948966,1.5707963267948966,1.5707963267948966,4.71238898038469
3.141592653589793,0.0,3.141592653589793,1.5707963267948966,4.71238898038469,0.0,6.086835766330224,3.141592653589793,3.141592653589793,3.141592653589793,0.0,0.0,4.71238898038469,1.5707963267948966,0.0,0.0,0.0,0.0,0.0,1.6198837120072371,1.5707963267948966,1.5707963267948966,1.5707963267948966,4.71238898038469
3.141592653589793,0.0,3.141592653589793,1.5707963267948966,4.71238898038469,0.0,6.086835766330224,3.141592653589793,3.141592653589793,3.141592653589793,0.0,0.0,4.71238898038469,1.5707963267948966,0.0,0.0,0.0,0.0,0.0,1.5707963267948966,1.6198837120072371,1.5707963267948966,1.5707963267948966,4.71238898038469
3.141592653589793,0.0,3.141592653589793,1.5707963267948966,4.71238898038469,0.0,6.086835766330224,3.141592653589793,3.141592653589793,3.141592653589793,0.0,0.0,4.71238898038469,1.5707963267948966,0.0,0.0,0.0,0.0,0.0,1.5707963267948966,1.5707963267948966,1.6198837120072371,1.5707963267948966,4.71238898038469
3.141592653589793,0.0,3.141592653589793,1.5707963267948966,4.71238898038469,0.0,6.086835766330224,3.141592653589793,3.141592653589793,3.141592653589793,0.0,0.0,4.71238898038469,1.5707963267948966,0.0,0.0,0.0,0.0,0.0,1.5707963267948966,1.5707963267948966,1.5707963267948966,1.6198837120072371,4.71238898038469
3.141592653589793,0.0,3.141592653589793,1.5707963267948966,4.71238898038469,0.0,6.086835766330224,3.141592653589793,3.141592653589793,3.141592653589793,0.0,0.0,4.71238898038469,1.5707963267948966,0.0,0.0,0.0,0.0,0.0,1.5707963267948966,1.5707963267948966,1.5707963267948966,1.5707963267948966,4.76147636559703
3.0925052683774528,0.0,3.141592653589793,1.5707963267948966,4.71238898038469,0.0,6.086835766330224,3.141592653589793,3.141592653589793,3.141592653589793,0.0,0.0,4.71238898038469,1.5707963267948966,0.0,0.0,0.0,0.0,0.0,1.5707963267948966,1.5707963267948966,1.5707963267948966,1.5707963267948966,4.71238898038469
3.141592653589793,0.0,3.0925052683774528,1.5707963267948966,4.71238898038469,0.0,6.086835766330224,3.141592653589793,3.141592653589793,3.141592653589793,0.0,0.0,4.71238898038469,1.5707963267948966,0.0,0.0,0.0,0.0,0.0,1.5707963267948966,1.5707963267948966,1.5707963267948966,1.5707963267948966,4.71238898038469
3.141592653589793,0.0,3.141592653589793,1.521708941582556,4.71238898038469,0.0,6.086835766330224,3.141592653589793,3.141592653589793,3.141592653589793,0.0,0.0,4.71238898038469,1.5707963267948966,0.0,0.0,0.0,0.0,0.0,1.5707963267948966,1.5707963267948966,1.5707963267948966,1.5707963267948966,4.71238898038469
3.141592653589793,0.0,3.141592653589793,1.5707963267948966,4.663301595172349,0.0,6.086835766330224,3.141592653589793,3.141592653589793,3.141592653589793,0.0,0.0,4.71238898038469,1.5707963267948966,0.0,0.0,0.0,0.0,0.0,1.5707963267948966,1.5707963267948966,1.5707963267948966,1.5707963267948966,4.71238898038469
3.141592653589793,0.0,3.141592653589793,1.5707963267948966,4.71238898038469,0.0,6.037748381117884,3.141592653589793,3.141592653589793,3.141592653589793,0.0,0.0,4.71238898038469,1.5707963267948966,0.0,0.0,0.0,0.0,0.0,1.5707963267948966,1.5707963267948966,1.5707963267948966,1.5707963267948966,4.71238898038469
3.141592653589793,0.0,3.141592653589793,1.5707963267948966,4.71238898038469,0.0,6.086835766330224,3.0925052683774528,3.141592653589793,3.141592653589793,0.0,0.0,4.71238898038469,1.5707963267948966,0.0,0.0,0.0,0.0,0.0,1.5707963267948966,1.5707963267948966,1.5707963267948966,1.5707963267948966,4.71238898038469
3.141592653589793,0.0,3.141592653589793,1.5707963267948966,4.71238898038469,0.0,6.086835766330224,3.141592653589793,3.0925052683774528,3.141592653589793,0.0,0.0,4.71238898038469,1.5707963267948966,0.0,0.0,0.0,0.0,0.0,1.5707963267948966,1.5707963267948966,1.5707963267948966,1.5707963267948966,4.71238898038469
3.141592653589793,0.0,3.141592653589793,1.5707963267948966,4.71238898038469,0.0,6.086835766330224,3.141592653589793,3.141592653589793,3.0925052683774528,0.0,0.0,4.71238898038469,1.5707963267948966,0.0,0.0,0.0,0.0,0.0,1.5707963267948966,1.5707963267948966,1.5707963267948966,1.5707963267948966,4.71238898038469
3.141592653589793,0.0,3.141592653589793,1.5707963267948966,4.71238898038469,0.0,6.086835766330224,3.141592653589793,3.141592653589793,3.141592653589793,0.0,0.0,4.663301595172349,1.5707963267948966,0.0,0.0,0.0,0.0,0.0,1.5707963267948966,1.5707963267948966,1.5707963267948966,1.5707963267948966,4.71238898038469
3.141592653589793,0.0,3.141592653589793,1.5707963267948966,4.71238898038469,0.0,6.086835766330224,3.141592653589793,3.141592653589793,3.141592653589793,0.0,0.0,4.71238898038469,1.521708941582556,0.0,0.0,0.0,0.0,0.0,1.5707963267948966,1.5707963267948966,1.5707963267948966,1.5707963267948966,4.71238898038469
3.141592653589793,0.0,3.141592653589793,1.5707963267948966,4.71238898038469,0.0,6.086835766330224,3.141592653589793,3.141592653589793,3.141592653589793,0.0,0.0,4.71238898038469,1.5707963267948966,0.0,0.0,0.0,0.0,0.0,1.521708941582556,1.5707963267948966,1.5707963267948966,1.5707963267948966,4.71238898038469
3.141592653589793,0.0,3.141592653589793,1.5707963267948966,4.71238898038469,0.0,6.086835766330224,3.141592653589793,3.141592653589793,3.141592653589793,0.0,0.0,4.71238898038469,1.5707963267948966,0.0,0.0,0.0,0.0,0.0,1.5707963267948966,1.521708941582556,1.5707963267948966,1.5707963267948966,4.71238898038469
3.141592653589793,0.0,3.141592653589793,1.5707963267948966,4.71238898038469,0.0,6.086835766330224,3.141592653589793,3.141592653589793,3.141592653589793,0.0,0.0,4.71238898038469,1.5707963267948966,0.0,0.0,0.0,0.0,0.0,1.5707963267948966,1.5707963267948966,1.521708941582556,1.5707963267948966,4.71238898038469
3.141592653589793,0.0,3.141592653589793,1.5707963267948966,4.71238898038469,0.0,6.086835766330224,3.141592653589793,3.141592653589793,3.141592653589793,0.0,0.0,4.71238898038469,1.5707963267948966,0.0,0.0,0.0,0.0,0.0,1.5707963267948966,1.5707963267948966,1.5707963267948966,1.521708941582556,4.71238898038469
3.141592653589793,0.0,3.141592653589793,1.5707963267948966,4.71238898038469,0.0,6.086835766330224,3.141592653589793,3.141592653589793,3.141592653589793,0.0,0.0,4.71238898038469,1.5707963267948966,0.0,0.0,0.0,0.0,0.0,1.5707963267948966,1.5707963267948966,1.5707963267948966,1.5707963267948966,4.663301595172349
3.2017637446792273,0.0,3.092442371187801,1.62843635063311,4.725086321529572,0.0,6.107660778802355,3.114949013248672,3.101850310516331,3.0597389208510704,0.0,0.0,4.758680543419239,1.6108350440375936,0.0,0.0,0.0,0.0,0.0,1.5564956136026051,1.6039055823789687,1.623137736620571,1.5720249026550928,4.805867191451113
3.1716781991345098,0.0,3.1170175123887973,1.5996163387140034,4.718737650957131,0.0,6.09724827256629,3.128270833419233,3.121721482053062,3.1006657872204317,0.0,0.0,4.735534761901965,1.5908156854162452,0.0,0.0,0.0,0.0,0.0,1.5636459701987508,1.5873509545869329,1.5969670317077336,1.5714106147249947,4.759128085917901
3.156635426362152,0.0,3.129305082989295,1.5852063327544499,4.71556331567091,0.0,6.0920420194482565,3.134931743504513,3.1316570678214273,3.121129220405112,0.0,0.0,4.723961871143327,1.5808060061055709,0.0,0.0,0.0,0.0,0.0,1.5672211484968237,1.5790736406909145,1.5838816792513153,1.5711034707599454,4.735758533151295
3.1491140399759723,0.0,3.135448868289544,1.5780013297746731,4.7139761480278,0.0,6.089438892889241,3.138262198547153,3.13662486070561,3.131360936997453,0.0,0.0,4.7181754257640085,1.5758011664502336,0.0,0.0,0.0,0.0,0.0,1.5690087376458601,1.5749349837429056,1.5773390030231058,1.570949898777421,4.724073756767993
3.1906800388021335,0.0,3.141592653589793,1.5707963267948966,4.71238898038469,0.0,6.086835766330224,3.141592653589793,3.141592653589793,3.141592653589793,0.0,0.0,4.71238898038469,1.5707963267948966,0.0,0.0,0.0,0.0,0.0,1.5707963267948966,1.5707963267948966,1.5707963267948966,1.5707963267948966,4.71238898038469
3.141592653589793,0.04908738521234052,3.141592653589793,1.5707963267948966,4.71238898038469,0.0,6.086835766330224,3.141592653589793,3.141592653589793,3.141592653589793,0.0,0.0,4.71238898038469,1.5707963267948966,0.0,0.0,0.0,0.0,0.0,1.5707963267948966,1.5707963267948966,1.5707963267948966,1.5707963267948966,4.71238898038469
3.141592653589793,0.0,3.1906800388021335,1.5707963267948966,4.71238898038469,0.0,6.086835766330224,3.141592653589793,3.141592653589793,3.141592653589793,0.0,0.0,4.71238898038469,1.5707963267948966,0.0,0.0,0.0,0.0,0.0,1.5707963267948966,1.5707963267948966,1.5707963267948966,1.5707963267948966,4.71238898038469
3.141592653589793,0.0,3.141592653589793,1.6198837120072371,4.71238898038469,0.0,6.086835766330224,3.141592653589793,3.141592653589793,3.141592653589793,0.0,0.0,4.71238898038469,1.5707963267948966,0.0,0.0,0.0,0.0,0.0,1.5707963267948966,1.5707963267948966,1.5707963267948966,1.5707963267948966,4.71238898038469
3.141592653589793,0.0,3.141592653589793,1.5707963267948966,4.76147636559703,0.0,6.086835766330224,3.141592653589793,3.141592653589793,3.141592653589793,0.0,0.0,4.71238898038469,1.5707963267948966,0.0,0.0,0.0,0.0,0.0,1.5707963267948966,1.5707963267948966,1.5707963267948966,1.5707963267948966,4.71238898038469
3.141592653589793,0.0,3.141592653589793,1.5707963267948966,4.71238898038469,0.04908738521234052,6.086835766330224,3.141592653589793,3.141592653589793,3.141592653589793,0.0,0.0,4.71238898038469,1.5707963267948966,0.0,0.0,0.0,0.0,0.0,1.5707963267948966,1.5707963267948966,1.5707963267948966,1.5707963267948966,4.71238898038469
3.141592653589793,0.0,3.141592653589793,1.5707963267948966,4.71238898038469,0.0,6.135923151542564,3.141592653589793,3.141592653589793,3.141592653589793,0.0,0.0,4.71238898038469,1.5707963267948966,0.0,0.0,0.0,0.0,0.0,1.5707963267948966,1.5707963267948966,1.5707963267948966,1.5707963267948966,4.71238898038469
3.141592653589793,0.0,3.141592653589793,1.5707963267948966,4.71238898038469,0.0,6.086835766330224,3.1906800388021335,3.141592653589793,3.141592653589793,0.0,0.0,4.71238898038469,1.5707963267948966,0.0,0.0,0.0,0.0,0.0,1.5707963267948966,1.5707963267948966,1.5707963267948966,1.5707963267948966,4.71238898038469
3.141592653589793,0.0,3.141592653589793,1.5707963267948966,4.71238898038469,0.0,6.086835766330224,3.141592653589793,3.1906800388021335,3.141592653589793,0.0,0.0,4.71238898038469,1.5707963267948966,0.0,0.0,0.0,0.0,0.0,1.5707963267948966,1.5707963267948966,1.5707963267948966,1.5707963267948966,4.71238898038469
3.141592653589793,0.0,3.141592653589793,1.5707963267948966,4.71238898038469,0.0,6.086835766330224,3.141592653589793,3.141592653589793,3.1906800388021335,0.0,0.0,4.71238898038469,1.5707963267948966,0.0,0.0,0.0,0.0,0.0,1.5707963267948966,1.5707963267948966,1.5707963267948966,1.5707963267948966,4.71238898038469
3.141592653589793,0.0,3.141592653589793,1.5707963267948966,4.71238898038469,0.0,6.086835766330224,3.141592653589793,3.141592653589793,3.141592653589793,0.04908738521234052,0.0,4.71238898038469,1.5707963267948966,0.0,0.0,0.0,0.0,0.0,1.5707963267948966,1.5707963267948966,1.5707963267948966,1.5707963267948966,4.71238898038469
3.141592653589793,0.0,3.141592653589793,1.5707963267948966,4.71238898038469,0.0,6.086835766330224,3.141592653589793,3.141592653589793,3.141592653589793,0.0,0.04908738521234052,4.71238898038469,1.5707963267948966,0.0,0.0,0.0,0.0,0.0,1.5707963267948966,1.5707963267948966,1.5707963267948966,1.5707963267948966,4.71238898038469
3.141592653589793,0.0,3.141592653589793,1.5707963267948966,4.71238898038469,0.0,6.086835766330224,3.141592653589793,3.141592653589793,3.141592653589793,0.0,0.0,4.76147636559703,1.5707963267948966,0.0,0.0,0.0,0.0,0.0,1.5707963267948966,1.5707963267948966,1.5707963267948966,1.5707963267948966,4.71238898038469
3.141592653589793,0.0,3.141592653589793,1.5707963267948966,4.71238898038469,0.0,6.086835766330224,3.141592653589793,3.141592653589793,3.141592653589793,0.0,0.0,4.71238898038469,1.6198837120072371,0.0,0.0,0.0,0.0,0.0,1.5707963267948966,1.5707963267948966,1.5707963267948966,1.5707963267948966,4.71238898038469
3.141592653589793,0.0,3.141592653589793,1.5707963267948966,4.71238898038469,0.0,6.086835766330224,3.141592653589793,3.141592653589793,3.141592653589793,0.0,0.0,4.71238898038469,1.5707963267948966,0.04908738521234052,0.0,0.0,0.0,0.0,1.5707963267948966,1.5707963267948966,1.5707963267948966,1.5707963267948966,4.71238898038469
3.141592653589793,0.0,3.141592653589793,1.5707963267948966,4.71238898038469,0.0,6.086835766330224,3.141592653589793,3.141592653589793,3.141592653589793,0.0,0.0,4.71238898038469,1.5707963267948966,0.0,0.04908738521234052,0.0,0.0,0.0,1.5707963267948966,1.5707963267948966,1.5707963267948966,1.5707963267948966,4.71238898038469
3.141592653589793,0.0,3.141592653589793,1.5707963267948966,4.71238898038469,0.0,6.086835766330224,3.141592653589793,3.141592653589793,3.141592653589793,0.0,0.0,4.71238898038469,1.5707963267948966,0.0,0.0,0.04908738521234052,0.0,0.0,1.5707963267948966,1.5707963267948966,1.5707963267948966,1.5707963267948966,4.71238898038469
3.141592653589793,0.0,3.141592653589793,1.5707963267948966,4.71238898038469,0.0,6.086835766330224,3.141592653589793,3.141592653589793,3.141592653589793,0.0,0.0,4.71238898038469,1.5707963267948966,0.0,0.0,0.0,0.04908738521234052,0.0,1.5707963267948966,1.5707963267948966,1.5707963267948966,1.5707963267948966,4.71238898038469
3.141592653589793,0.0,3.141592653589793,1.5707963267948966,4.71238898038469,0.0,6.086835766330224,3.141592653589793,3.141592653589793,3.141592653589793,0.0,0.0,4.71238898038469,1.5707963267948966,0.0,0.0,0.0,0.0,0.04908738521234052,1.5707963267948966,1.5707963267948966,1.5707963267948966,1.5707963267948966,4.71238898038469
3.141592653589793,0.0,3.141592653589793,1.5707963267948966,4.71238898038469,0.0,6.086835766330224,3.141592653589793,3.141592653589793,3.141592653589793,0.0,0.0,4.71238898038469,1.5707963267948966,0.0,0.0,0.0,0.0,0.0,1.6198837120072371,1.5707963267948966,1.5707963267948966,1.5707963267948966,4.71238898038469
3.141592653589793,0.0,3.141592653589793,1.5707963267948966,4.71238898038469,0.0,6.086835766330224,3.141592653589793,3.141592653589793,3.141592653589793,0.0,0.0,4.71238898038469,1.5707963267948966,0.0,0.0,0.0,0.0,0.0,1.5707963267948966,1.6198837120072371,1.5707963267948966,1.5707963267948966,4.71238898038469
3.141592653589793,0.0,3.141592653589793,1.5707963267948966,4.71238898038469,0.0,6.086835766330224,3.141592653589793,3.141592653589793,3.141592653589793,0.0,0.0,4.71238898038469,1.5707963267948966,0.0,0.0,0.0,0.0,0.0,1.5707963267948966,1.5707963267948966,1.6198837120072371,1.5707963267948966,4.71238898038469
3.141592653589793,0.0,3.141592653589793,1.5707963267948966,4.71238898038469,0.0,6.086835766330224,3.141592653589793,3.141592653589793,3.141592653589793,0.0,0.0,4.71238898038469,1.5707963267948966,0.0,0.0,0.0,0.0,0.0,1.5707963267948966,1.5707963267948966,1.5707963267948966,1.6198837120072371,4.71238898038469
3.141592653589793,0.0,3.141592653589793,1.5707963267948966,4.71238898038469,0.0,6.086835766330224,3.141592653589793,3.141592653589793,3.141592653589793,0.0,0.0,4.71238898038469,1.5707963267948966,0.0,0.0,0.0,0.0,0.0,1.5707963267948966,1.5707963267948966,1.5707963267948966,1.5707963267948966,4.76147636559703
3.0925052683774528,0.0,3.141592653589793,1.5707963267948966,4.71238898038469,0.0,6.086835766330224,3.141592653589793,3.141592653589793,3.141592653589793,0.0,0.0,4.71238898038469,1.5707963267948966,0.0,0.0,0.0,0.0,0.0,1.5707963267948966,1.5707963267948966,1.5707963267948966,1.5707963267948966,4.71238898038469
3.141592653589793,0.0,3.0925052683774528,1.5707963267948966,4.71238898038469,0.0,6.086835766330224,3.141592653589793,3.141592653589793,3.141592653589793,0.0,0.0,4.71238898038469,1.5707963267948966,0.0,0.0,0.0,0.0,0.0,1.5707963267948966,1.5707963267948966,1.5707963267948966,1.5707963267948966,4.71238898038469
3.141592653589793,0.0,3.141592653589793,1.521708941582556,4.71238898038469,0.0,6.086835766330224,3.141592653589793,3.141592653589793,3.141592653589793,0.0,0.0,4.71238898038469,1.5707963267948966,0.0,0.0,0.0,0.0,0.0,1.5707963267948966,1.5707963267948966,1.5707963267948966,1.5707963267948966,4.71238898038469
3.141592653589793,0.0,3.141592653589793,1.5707963267948966,4.663301595172349,0.0,6.086835766330224,3.141592653589793,3.141592653589793,3.141592653589793,0.0,0.0,4.71238898038469,1.5707963267948966,0.0,0.0,0.0,0.0,0.0,1.5707963267948966,1.5707963267948966,1.5707963267948966,1.5707963267948966,4.71238898038469
3.141592653589793,0.0,3.141592653589793,1.5707963267948966,4.71238898038469,0.0,6.037748381117884,3.141592653589793,3.141592653589793,3.141592653589793,0.0,0.0,4.71238898038469,1.5707963267948966,0.0,0.0,0.0,0.0,0.0,1.5707963267948966,1.5707963267948966,1.5707963267948966,1.5707963267948966,4.71238898038469
3.141592653589793,0.0,3.141592653589793,1.5707963267948966,4.71238898038469,0.0,6.086835766330224,3.0925052683774528,3.141592653589793,3.141592653589793,0.0,0.0,4.71238898038469,1.5707963267948966,0.0,0.0,0.0,0.0,0.0,1.5707963267948966,1.5707963267948966,1.5707963267948966,1.5707963267948966,4.71238898038469
3.141592653589793,0.0,3.141592653589793,1.5707963267948966,4.71238898038469,0.0,6.086835766330224,3.141592653589793,3.0925052683774528,3.141592653589793,0.0,0.0,4.71238898038469,1.5707963267948966,0.0,0.0,0.0,0.0,0.0,1.5707963267948966,1.5707963267948966,1.5707963267948966,1.5707963267948966,4.71238898038469
3.141592653589793,0.0,3.141592653589793,1.5707963267948966,4.71238898038469,0.0,6.086835766330224,3.141592653589793,3.141592653589793,3.0925052683774528,0.0,0.0,4.71238898038469,1.5707963267948966,0.0,0.0,0.0,0.0,0.0,1.5707963267948966,1.5707963267948966,1.5707963267948966,1.5707963267948966,4.71238898038469
3.141592653589793,0.0,3.141592653589793,1.5707963267948966,4.71238898038469,0.0,6.086835766330224,3.141592653589793,3.141592653589793,3.141592653589793,0.0,0.0,4.663301595172349,1.5707963267948966,0.0,0.0,0.0,0.0,0.0,1.5707963267948966,1.5707963267948966,1.5707963267948966,1.5707963267948966,4.71238898038469
3.141592653589793,0.0,3.141592653589793,1.5707963267948966,4.71238898038469,0.0,6.086835766330224,3.141592653589793,3.141592653589793,3.141592653589793,0.0,0.0,4.71238898038469,1.521708941582556,0.0,0.0,0.0,0.0,0.0,1.5707963267948966,1.5707963267948966,1.5707963267948966,1.5707963267948966,4.71238898038469
3.141592653589793,0.0,3.141592653589793,1.5707963267948966,4.71238898038469,0.0,6.086835766330224,3.141592653589793,3.141592653589793,3.141592653589793,0.0,0.0,4.71238898038469,1.5707963267948966,0.0,0.0,0.0,0.0,0.0,1.521708941582556,1.5707963267948966,1.5707963267948966,1.5707963267948966,4.71238898038469
3.141592653589793,0.0,3.141592653589793,1.5707963267948966,4.71238898038469,0.0,6.086835766330224,3.141592653589793,3.141592653589793,3.141592653589793,0.0,0.0,4.71238898038469,1.5707963267948966,0.0,0.0,0.0,0.0,0.0,1.5707963267948966,1.521708941582556,1.5707963267948966,1.5707963267948966,4.71238898038469
3.141592653589793,0.0,3.141592653589793,1.5707963267948966,4.71238898038469,0.0,6.086835766330224,3.141592653589793,3.141592653589793,3.141592653589793,0.0,0.0,4.71238898038469,1.5707963267948966,0.0,0.0,0.0,0.0,0.0,1.5707963267948966,1.5707963267948966,1.521708941582556,1.5707963267948966,4.71238898038469
3.141592653589793,0.0,3.141592653589793,1.5707963267948966,4.71238898038469,0.0,6.086835766330224,3.141592653589793,3.141592653589793,3.141592653589793,0.0,0.0,4.71238898038469,1.5707963267948966,0.0,0.0,0.0,0.0,0.0,1.5707963267948966,1.5707963267948966,1.5707963267948966,1.521708941582556,4.71238898038469
3.141592653589793,0.0,3.141592653589793,1.5707963267948966,4.71238898038469,0.0,6.086835766330224,3.141592653589793,3.141592653589793,3.141592653589793,0.0,0.0,4.71238898038469,1.5707963267948966,0.0,0.0,0.0,0.0,0.0,1.5707963267948966,1.5707963267948966,1.5707963267948966,1.5707963267948966,4.663301595172349
3.1661363461959633,0.0,3.141592653589793,1.5707963267948966,4.71238898038469,0.0,6.086835766330224,3.141592653589793,3.141592653589793,3.141592653589793,0.0,0.0,4.71238898038469,1.5707963267948966,0.0,0.0,0.0,0.0,0.0,1.5707963267948966,1.5707963267948966,1.5707963267948966,1.5707963267948966,4.76147636559703
3.141592653589793,0.02454369260617026,3.141592653589793,1.5707963267948966,4.71238898038469,0.0,6.086835766330224,3.141592653589793,3.141592653589793,3.141592653589793,0.0,0.0,4.71238898038469,1.5707963267948966,0.0,0.0,0.0,0.0,0.0,1.5707963267948966,1.5707963267948966,1.5707963267948966,1.5707963267948966,4.76147636559703
3.141592653589793,0.0,3.1661363461959633,1.5707963267948966,4.71238898038469,0.0,6.086835766330224,3.141592653589793,3.141592653589793,3.141592653589793,0.0,0.0,4.71238898038469,1.5707963267948966,0.0,0.0,0.0,0.0,0.0,1.5707963267948966,1.5707963267948966,1.5707963267948966,1.5707963267948966,4.76147636559703
3.141592653589793,0.0,3.141592653589793,1.5953400194010667,4.71238898038469,0.0,6.086835766330224,3.141592653589793,3.141592653589793,3.141592653589793,0.0,0.0,4.71238898038469,1.5707963267948966,0.0,0.0,0.0,0.0,0.0,1.5707963267948966,1.5707963267948966,1.5707963267948966,1.5707963267948966,4.76147636559703
3.141592653589793,0.0,3.141592653589793,1.5707963267948966,4.73693267299086,0.0,6.086835766330224,3.141592653589793,3.141592653589793,3.141592653589793,0.0,0.0,4.71238898038469,1.5707963267948966,0.0,0.0,0.0,0.0,0.0,1.5707963267948966,1.5707963267948966,1.5707963267948966,1.5707963267948966,4.76147636559703
3.141592653589793,0.0,3.141592653589793,1.5707963267948966,4.71238898038469,0.02454369260617026,6.086835766330224,3.141592653589793,3.141592653589793,3.141592653589793,0.0,0.0,4.71238898038469,1.5707963267948966,0.0,0.0,0.0,0.0,0.0,1.5707963267948966,1.5707963267948966,1.5707963267948966,1.5707963267948966,4.76147636559703
3.141592653589793,0.0,3.141592653589793,1.5707963267948966,4.71238898038469,0.0,6.111379458936394,3.141592653589793,3.141592653589793,3.141592653589793,0.0,0.0,4.71238898038469,1.5707963267948966,0.0,0.0,0.0,0.0,0.0,1.5707963267948966,1.5707963267948966,1.5707963267948966,1.5707963267948966,4.76147636559703
3.141592653589793,0.0,3.141592653589793,1.5707963267948966,4.71238898038469,0.0,6.086835766330224,3.1661363461959633,3.141592653589793,3.141592653589793,0.0,0.0,4.71238898038469,1.5707963267948966,0.0,0.0,0.0,0.0,0.0,1.5707963267948966,1.5707963267948966,1.5707963267948966,1.5707963267948966,4.76147636559703
3.141592653589793,0.0,3.141592653589793,1.5707963267948966,4.71238898038469,0.0,6.086835766330224,3.141592653589793,3.1661363461959633,3.141592653589793,0.0,0.0,4.71238898038469,1.5707963267948966,0.0,0.0,0.0,0.0,0.0,1.5707963267948966,1.5707963267948966,1.5707963267948966,1.5707963267948966,4.76147636559703
3.141592653589793,0.0,3.141592653589793,1.5707963267948966,4.71238898038469,0.0,6.086835766330224,3.141592653589793,3.141592653589793,3.1661363461959633,0.0,0.0,4.71238898038469,1.5707963267948966,0.0,0.0,0.0,0.0,0.0,1.5707963267948966,1.5707963267948966,1.5707963267948966,1.5707963267948966,4.76147636559703
3.141592653589793,0.0,3.141592653589793,1.5707963267948966,4.71238898038469,0.0,6.086835766330224,3.141592653589793,3.141592653589793,3.141592653589793,0.02454369260617026,0.0,4.71238898038469,1.5707963267948966,0.0,0.0,0.0,0.0,0.0,1.5707963267948966,1.5707963267948966,1.5707963267948966,1.5707963267948966,4.76147636559703
3.141592653589793,0.0,3.141592653589793,1.5707963267948966,4.71238898038469,0.0,6.086835766330224,3.141592653589793,3.141592653589793,3.141592653589793,0.0,0.02454369260617026,4.71238898038469,1.5707963267948966,0.0,0.0,0.0,0.0,0.0,1.5707963267948966,1.5707963267948966,1.5707963267948966,1.5707963267948966,4.76147636559703
3.141592653589793,0.0,3.141592653589793,1.5707963267948966,4.71238898038469,0.0,6.086835766330224,3.141592653589793,3.141592653589793,3.141592653589793,0.0,0.0,4.73693267299086,1.5707963267948966,0.0,0.0,0.0,0.0,0.0,1.5707963267948966,1.5707963267948966,1.5707963267948966,1.5707963267948966,4.76147636559703
3.141592653589793,0.0,3.141592653589793,1.5707963267948966,4.71238898038469,0.0,6.086835766330224,3.141592653589793,3.141592653589793,3.141592653589793,0.0,0.0,4.71238898038469,1.5953400194010667,0.0,0.0,0.0,0.0,0.0,1.5707963267948966,1.5707963267948966,1.5707963267948966,1.5707963267948966,4.76147636559703
3.141592653589793,0.0,3.141592653589793,1.5707963267948966,4.71238898038469,0.0,6.086835766330224,3.141592653589793,3.141592653589793,3.141592653589793,0.0,0.0,4.71238898038469,1.5707963267948966,0.02454369260617026,0.0,0.0,0.0,0.0,1.5707963267948966,1.5707963267948966,1.5707963267948966,1.5707963267948966,4.76147636559703
3.141592653589793,0.0,3.141592653589793,1.5707963267948966,4.71238898038469,0.0,6.086835766330224,3.141592653589793,3.141592653589793,3.141592653589793,0.0,0.0,4.71238898038469,1.5707963267948966,0.0,0.02454369260617026,0.0,0.0,0.0,1.5707963267948966,1.5707963267948966,1.5707963267948966,1.5707963267948966,4.76147636559703
3.141592653589793,0.0,3.141592653589793,1.5707963267948966,4.71238898038469,0.0,6.086835766330224,3.141592653589793,3.141592653589793,3.141592653589793,0.0,0.0,4.71238898038469,1.5707963267948966,0.0,0.0,0.02454369260617026,0.0,0.0,1.5707963267948966,1.5707963267948966,1.5707963267948966,1.5707963267948966,4.76147636559703
3.141592653589793,0.0,3.141592653589793,1.5707963267948966,4.71238898038469,0.0,6.086835766330224,3.141592653589793,3.141592653589793,3.141592653589793,0.0,0.0,4.71238898038469,1.5707963267948966,0.0,0.0,0.0,0.02454369260617026,0.0,1.5707963267948966,1.5707963267948966,1.5707963267948966,1.5707963267948966,4.76147636559703
3.141592653589793,0.0,3.141592653589793,1.5707963267948966,4.71238898038469,0.0,6.086835766330224,3.141592653589793,3.141592653589793,3.141592653589793,0.0,0.0,4.71238898038469,1.5707963267948966,0.0,0.0,0.0,0.0,0.02454369260617026,1.5707963267948966,1.5707963267948966,1.5707963267948966,1.5707963267948966,4.76147636559703
3.141592653589793,0.0,3.141592653589793,1.5707963267948966,4.71238898038469,0.0,6.086835766330224,3.141592653589793,3.141592653589793,3.141592653589793,0.0,0.0,4.71238898038469,1.5707963267948966,0.0,0.0,0.0,0.0,0.0,1.5953400194010667,1.5707963267948966,1.5707963267948966,1.5707963267948966,4.76147636559703
3.141592653589793,0.0,3.141592653589793,1.5707963267948966,4.71238898038469,0.0,6.086835766330224,3.141592653589793,3.141592653589793,3.141592653589793,0.0,0.0,4.71238898038469,1.5707963267948966,0.0,0.0,0.0,0.0,0.0,1.5707963267948966,1.5953400194010667,1.5707963267948966,1.5707963267948966,4.76147636559703
3.141592653589793,0.0,3.141592653589793,1.5707963267948966,4.71238898038469,0.0,6.086835766330224,3.141592653589793,3.141592653589793,3.141592653589793,0.0,0.0,4.71238898038469,1.5707963267948966,0.0,0.0,0.0,0.0,0.0,1.5707963267948966,1.5707963267948966,1.5953400194010667,1.5707963267948966,4.76147636559703
3.141592653589793,0.0,3.141592653589793,1.5707963267948966,4.71238898038469,0.0,6.086835766330224,3.141592653589793,3.141592653589793,3.141592653589793,0.0,0.0,4.71238898038469,1.5707963267948966,0.0,0.0,0.0,0.0,0.0,1.5707963267948966,1.5707963267948966,1.5707963267948966,1.5953400194010667,4.76147636559703
3.141592653589793,0.0,3.141592653589793,1.5707963267948966,4.71238898038469,0.0,6.086835766330224,3.141592653589793,3.141592653589793,3.141592653589793,0.0,0.0,4.71238898038469,1.5707963267948966,0.0,0.0,0.0,0.0,0.0,1.5707963267948966,1.5707963267948966,1.5707963267948966,1.5707963267948966,4.7860200582032
3.117048960983623,0.0,3.141592653589793,1.5707963267948966,4.71238898038469,0.0,6.086835766330224,3.141592653589793,3.141592653589793,3.141592653589793,0.0,0.0,4.71238898038469,1.5707963267948966,0.0,0.0,0.0,0.0,0.0,1.5707963267948966,1.5707963267948966,1.5707963267948966,1.5707963267948966,4.76147636559703
3.141592653589793,0.0,3.117048960983623,1.5707963267948966,4.71238898038469,0.0,6.086835766330224,3.141592653589793,3.141592653589793,3.141592653589793,0.0,0.0,4.71238898038469,1.5707963267948966,0.0,0.0,0.0,0.0,0.0,1.5707963267948966,1.5707963267948966,1.5707963267948966,1.5707963267948966,4.76147636559703
3.141592653589793,0.0,3.141592653589793,1.5462526341887264,4.71238898038469,0.0,6.086835766330224,3.141592653589793,3.141592653589793,3.141592653589793,0.0,0.0,4.71238898038469,1.5707963267948966,0.0,0.0,0.0,0.0,0.0,1.5707963267948966,1.5707963267948966,1.5707963267948966,1.5707963267948966,4.76147636559703
3.141592653589793,0.0,3.141592653589793,1.5707963267948966,4.6878452877785195,0.0,6.086835766330224,3.141592653589793,3.141592653589793,3.141592653589793,0.0,0.0,4.71238898038469,1.5707963267948966,0.0,0.0,0.0,0.0,0.0,1.5707963267948966,1.5707963267948966,1.5707963267948966,1.5707963267948966,4.76147636559703
3.141592653589793,0.0,3.141592653589793,1.5707963267948966,4.71238898038469,0.0,6.062292073724054,3.141592653589793,3.141592653589793,3.141592653589793,0.0,0.0,4.71238898038469,1.5707963267948966,0.0,0.0,0.0,0.0,0.0,1.5707963267948966,1.5707963267948966,1.5707963267948966,1.5707963267948966,4.76147636559703
3.141592653589793,0.0,3.141592653589793,1.5707963267948966,4.71238898038469,0.0,6.086835766330224,3.117048960983623,3.141592653589793,3.141592653589793,0.0,0.0,4.71238898038469,1.5707963267948966,0.0,0.0,0.0,0.0,0.0,1.5707963267948966,1.5707963267948966,1.5707963267948966,1.5707963267948966,4.76147636559703
3.141592653589793,0.0,3.141592653589793,1.5707963267948966,4.71238898038469,0.0,6.086835766330224,3.141592653589793,3.117048960983623,3.141592653589793,0.0,0.0,4.71238898038469,1.5707963267948966,0.0,0.0,0.0,0.0,0.0,1.5707963267948966,1.5707963267948966,1.5707963267948966,1.5707963267948966,4.76147636559703
3.141592653589793,0.0,3.141592653589793,1.5707963267948966,4.71238898038469,0.0,6.086835766330224,3.141592653589793,3.141592653589793,3.117048960983623,0.0,0.0,4.71238898038469,1.5707963267948966,0.0,0.0,0.0,0.0,0.0,1.5707963267948966,1.5707963267948966,1.5707963267948966,1.5707963267948966,4.76147636559703
3.141592653589793,0.0,3.141592653589793,1.5707963267948966,4.71238898038469,0.0,6.086835766330224,3.141592653589793,3.141592653589793,3.141592653589793,0.0,0.0,4.6878452877785195,1.5707963267948966,0.0,0.0,0.0,0.0,0.0,1.5707963267948966,1.5707963267948966,1.5707963267948966,1.5707963267948966,4.76147636559703
3.141592653589793,0.0,3.141592653589793,1.5707963267948966,4.71238898038469,0.0,6.086835766330224,3.141592653589793,3.141592653589793,3.141592653589793,0.0,0.0,4.71238898038469,1.5462526341887264,0.0,0.0,0.0,0.0,0.0,1.5707963267948966,1.5707963267948966,1.5707963267948966,1.5707963267948966,4.76147636559703
3.141592653589793,0.0,3.141592653589793,1.5707963267948966,4.71238898038469,0.0,6.086835766330224,3.141592653589793,3.141592653589793,3.141592653589793,0.0,0.0,4.71238898038469,1.5707963267948966,0.0,0.0,0.0,0.0,0.0,1.5462526341887264,1.5707963267948966,1.5707963267948966,1.5707963267948966,4.76147636559703
3.141592653589793,0.0,3.141592653589793,1.5707963267948966,4.71238898038469,0.0,6.086835766330224,3.141592653589793,3.141592653589793,3.141592653589793,0.0,0.0,4.71238898038469,1.5707963267948966,0.0,0.0,0.0,0.0,0.0,1.5707963267948966,1.5462526341887264,1.5707963267948966,1.5707963267948966,4.76147636559703
3.141592653589793,0.0,3.141592653589793,1.5707963267948966,4.71238898038469,0.0,6.086835766330224,3.141592653589793,3.141592653589793,3.141592653589793,0.0,0.0,4.71238898038469,1.5707963267948966,0.0,0.0,0.0,0.0,0.0,1.5707963267948966,1.5707963267948966,1.5462526341887264,1.5707963267948966,4.76147636559703
3.141592653589793,0.0,3.141592653589793,1.5707963267948966,4.71238898038469,0.0,6.086835766330224,3.141592653589793,3.141592653589793,3.141592653589793,0.0,0.0,4.71238898038469,1.5707963267948966,0.0,0.0,0.0,0.0,0.0,1.5707963267948966,1.5707963267948966,1.5707963267948966,1.5462526341887264,4.76147636559703
3.141592653589793,0.0,3.141592653589793,1.5707963267948966,4.71238898038469,0.0,6.086835766330224,3.141592653589793,3.141592653589793,3.141592653589793,0.0,0.0,4.71238898038469,1.5707963267948966,0.0,0.0,0.0,0.0,0.0,1.5707963267948966,1.5707963267948966,1.5707963267948966,1.5707963267948966,4.73693267299086
3.152796615136924,0.0,3.122617354135937,1.5805219512980409,4.698191095649711,0.0,6.060380412747973,3.1971478517147673,3.1432715424955084,3.1560113302665767,0.0,0.0,4.732482961136809,1.57201125613762,0.0,0.0,0.0,0.0,0.0,1.5070631545167872,1.5689369017890216,1.5511751605936988,1.575963919682316,4.736998194795154
3.1471946343633586,0.0,3.1321050038628653,1.575659139046469,4.7052900380172,0.0,6.073608089539099,3.1693702526522807,3.142432098042651,3.1488019919281847,0.0,0.0,4.722435970760749,1.5714037914662584,0.0,0.0,0.0,0.0,0.0,1.5389297406558418,1.569866614291959,1.5609857436942975,1.5733801232386062,4.749237280196092
3.1443936439765756,0.0,3.136848828726329,1.5732277329206825,4.708839509200945,0.0,6.080221927934661,3.155481453121037,3.142012375816222,3.145197322758989,0.0,0.0,4.717412475572719,1.5711000591305773,0.0,0.0,0.0,0.0,0.0,1.554863033725369,1.5703314705434277,1.5658910352445972,1.5720882250167516,4.755356822896561
3.142993148783184,0.0,3.139220741158061,1.5720120298577898,4.710614244792818,0.0,6.083528847132443,3.148537053355415,3.1418025147030075,3.1433949881743914,0.0,0.0,4.714900727978705,1.5709481929627371,0.0,0.0,0.0,0.0,0.0,1.562829680260133,1.5705638986691624,1.5683436810197469,1.571442275905824,4.758416594246796
3.1661363461959633,0.0,3.141592653589793,1.5707963267948966,4.71238898038469,0.0,6.086835766330224,3.141592653589793,3.141592653589793,3.141592653589793,0.0,0.0,4.71238898038469,1.5707963267948966,0.0,0.0,0.0,0.0,0.0,1.5707963267948966,1.5707963267948966,1.5707963267948966,1.5707963267948966,4.76147636559703
3.141592653589793,0.02454369260617026,3.141592653589793,1.5707963267948966,4.71238898038469,0.0,6.086835766330224,3.141592653589793,3.141592653589793,3.141592653589793,0.0,0.0,4.71238898038469,1.5707963267948966,0.0,0.0,0.0,0.0,0.0,1.5707963267948966,1.5707963267948966,1.5707963267948966,1.5707963267948966,4.76147636559703
3.141592653589793,0.0,3.1661363461959633,1.5707963267948966,4.71238898038469,0.0,6.086835766330224,3.141592653589793,3.141592653589793,3.141592653589793,0.0,0.0,4.71238898038469,1.5707963267948966,0.0,0.0,0.0,0.0,0.0,1.5707963267948966,1.5707963267948966,1.5707963267948966,1.5707963267948966,4.76147636559703
3.141592653589793,0.0,3.141592653589793,1.5953400194010667,4.71238898038469,0.0,6.086835766330224,3.141592653589793,3.141592653589793,3.141592653589793,0.0,0.0,4.71238898038469,1.5707963267948966,0.0,0.0,0.0,0.0,0.0,1.5707963267948966,1.5707963267948966,1.5707963267948966,1.5707963267948966,4.76147636559703
3.141592653589793,0.0,3.141592653589793,1.5707963267948966,4.73693267299086,0.0,6.086835766330224,3.141592653589793,3.141592653589793,3.141592653589793,0.0,0.0,4.71238898038469,1.5707963267948966,0.0,0.0,0.0,0.0,0.0,1.5707963267948966,1.5707963267948966,1.5707963267948966,1.5707963267948966,4.76147636559703
3.141592653589793,0.0,3.141592653589793,1.5707963267948966,4.71238898038469,0.02454369260617026,6.086835766330224,3.141592653589793,3.141592653589793,3.141592653589793,0.0,0.0,4.71238898038469,1.5707963267948966,0.0,0.0,0.0,0.0,0.0,1.5707963267948966,1.5707963267948966,1.5707963267948966,1.5707963267948966,4.76147636559703
3.141592653589793,0.0,3.141592653589793,1.5707963267948966,4.71238898038469,0.0,6.111379458936394,3.141592653589793,3.141592653589793,3.141592653589793,0.0,0.0,4.71238898038469,1.5707963267948966,0.0,0.0,0.0,0.0,0.0,1.5707963267948966,1.5707963267948966,1.5707963267948966,1.5707963267948966,4.76147636559703
3.141592653589793,0.0,3.141592653589793,1.5707963267948966,4.71238898038469,0.0,6.086835766330224,3.1661363461959633,3.141592653589793,3.141592653589793,0.0,0.0,4.71238898038469,1.5707963267948966,0.0,0.0,0.0,0.0,0.0,1.5707963267948966,1.5707963267948966,1.5707963267948966,1.5707963267948966,4.76147636559703
3.141592653589793,0.0,3.141592653589793,1.5707963267948966,4.71238898038469,0.0,6.086835766330224,3.141592653589793,3.1661363461959633,3.141592653589793,0.0,0.0,4.71238898038469,1.5707963267948966,0.0,0.0,0.0,0.0,0.0,1.5707963267948966,1.5707963267948966,1.5707963267948966,1.5707963267948966,4.76147636559703
3.141592653589793,0.0,3.141592653589793,1.5707963267948966,4.71238898038469,0.0,6.086835766330224,3.141592653589793,3.141592653589793,3.1661363461959633,0.0,0.0,4.71238898038469,1.5707963267948966,0.0,0.0,0.0,0.0,0.0,1.5707963267948966,1.5707963267948966,1.5707963267948966,1.5707963267948966,4.76147636559703
3.141592653589793,0.0,3.141592653589793,1.5707963267948966,4.71238898038469,0.0,6.086835766330224,3.141592653589793,3.141592653589793,3.141592653589793,0.02454369260617026,0.0,4.71238898038469,1.5707963267948966,0.0,0.0,0.0,0.0,0.0,1.5707963267948966,1.5707963267948966,1.5707963267948966,1.5707963267948966,4.76147636559703
3.141592653589793,0.0,3.141592653589793,1.5707963267948966,4.71238898038469,0.0,6.086835766330224,3.141592653589793,3.141592653589793,3.141592653589793,0.0,0.02454369260617026,4.71238898038469,1.5707963267948966,0.0,0.0,0.0,0.0,0.0,1.5707963267948966,1.5707963267948966,1.5707963267948966,1.5707963267948966,4.76147636559703
3.141592653589793,0.0,3.141592653589793,1.5707963267948966,4.71238898038469,0.0,6.086835766330224,3.141592653589793,3.141592653589793,3.141592653589793,0.0,0.0,4.73693267299086,1.5707963267948966,0.0,0.0,0.0,0.0,0.0,1.5707963267948966,1.5707963267948966,1.5707963267948966,1.5707963267948966,4.76147636559703
3.141592653589793,0.0,3.141592653589793,1.5707963267948966,4.71238898038469,0.0,6.086835766330224,3.141592653589793,3.141592653589793,3.141592653589793,0.0,0.0,4.71238898038469,1.5953400194010667,0.0,0.0,0.0,0.0,0.0,1.5707963267948966,1.5707963267948966,1.5707963267948966,1.5707963267948966,4.76147636559703
3.141592653589793,0.0,3.141592653589793,1.5707963267948966,4.71238898038469,0.0,6.086835766330224,3.141592653589793,3.141592653589793,3.141592653589793,0.0,0.0,4.71238898038469,1.5707963267948966,0.02454369260617026,0.0,0.0,0.0,0.0,1.5707963267948966,1.5707963267948966,1.5707963267948966,1.5707963267948966,4.76147636559703
3.141592653589793,0.0,3.141592653589793,1.5707963267948966,4.71238898038469,0.0,6.086835766330224,3.141592653589793,3.141592653589793,3.141592653589793,0.0,0.0,4.71238898038469,1.5707963267948966,0.0,0.02454369260617026,0.0,0.0,0.0,1.5707963267948966,1.5707963267948966,1.5707963267948966,1.5707963267948966,4.76147636559703
3.141592653589793,0.0,3.141592653589793,1.5707963267948966,4.71238898038469,0.0,6.086835766330224,3.141592653589793,3.141592653589793,3.141592653589793,0.0,0.0,4.71238898038469,1.5707963267948966,0.0,0.0,0.02454369260617026,0.0,0.0,1.5707963267948966,1.5707963267948966,1.5707963267948966,1.5707963267948966,4.76147636559703
3.141592653589793,0.0,3.141592653589793,1.5707963267948966,4.71238898038469,0.0,6.086835766330224,3.141592653589793,3.141592653589793,3.141592653589793,0.0,0.0,4.71238898038469,1.5707963267948966,0.0,0.0,0.0,0.02454369260617026,0.0,1.5707963267948966,1.5707963267948966,1.5707963267948966,1.5707963267948966,4.76147636559703
3.141592653589793,0.0,3.141592653589793,1.5707963267948966,4.71238898038469,0.0,6.086835766330224,3.141592653589793,3.141592653589793,3.141592653589793,0.0,0.0,4.71238898038469,1.5707963267948966,0.0,0.0,0.0,0.0,0.02454369260617026,1.5707963267948966,1.5707963267948966,1.5707963267948966,1.5707963267948966,4.76147636559703
3.141592653589793,0.0,3.141592653589793,1.5707963267948966,4.71238898038469,0.0,6.086835766330224,3.141592653589793,3.141592653589793,3.141592653589793,0.0,0.0,4.71238898038469,1.5707963267948966,0.0,0.0,0.0,0.0,0.0,1.5953400194010667,1.5707963267948966,1.5707963267948966,1.5707963267948966,4.76147636559703
3.141592653589793,0.0,3.141592653589793,1.5707963267948966,4.71238898038469,0.0,6.086835766330224,3.141592653589793,3.141592653589793,3.141592653589793,0.0,0.0,4.71238898038469,1.5707963267948966,0.0,0.0,0.0,0.0,0.0,1.5707963267948966,1.5953400194010667,1.5707963267948966,1.5707963267948966,4.76147636559703
3.141592653589793,0.0,3.141592653589793,1.5707963267948966,4.71238898038469,0.0,6.086835766330224,3.141592653589793,3.141592653589793,3.141592653589793,0.0,0.0,4.71238898038469,1.5707963267948966,0.0,0.0,0.0,0.0,0.0,1.5707963267948966,1.5707963267948966,1.5953400194010667,1.5707963267948966,4.76147636559703
3.141592653589793,0.0,3.141592653589793,1.5707963267948966,4.71238898038469,0.0,6.086835766330224,3.141592653589793,3.141592653589793,3.141592653589793,0.0,0.0,4.71238898038469,1.5707963267948966,0.0,0.0,0.0,0.0,0.0,1.5707963267948966,1.5707963267948966,1.5707963267948966,1.5953400194010667,4.76147636559703
3.141592653589793,0.0,3.141592653589793,1.5707963267948966,4.71238898038469,0.0,6.086835766330224,3.141592653589793,3.141592653589793,3.141592653589793,0.0,0.0,4.71238898038469,1.5707963267948966,0.0,0.0,0.0,0.0,0.0,1.5707963267948966,1.5707963267948966,1.5707963267948966,1.5707963267948966,4.7860200582032
3.117048960983623,0.0,3.141592653589793,1.5707963267948966,4.71238898038469,0.0,6.086835766330224,3.141592653589793,3.141592653589793,3.141592653589793,0.0,0.0,4.71238898038469,1.5707963267948966,0.0,0.0,0.0,0.0,0.0,1.5707963267948966,1.5707963267948966,1.5707963267948966,1.5707963267948966,4.76147636559703
3.141592653589793,0.0,3.117048960983623,1.5707963267948966,4.71238898038469,0.0,6.086835766330224,3.141592653589793,3.141592653589793,3.141592653589793,0.0,0.0,4.71238898038469,1.5707963267948966,0.0,0.0,0.0,0.0,0.0,1.5707963267948966,1.5707963267948966,1.5707963267948966,1.5707963267948966,4.76147636559703
3.141592653589793,0.0,3.141592653589793,1.5462526341887264,4.71238898038469,0.0,6.086835766330224,3.141592653589793,3.141592653589793,3.141592653589793,0.0,0.0,4.71238898038469,1.5707963267948966,0.0,0.0,0.0,0.0,0.0,1.5707963267948966,1.5707963267948966,1.5707963267948966,1.5707963267948966,4.76147636559703
3.141592653589793,0.0,3.141592653589793,1.5707963267948966,4.6878452877785195,0.0,6.086835766330224,3.141592653589793,3.141592653589793,3.141592653589793,0.0,0.0,4.71238898038469,1.5707963267948966,0.0,0.0,0.0,0.0,0.0,1.5707963267948966,1.5707963267948966,1.5707963267948966,1.5707963267948966,4.76147636559703
3.141592653589793,0.0,3.141592653589793,1.5707963267948966,4.71238898038469,0.0,6.062292073724054,3.141592653589793,3.141592653589793,3.141592653589793,0.0,0.0,4.71238898038469,1.5707963267948966,0.0,0.0,0.0,0.0,0.0,1.5707963267948966,1.5707963267948966,1.5707963267948966,1.5707963267948966,4.76147636559703
3.141592653589793,0.0,3.141592653589793,1.5707963267948966,4.71238898038469,0.0,6.086835766330224,3.117048960983623,3.141592653589793,3.141592653589793,0.0,0.0,4.71238898038469,1.5707963267948966,0.0,0.0,0.0,0.0,0.0,1.5707963267948966,1.5707963267948966,1.5707963267948966,1.5707963267948966,4.76147636559703
3.141592653589793,0.0,3.141592653589793,1.5707963267948966,4.71238898038469,0.0,6.086835766330224,3.141592653589793,3.117048960983623,3.141592653589793,0.0,0.0,4.71238898038469,1.5707963267948966,0.0,0.0,0.0,0.0,0.0,1.5707963267948966,1.5707963267948966,1.5707963267948966,1.5707963267948966,4.76147636559703
3.141592653589793,0.0,3.141592653589793,1.5707963267948966,4.71238898038469,0.0,6.086835766330224,3.141592653589793,3.141592653589793,3.117048960983623,0.0,0.0,4.71238898038469,1.5707963267948966,0.0,0.0,0.0,0.0,0.0,1.5707963267948966,1.5707963267948966,1.5707963267948966,1.5707963267948966,4.76147636559703
3.141592653589793,0.0,3.141592653589793,1.5707963267948966,4.71238898038469,0.0,6.086835766330224,3.141592653589793,3.141592653589793,3.141592653589793,0.0,0.0,4.6878452877785195,1.5707963267948966,0.0,0.0,0.0,0.0,0.0,1.5707963267948966,1.5707963267948966,1.5707963267948966,1.5707963267948966,4.76147636559703
3.141592653589793,0.0,3.141592653589793,1.5707963267948966,4.71238898038469,0.0,6.086835766330224,3.141592653589793,3.141592653589793,3.141592653589793,0.0,0.0,4.71238898038469,1.5462526341887264,0.0,0.0,0.0,0.0,0.0,1.5707963267948966,1.5707963267948966,1.5707963267948966,1.5707963267948966,4.76147636559703
3.141592653589793,0.0,3.141592653589793,1.5707963267948966,4.71238898038469,0.0,6.086835766330224,3.141592653589793,3.141592653589793,3.141592653589793,0.0,0.0,4.71238898038469,1.5707963267948966,0.0,0.0,0.0,0.0,0.0,1.5462526341887264,1.5707963267948966,1.5707963267948966,1.5707963267948966,4.76147636559703
3.141592653589793,0.0,3.141592653589793,1.5707963267948966,4.71238898038469,0.0,6.086835766330224,3.141592653589793,3.141592653589793,3.141592653589793,0.0,0.0,4.71238898038469,1.5707963267948966,0.0,0.0,0.0,0.0,0.0,1.5707963267948966,1.5462526341887264,1.5707963267948966,1.5707963267948966,4.76147636559703
3.141592653589793,0.0,3.141592653589793,1.5707963267948966,4.71238898038469,0.0,6.086835766330224,3.141592653589793,3.141592653589793,3.141592653589793,0.0,0.0,4.71238898038469,1.5707963267948966,0.0,0.0,0.0,0.0,0.0,1.5707963267948966,1.5707963267948966,1.5462526341887264,1.5707963267948966,4.76147636559703
3.141592653589793,0.0,3.141592653589793,1.5707963267948966,4.71238898038469,0.0,6.086835766330224,3.141592653589793,3.141592653589793,3.141592653589793,0.0,0.0,4.71238898038469,1.5707963267948966,0.0,0.0,0.0,0.0,0.0,1.5707963267948966,1.5707963267948966,1.5707963267948966,1.5462526341887264,4.76147636559703
3.141592653589793,0.0,3.141592653589793,1.5707963267948966,4.71238898038469,0.0,6.086835766330224,3.141592653589793,3.141592653589793,3.141592653589793,0.0,0.0,4.71238898038469,1.5707963267948966,0.0,0.0,0.0,0.0,0.0,1.5707963267948966,1.5707963267948966,1.5707963267948966,1.5707963267948966,4.73693267299086
