3.141592653589793,0.0,4.71238898038469,0.0,4.71238898038469,0.0,0.0,1.5707963267948966,3.141592653589793,0.0,3.141592653589793,3.141592653589793,1.5707963267948966,0.0,3.141592653589793,0.0,0.0,3.141592653589793,4.71238898038469,0.0,1.5707963267948966,3.141592653589793,1.5707963267948966,3.141592653589793
6.283185307179586,0.0,4.71238898038469,0.0,4.71238898038469,0.0,0.0,1.5707963267948966,3.141592653589793,0.0,3.141592653589793,3.141592653589793,1.5707963267948966,0.0,3.141592653589793,0.0,0.0,3.141592653589793,4.71238898038469,0.0,1.5707963267948966,3.141592653589793,1.5707963267948966,3.141592653589793
3.141592653589793,3.141592653589793,4.71238898038469,0.0,4.71238898038469,0.0,0.0,1.5707963267948966,3.141592653589793,0.0,3.141592653589793,3.141592653589793,1.5707963267948966,0.0,3.141592653589793,0.0,0.0,3.141592653589793,4.71238898038469,0.0,1.5707963267948966,3.141592653589793,1.5707963267948966,3.141592653589793
3.141592653589793,0.0,4.71238898038469,3.141592653589793,4.71238898038469,0.0,0.0,1.5707963267948966,3.141592653589793,0.0,3.141592653589793,3.141592653589793,1.5707963267948966,0.0,3.141592653589793,0.0,0.0,3.141592653589793,4.71238898038469,0.0,1.5707963267948966,3.141592653589793,1.5707963267948966,3.141592653589793
3.141592653589793,0.0,4.71238898038469,0.0,4.71238898038469,3.141592653589793,0.0,1.5707963267948966,3.141592653589793,0.0,3.141592653589793,3.141592653589793,1.5707963267948966,0.0,3.141592653589793,0.0,0.0,3.141592653589793,4.71238898038469,0.0,1.5707963267948966,3.141592653589793,1.5707963267948966,3.141592653589793
3.141592653589793,0.0,4.71238898038469,0.0,4.71238898038469,0.0,3.141592653589793,1.5707963267948966,3.141592653589793,0.0,3.141592653589793,3.141592653589793,1.5707963267948966,0.0,3.141592653589793,0.0,0.0,3.141592653589793,4.71238898038469,0.0,1.5707963267948966,3.141592653589793,1.5707963267948966,3.141592653589793
3.141592653589793,0.0,4.71238898038469,0.0,4.71238898038469,0.0,0.0,4.71238898038469,3.141592653589793,0.0,3.141592653589793,3.141592653589793,1.5707963267948966,0.0,3.141592653589793,0.0,0.0,3.141592653589793,4.71238898038469,0.0,1.5707963267948966,3.141592653589793,1.5707963267948966,3.141592653589793
3.141592653589793,0.0,4.71238898038469,0.0,4.71238898038469,0.0,0.0,1.5707963267948966,6.283185307179586,0.0,3.141592653589793,3.141592653589793,1.5707963267948966,0.0,3.141592653589793,0.0,0.0,3.141592653589793,4.71238898038469,0.0,1.5707963267948966,3.141592653589793,1.5707963267948966,3.141592653589793
3.141592653589793,0.0,4.71238898038469,0.0,4.71238898038469,0.0,0.0,1.5707963267948966,3.141592653589793,3.141592653589793,3.141592653589793,3.141592653589793,1.5707963267948966,0.0,3.141592653589793,0.0,0.0,3.141592653589793,4.71238898038469,0.0,1.5707963267948966,3.141592653589793,1.5707963267948966,3.141592653589793
3.141592653589793,0.0,4.71238898038469,0.0,4.71238898038469,0.0,0.0,1.5707963267948966,3.141592653589793,0.0,6.283185307179586,3.141592653589793,1.5707963267948966,0.0,3.141592653589793,0.0,0.0,3.141592653589793,4.71238898038469,0.0,1.5707963267948966,3.141592653589793,1.5707963267948966,3.141592653589793
3.141592653589793,0.0,4.71238898038469,0.0,4.71238898038469,0.0,0.0,1.5707963267948966,3.141592653589793,0.0,3.141592653589793,6.283185307179586,1.5707963267948966,0.0,3.141592653589793,0.0,0.0,3.141592653589793,4.71238898038469,0.0,1.5707963267948966,3.141592653589793,1.5707963267948966,3.141592653589793
3.141592653589793,0.0,4.71238898038469,0.0,4.71238898038469,0.0,0.0,1.5707963267948966,3.141592653589793,0.0,3.141592653589793,3.141592653589793,4.71238898038469,0.0,3.141592653589793,0.0,0.0,3.141592653589793,4.71238898038469,0.0,1.5707963267948966,3.141592653589793,1.5707963267948966,3.141592653589793
3.141592653589793,0.0,4.71238898038469,0.0,4.71238898038469,0.0,0.0,1.5707963267948966,3.141592653589793,0.0,3.141592653589793,3.141592653589793,1.5707963267948966,3.141592653589793,3.141592653589793,0.0,0.0,3.141592653589793,4.71238898038469,0.0,1.5707963267948966,3.141592653589793,1.5707963267948966,3.141592653589793
3.141592653589793,0.0,4.71238898038469,0.0,4.71238898038469,0.0,0.0,1.5707963267948966,3.141592653589793,0.0,3.141592653589793,3.141592653589793,1.5707963267948966,0.0,6.283185307179586,0.0,0.0,3.141592653589793,4.71238898038469,0.0,1.5707963267948966,3.141592653589793,1.5707963267948966,3.141592653589793
3.141592653589793,0.0,4.71238898038469,0.0,4.71238898038469,0.0,0.0,1.5707963267948966,3.141592653589793,0.0,3.141592653589793,3.141592653589793,1.5707963267948966,0.0,3.141592653589793,3.141592653589793,0.0,3.141592653589793,4.71238898038469,0.0,1.5707963267948966,3.141592653589793,1.5707963267948966,3.141592653589793
3.141592653589793,0.0,4.71238898038469,0.0,4.71238898038469,0.0,0.0,1.5707963267948966,3.141592653589793,0.0,3.141592653589793,3.141592653589793,1.5707963267948966,0.0,3.141592653589793,0.0,3.141592653589793,3.141592653589793,4.71238898038469,0.0,1.5707963267948966,3.141592653589793,1.5707963267948966,3.141592653589793
3.141592653589793,0.0,4.71238898038469,0.0,4.71238898038469,0.0,0.0,1.5707963267948966,3.141592653589793,0.0,3.141592653589793,3.141592653589793,1.5707963267948966,0.0,3.141592653589793,0.0,0.0,6.283185307179586,4.71238898038469,0.0,1.5707963267948966,3.141592653589793,1.5707963267948966,3.141592653589793
3.141592653589793,0.0,4.71238898038469,0.0,4.71238898038469,0.0,0.0,1.5707963267948966,3.141592653589793,0.0,3.141592653589793,3.141592653589793,1.5707963267948966,0.0,3.141592653589793,0.0,0.0,3.141592653589793,4.71238898038469,3.141592653589793,1.5707963267948966,3.141592653589793,1.5707963267948966,3.141592653589793
3.141592653589793,0.0,4.71238898038469,0.0,4.71238898038469,0.0,0.0,1.5707963267948966,3.141592653589793,0.0,3.141592653589793,3.141592653589793,1.5707963267948966,0.0,3.141592653589793,0.0,0.0,3.141592653589793,4.71238898038469,0.0,4.71238898038469,3.141592653589793,1.5707963267948966,3.141592653589793
3.141592653589793,0.0,4.71238898038469,0.0,4.71238898038469,0.0,0.0,1.5707963267948966,3.141592653589793,0.0,3.141592653589793,3.141592653589793,1.5707963267948966,0.0,3.141592653589793,0.0,0.0,3.141592653589793,4.71238898038469,0.0,1.5707963267948966,6.283185307179586,1.5707963267948966,3.141592653589793
3.141592653589793,0.0,4.71238898038469,0.0,4.71238898038469,0.0,0.0,1.5707963267948966,3.141592653589793,0.0,3.141592653589793,3.141592653589793,1.5707963267948966,0.0,3.141592653589793,0.0,0.0,3.141592653589793,4.71238898038469,0.0,1.5707963267948966,3.141592653589793,4.71238898038469,3.141592653589793
3.141592653589793,0.0,4.71238898038469,0.0,4.71238898038469,0.0,0.0,1.5707963267948966,3.141592653589793,0.0,3.141592653589793,3.141592653589793,1.5707963267948966,0.0,3.141592653589793,0.0,0.0,3.141592653589793,4.71238898038469,0.0,1.5707963267948966,3.141592653589793,1.5707963267948966,6.283185307179586
0.0,0.0,4.71238898038469,0.0,4.71238898038469,0.0,0.0,1.5707963267948966,3.141592653589793,0.0,3.141592653589793,3.141592653589793,1.5707963267948966,0.0,3.141592653589793,0.0,0.0,3.141592653589793,4.71238898038469,0.0,1.5707963267948966,3.141592653589793,1.5707963267948966,3.141592653589793
3.141592653589793,0.0,1.5707963267948966,0.0,4.71238898038469,0.0,0.0,1.5707963267948966,3.141592653589793,0.0,3.141592653589793,3.141592653589793,1.5707963267948966,0.0,3.141592653589793,0.0,0.0,3.141592653589793,4.71238898038469,0.0,1.5707963267948966,3.141592653589793,1.5707963267948966,3.141592653589793
3.141592653589793,0.0,4.71238898038469,0.0,1.5707963267948966,0.0,0.0,1.5707963267948966,3.141592653589793,0.0,3.141592653589793,3.141592653589793,1.5707963267948966,0.0,3.141592653589793,0.0,0.0,3.141592653589793,4.71238898038469,0.0,1.5707963267948966,3.141592653589793,1.5707963267948966,3.141592653589793
3.141592653589793,0.0,4.71238898038469,0.0,4.71238898038469,0.0,0.0,1.5707963267948966,0.0,0.0,3.141592653589793,3.141592653589793,1.5707963267948966,0.0,3.141592653589793,0.0,0.0,3.141592653589793,4.71238898038469,0.0,1.5707963267948966,3.141592653589793,1.5707963267948966,3.141592653589793
3.141592653589793,0.0,4.71238898038469,0.0,4.71238898038469,0.0,0.0,1.5707963267948966,3.141592653589793,0.0,0.0,3.141592653589793,1.5707963267948966,0.0,3.141592653589793,0.0,0.0,3.141592653589793,4.71238898038469,0.0,1.5707963267948966,3.141592653589793,1.5707963267948966,3.141592653589793
3.141592653589793,0.0,4.71238898038469,0.0,4.71238898038469,0.0,0.0,1.5707963267948966,3.141592653589793,0.0,3.141592653589793,0.0,1.5707963267948966,0.0,3.141592653589793,0.0,0.0,3.141592653589793,4.71238898038469,0.0,1.5707963267948966,3.141592653589793,1.5707963267948966,3.141592653589793
3.141592653589793,0.0,4.71238898038469,0.0,4.71238898038469,0.0,0.0,1.5707963267948966,3.141592653589793,0.0,3.141592653589793,3.141592653589793,1.5707963267948966,0.0,0.0,0.0,0.0,3.141592653589793,4.71238898038469,0.0,1.5707963267948966,3.141592653589793,1.5707963267948966,3.141592653589793
3.141592653589793,0.0,4.71238898038469,0.0,4.71238898038469,0.0,0.0,1.5707963267948966,3.141592653589793,0.0,3.141592653589793,3.141592653589793,1.5707963267948966,0.0,3.141592653589793,0.0,0.0,0.0,4.71238898038469,0.0,1.5707963267948966,3.141592653589793,1.5707963267948966,3.141592653589793
3.141592653589793,0.0,4.71238898038469,0.0,4.71238898038469,0.0,0.0,1.5707963267948966,3.141592653589793,0.0,3.141592653589793,3.141592653589793,1.5707963267948966,0.0,3.141592653589793,0.0,0.0,3.141592653589793,1.5707963267948966,0.0,1.5707963267948966,3.141592653589793,1.5707963267948966,3.141592653589793
3.141592653589793,0.0,4.71238898038469,0.0,4.71238898038469,0.0,0.0,1.5707963267948966,3.141592653589793,0.0,3.141592653589793,3.141592653589793,1.5707963267948966,0.0,3.141592653589793,0.0,0.0,3.141592653589793,4.71238898038469,0.0,1.5707963267948966,0.0,1.5707963267948966,3.141592653589793
3.141592653589793,0.0,4.71238898038469,0.0,4.71238898038469,0.0,0.0,1.5707963267948966,3.141592653589793,0.0,3.141592653589793,3.141592653589793,1.5707963267948966,0.0,3.141592653589793,0.0,0.0,3.141592653589793,4.71238898038469,0.0,1.5707963267948966,3.141592653589793,1.5707963267948966,0.0
3.1245966593297894,0.0,6.283185307179586,0.0,4.763584662806978,0.0,0.0,1.5780755546652598,3.1274079596200415,0.0,3.1528249462606412,3.1263615060265897,1.5621857457308022,0.029903543215897367,3.136112458965492,0.0,0.0,3.179979103324931,6.283185307179586,0.0,1.5627759602136333,3.147453028046163,1.5405408379035124,3.124598351267402
3.133094656459791,0.0,6.068724543488898,0.0,4.737986821595834,0.0,0.0,1.5744359407300783,3.134500306604917,0.0,3.147208799925217,3.1339770798081914,1.5664910362628495,0.014951771607948684,3.1388525562776426,0.0,0.0,3.160785878457362,6.0676205722659775,0.0,1.566786143504265,3.1445228408179777,1.5556685823492045,3.133095502428598
3.137343655024792,0.0,5.390556761936794,0.0,4.725187900990262,0.0,0.0,1.5726161337624873,3.138046480097355,0.0,3.144400726757505,3.137784866698992,1.568643681528873,0.007475885803974342,3.140222604933718,0.0,0.0,3.1511892660235774,5.390004776325334,0.0,1.5687912351495807,3.1430577472038856,1.5632324545720504,3.1373440780091952
3.1394681543072926,0.0,5.051472871160741,0.0,4.718788440687476,0.0,0.0,1.5717062302786922,3.139819566843574,0.0,3.1429966901736495,3.139688760144393,1.5697200041618848,0.003737942901987171,3.1409076292617555,0.0,0.0,3.146390959806686,5.051196878355012,0.0,1.5697937809722387,3.142325200396839,1.5670143906834735,3.1394683657994946
6.283185307179586,0.0,4.71238898038469,0.0,4.71238898038469,0.0,0.0,1.5707963267948966,3.141592653589793,0.0,3.141592653589793,3.141592653589793,1.5707963267948966,0.0,3.141592653589793,0.0,0.0,3.141592653589793,4.71238898038469,0.0,1.5707963267948966,3.141592653589793,1.5707963267948966,3.141592653589793
3.141592653589793,3.141592653589793,4.71238898038469,0.0,4.71238898038469,0.0,0.0,1.5707963267948966,3.141592653589793,0.0,3.141592653589793,3.141592653589793,1.5707963267948966,0.0,3.141592653589793,0.0,0.0,3.141592653589793,4.71238898038469,0.0,1.5707963267948966,3.141592653589793,1.5707963267948966,3.141592653589793
3.141592653589793,0.0,4.71238898038469,3.141592653589793,4.71238898038469,0.0,0.0,1.5707963267948966,3.141592653589793,0.0,3.141592653589793,3.141592653589793,1.5707963267948966,0.0,3.141592653589793,0.0,0.0,3.141592653589793,4.71238898038469,0.0,1.5707963267948966,3.141592653589793,1.5707963267948966,3.141592653589793
3.141592653589793,0.0,4.71238898038469,0.0,4.71238898038469,3.141592653589793,0.0,1.5707963267948966,3.141592653589793,0.0,3.141592653589793,3.141592653589793,1.5707963267948966,0.0,3.141592653589793,0.0,0.0,3.141592653589793,4.71238898038469,0.0,1.5707963267948966,3.141592653589793,1.5707963267948966,3.141592653589793
3.141592653589793,0.0,4.71238898038469,0.0,4.71238898038469,0.0,3.141592653589793,1.5707963267948966,3.141592653589793,0.0,3.141592653589793,3.141592653589793,1.5707963267948966,0.0,3.141592653589793,0.0,0.0,3.141592653589793,4.71238898038469,0.0,1.5707963267948966,3.141592653589793,1.5707963267948966,3.141592653589793
3.141592653589793,0.0,4.71238898038469,0.0,4.71238898038469,0.0,0.0,4.71238898038469,3.141592653589793,0.0,3.141592653589793,3.141592653589793,1.5707963267948966,0.0,3.141592653589793,0.0,0.0,3.141592653589793,4.71238898038469,0.0,1.5707963267948966,3.141592653589793,1.5707963267948966,3.141592653589793
3.141592653589793,0.0,4.71238898038469,0.0,4.71238898038469,0.0,0.0,1.5707963267948966,6.283185307179586,0.0,3.141592653589793,3.141592653589793,1.5707963267948966,0.0,3.141592653589793,0.0,0.0,3.141592653589793,4.71238898038469,0.0,1.5707963267948966,3.141592653589793,1.5707963267948966,3.141592653589793
3.141592653589793,0.0,4.71238898038469,0.0,4.71238898038469,0.0,0.0,1.5707963267948966,3.141592653589793,3.141592653589793,3.141592653589793,3.141592653589793,1.5707963267948966,0.0,3.141592653589793,0.0,0.0,3.141592653589793,4.71238898038469,0.0,1.5707963267948966,3.141592653589793,1.5707963267948966,3.141592653589793
3.141592653589793,0.0,4.71238898038469,0.0,4.71238898038469,0.0,0.0,1.5707963267948966,3.141592653589793,0.0,6.283185307179586,3.141592653589793,1.5707963267948966,0.0,3.141592653589793,0.0,0.0,3.141592653589793,4.71238898038469,0.0,1.5707963267948966,3.141592653589793,1.5707963267948966,3.141592653589793
3.141592653589793,0.0,4.71238898038469,0.0,4.71238898038469,0.0,0.0,1.5707963267948966,3.141592653589793,0.0,3.141592653589793,6.283185307179586,1.5707963267948966,0.0,3.141592653589793,0.0,0.0,3.141592653589793,4.71238898038469,0.0,1.5707963267948966,3.141592653589793,1.5707963267948966,3.141592653589793
3.141592653589793,0.0,4.71238898038469,0.0,4.71238898038469,0.0,0.0,1.5707963267948966,3.141592653589793,0.0,3.141592653589793,3.141592653589793,4.71238898038469,0.0,3.141592653589793,0.0,0.0,3.141592653589793,4.71238898038469,0.0,1.5707963267948966,3.141592653589793,1.5707963267948966,3.141592653589793
3.141592653589793,0.0,4.71238898038469,0.0,4.71238898038469,0.0,0.0,1.5707963267948966,3.141592653589793,0.0,3.141592653589793,3.141592653589793,1.5707963267948966,3.141592653589793,3.141592653589793,0.0,0.0,3.141592653589793,4.71238898038469,0.0,1.5707963267948966,3.141592653589793,1.5707963267948966,3.141592653589793
3.141592653589793,0.0,4.71238898038469,0.0,4.71238898038469,0.0,0.0,1.5707963267948966,3.141592653589793,0.0,3.141592653589793,3.141592653589793,1.5707963267948966,0.0,6.283185307179586,0.0,0.0,3.141592653589793,4.71238898038469,0.0,1.5707963267948966,3.141592653589793,1.5707963267948966,3.141592653589793
3.141592653589793,0.0,4.71238898038469,0.0,4.71238898038469,0.0,0.0,1.5707963267948966,3.141592653589793,0.0,3.141592653589793,3.141592653589793,1.5707963267948966,0.0,3.141592653589793,3.141592653589793,0.0,3.141592653589793,4.71238898038469,0.0,1.5707963267948966,3.141592653589793,1.5707963267948966,3.141592653589793
3.141592653589793,0.0,4.71238898038469,0.0,4.71238898038469,0.0,0.0,1.5707963267948966,3.141592653589793,0.0,3.141592653589793,3.141592653589793,1.5707963267948966,0.0,3.141592653589793,0.0,3.141592653589793,3.141592653589793,4.71238898038469,0.0,1.5707963267948966,3.141592653589793,1.5707963267948966,3.141592653589793
3.141592653589793,0.0,4.71238898038469,0.0,4.71238898038469,0.0,0.0,1.5707963267948966,3.141592653589793,0.0,3.141592653589793,3.141592653589793,1.5707963267948966,0.0,3.141592653589793,0.0,0.0,6.283185307179586,4.71238898038469,0.0,1.5707963267948966,3.141592653589793,1.5707963267948966,3.141592653589793
3.141592653589793,0.0,4.71238898038469,0.0,4.71238898038469,0.0,0.0,1.5707963267948966,3.141592653589793,0.0,3.141592653589793,3.141592653589793,1.5707963267948966,0.0,3.141592653589793,0.0,0.0,3.141592653589793,4.71238898038469,3.141592653589793,1.5707963267948966,3.141592653589793,1.5707963267948966,3.141592653589793
3.141592653589793,0.0,4.71238898038469,0.0,4.71238898038469,0.0,0.0,1.5707963267948966,3.141592653589793,0.0,3.141592653589793,3.141592653589793,1.5707963267948966,0.0,3.141592653589793,0.0,0.0,3.141592653589793,4.71238898038469,0.0,4.71238898038469,3.141592653589793,1.5707963267948966,3.141592653589793
3.141592653589793,0.0,4.71238898038469,0.0,4.71238898038469,0.0,0.0,1.5707963267948966,3.141592653589793,0.0,3.141592653589793,3.141592653589793,1.5707963267948966,0.0,3.141592653589793,0.0,0.0,3.141592653589793,4.71238898038469,0.0,1.5707963267948966,6.283185307179586,1.5707963267948966,3.141592653589793
3.141592653589793,0.0,4.71238898038469,0.0,4.71238898038469,0.0,0.0,1.5707963267948966,3.141592653589793,0.0,3.141592653589793,3.141592653589793,1.5707963267948966,0.0,3.141592653589793,0.0,0.0,3.141592653589793,4.71238898038469,0.0,1.5707963267948966,3.141592653589793,4.71238898038469,3.141592653589793
3.141592653589793,0.0,4.71238898038469,0.0,4.71238898038469,0.0,0.0,1.5707963267948966,3.141592653589793,0.0,3.141592653589793,3.141592653589793,1.5707963267948966,0.0,3.141592653589793,0.0,0.0,3.141592653589793,4.71238898038469,0.0,1.5707963267948966,3.141592653589793,1.5707963267948966,6.283185307179586
0.0,0.0,4.71238898038469,0.0,4.71238898038469,0.0,0.0,1.5707963267948966,3.141592653589793,0.0,3.141592653589793,3.141592653589793,1.5707963267948966,0.0,3.141592653589793,0.0,0.0,3.141592653589793,4.71238898038469,0.0,1.5707963267948966,3.141592653589793,1.5707963267948966,3.141592653589793
3.141592653589793,0.0,1.5707963267948966,0.0,4.71238898038469,0.0,0.0,1.5707963267948966,3.141592653589793,0.0,3.141592653589793,3.141592653589793,1.5707963267948966,0.0,3.141592653589793,0.0,0.0,3.141592653589793,4.71238898038469,0.0,1.5707963267948966,3.141592653589793,1.5707963267948966,3.141592653589793
3.141592653589793,0.0,4.71238898038469,0.0,1.5707963267948966,0.0,0.0,1.5707963267948966,3.141592653589793,0.0,3.141592653589793,3.141592653589793,1.5707963267948966,0.0,3.141592653589793,0.0,0.0,3.141592653589793,4.71238898038469,0.0,1.5707963267948966,3.141592653589793,1.5707963267948966,3.141592653589793
3.141592653589793,0.0,4.71238898038469,0.0,4.71238898038469,0.0,0.0,1.5707963267948966,0.0,0.0,3.141592653589793,3.141592653589793,1.5707963267948966,0.0,3.141592653589793,0.0,0.0,3.141592653589793,4.71238898038469,0.0,1.5707963267948966,3.141592653589793,1.5707963267948966,3.141592653589793
3.141592653589793,0.0,4.71238898038469,0.0,4.71238898038469,0.0,0.0,1.5707963267948966,3.141592653589793,0.0,0.0,3.141592653589793,1.5707963267948966,0.0,3.141592653589793,0.0,0.0,3.141592653589793,4.71238898038469,0.0,1.5707963267948966,3.141592653589793,1.5707963267948966,3.141592653589793
3.141592653589793,0.0,4.71238898038469,0.0,4.71238898038469,0.0,0.0,1.5707963267948966,3.141592653589793,0.0,3.141592653589793,0.0,1.5707963267948966,0.0,3.141592653589793,0.0,0.0,3.141592653589793,4.71238898038469,0.0,1.5707963267948966,3.141592653589793,1.5707963267948966,3.141592653589793
3.141592653589793,0.0,4.71238898038469,0.0,4.71238898038469,0.0,0.0,1.5707963267948966,3.141592653589793,0.0,3.141592653589793,3.141592653589793,1.5707963267948966,0.0,0.0,0.0,0.0,3.141592653589793,4.71238898038469,0.0,1.5707963267948966,3.141592653589793,1.5707963267948966,3.141592653589793
3.141592653589793,0.0,4.71238898038469,0.0,4.71238898038469,0.0,0.0,1.5707963267948966,3.141592653589793,0.0,3.141592653589793,3.141592653589793,1.5707963267948966,0.0,3.141592653589793,0.0,0.0,0.0,4.71238898038469,0.0,1.5707963267948966,3.141592653589793,1.5707963267948966,3.141592653589793
3.141592653589793,0.0,4.71238898038469,0.0,4.71238898038469,0.0,0.0,1.5707963267948966,3.141592653589793,0.0,3.141592653589793,3.141592653589793,1.5707963267948966,0.0,3.141592653589793,0.0,0.0,3.141592653589793,1.5707963267948966,0.0,1.5707963267948966,3.141592653589793,1.5707963267948966,3.141592653589793
3.141592653589793,0.0,4.71238898038469,0.0,4.71238898038469,0.0,0.0,1.5707963267948966,3.141592653589793,0.0,3.141592653589793,3.141592653589793,1.5707963267948966,0.0,3.141592653589793,0.0,0.0,3.141592653589793,4.71238898038469,0.0,1.5707963267948966,0.0,1.5707963267948966,3.141592653589793
3.141592653589793,0.0,4.71238898038469,0.0,4.71238898038469,0.0,0.0,1.5707963267948966,3.141592653589793,0.0,3.141592653589793,3.141592653589793,1.5707963267948966,0.0,3.141592653589793,0.0,0.0,3.141592653589793,4.71238898038469,0.0,1.5707963267948966,3.141592653589793,1.5707963267948966,0.0
4.71238898038469,0.0,4.71238898038469,0.0,4.71238898038469,0.0,0.0,1.5707963267948966,3.141592653589793,0.0,3.141592653589793,3.141592653589793,4.71238898038469,0.0,3.141592653589793,0.0,0.0,3.141592653589793,4.71238898038469,0.0,1.5707963267948966,3.141592653589793,1.5707963267948966,3.141592653589793
3.141592653589793,1.5707963267948966,4.71238898038469,0.0,4.71238898038469,0.0,0.0,1.5707963267948966,3.141592653589793,0.0,3.141592653589793,3.141592653589793,4.71238898038469,0.0,3.141592653589793,0.0,0.0,3.141592653589793,4.71238898038469,0.0,1.5707963267948966,3.141592653589793,1.5707963267948966,3.141592653589793
3.141592653589793,0.0,6.283185307179586,0.0,4.71238898038469,0.0,0.0,1.5707963267948966,3.141592653589793,0.0,3.141592653589793,3.141592653589793,4.71238898038469,0.0,3.141592653589793,0.0,0.0,3.141592653589793,4.71238898038469,0.0,1.5707963267948966,3.141592653589793,1.5707963267948966,3.141592653589793
3.141592653589793,0.0,4.71238898038469,1.5707963267948966,4.71238898038469,0.0,0.0,1.5707963267948966,3.141592653589793,0.0,3.141592653589793,3.141592653589793,4.71238898038469,0.0,3.141592653589793,0.0,0.0,3.141592653589793,4.71238898038469,0.0,1.5707963267948966,3.141592653589793,1.5707963267948966,3.141592653589793
3.141592653589793,0.0,4.71238898038469,0.0,6.283185307179586,0.0,0.0,1.5707963267948966,3.141592653589793,0.0,3.141592653589793,3.141592653589793,4.71238898038469,0.0,3.141592653589793,0.0,0.0,3.141592653589793,4.71238898038469,0.0,1.5707963267948966,3.141592653589793,1.5707963267948966,3.141592653589793
3.141592653589793,0.0,4.71238898038469,0.0,4.71238898038469,1.5707963267948966,0.0,1.5707963267948966,3.141592653589793,0.0,3.141592653589793,3.141592653589793,4.71238898038469,0.0,3.141592653589793,0.0,0.0,3.141592653589793,4.71238898038469,0.0,1.5707963267948966,3.141592653589793,1.5707963267948966,3.141592653589793
3.141592653589793,0.0,4.71238898038469,0.0,4.71238898038469,0.0,1.5707963267948966,1.5707963267948966,3.141592653589793,0.0,3.141592653589793,3.141592653589793,4.71238898038469,0.0,3.141592653589793,0.0,0.0,3.141592653589793,4.71238898038469,0.0,1.5707963267948966,3.141592653589793,1.5707963267948966,3.141592653589793
3.141592653589793,0.0,4.71238898038469,0.0,4.71238898038469,0.0,0.0,3.141592653589793,3.141592653589793,0.0,3.141592653589793,3.141592653589793,4.71238898038469,0.0,3.141592653589793,0.0,0.0,3.141592653589793,4.71238898038469,0.0,1.5707963267948966,3.141592653589793,1.5707963267948966,3.141592653589793
3.141592653589793,0.0,4.71238898038469,0.0,4.71238898038469,0.0,0.0,1.5707963267948966,4.71238898038469,0.0,3.141592653589793,3.141592653589793,4.71238898038469,0.0,3.141592653589793,0.0,0.0,3.141592653589793,4.71238898038469,0.0,1.5707963267948966,3.141592653589793,1.5707963267948966,3.141592653589793
3.141592653589793,0.0,4.71238898038469,0.0,4.71238898038469,0.0,0.0,1.5707963267948966,3.141592653589793,1.5707963267948966,3.141592653589793,3.141592653589793,4.71238898038469,0.0,3.141592653589793,0.0,0.0,3.141592653589793,4.71238898038469,0.0,1.5707963267948966,3.141592653589793,1.5707963267948966,3.141592653589793
3.141592653589793,0.0,4.71238898038469,0.0,4.71238898038469,0.0,0.0,1.5707963267948966,3.141592653589793,0.0,4.71238898038469,3.141592653589793,4.71238898038469,0.0,3.141592653589793,0.0,0.0,3.141592653589793,4.71238898038469,0.0,1.5707963267948966,3.141592653589793,1.5707963267948966,3.141592653589793
3.141592653589793,0.0,4.71238898038469,0.0,4.71238898038469,0.0,0.0,1.5707963267948966,3.141592653589793,0.0,3.141592653589793,4.71238898038469,4.71238898038469,0.0,3.141592653589793,0.0,0.0,3.141592653589793,4.71238898038469,0.0,1.5707963267948966,3.141592653589793,1.5707963267948966,3.141592653589793
3.141592653589793,0.0,4.71238898038469,0.0,4.71238898038469,0.0,0.0,1.5707963267948966,3.141592653589793,0.0,3.141592653589793,3.141592653589793,6.283185307179586,0.0,3.141592653589793,0.0,0.0,3.141592653589793,4.71238898038469,0.0,1.5707963267948966,3.141592653589793,1.5707963267948966,3.141592653589793
3.141592653589793,0.0,4.71238898038469,0.0,4.71238898038469,0.0,0.0,1.5707963267948966,3.141592653589793,0.0,3.141592653589793,3.141592653589793,4.71238898038469,1.5707963267948966,3.141592653589793,0.0,0.0,3.141592653589793,4.71238898038469,0.0,1.5707963267948966,3.141592653589793,1.5707963267948966,3.141592653589793
3.141592653589793,0.0,4.71238898038469,0.0,4.71238898038469,0.0,0.0,1.5707963267948966,3.141592653589793,0.0,3.141592653589793,3.141592653589793,4.71238898038469,0.0,4.71238898038469,0.0,0.0,3.141592653589793,4.71238898038469,0.0,1.5707963267948966,3.141592653589793,1.5707963267948966,3.141592653589793
3.141592653589793,0.0,4.71238898038469,0.0,4.71238898038469,0.0,0.0,1.5707963267948966,3.141592653589793,0.0,3.141592653589793,3.141592653589793,4.71238898038469,0.0,3.141592653589793,1.5707963267948966,0.0,3.141592653589793,4.71238898038469,0.0,1.5707963267948966,3.141592653589793,1.5707963267948966,3.141592653589793
3.141592653589793,0.0,4.71238898038469,0.0,4.71238898038469,0.0,0.0,1.5707963267948966,3.141592653589793,0.0,3.141592653589793,3.141592653589793,4.71238898038469,0.0,3.141592653589793,0.0,1.5707963267948966,3.141592653589793,4.71238898038469,0.0,1.5707963267948966,3.141592653589793,1.5707963267948966,3.141592653589793
3.141592653589793,0.0,4.71238898038469,0.0,4.71238898038469,0.0,0.0,1.5707963267948966,3.141592653589793,0.0,3.141592653589793,3.141592653589793,4.71238898038469,0.0,3.141592653589793,0.0,0.0,4.71238898038469,4.71238898038469,0.0,1.5707963267948966,3.141592653589793,1.5707963267948966,3.141592653589793
3.141592653589793,0.0,4.71238898038469,0.0,4.71238898038469,0.0,0.0,1.5707963267948966,3.141592653589793,0.0,3.141592653589793,3.141592653589793,4.71238898038469,0.0,3.141592653589793,0.0,0.0,3.141592653589793,6.283185307179586,0.0,1.5707963267948966,3.141592653589793,1.5707963267948966,3.141592653589793
3.141592653589793,0.0,4.71238898038469,0.0,4.71238898038469,0.0,0.0,1.5707963267948966,3.141592653589793,0.0,3.141592653589793,3.141592653589793,4.71238898038469,0.0,3.141592653589793,0.0,0.0,3.141592653589793,4.71238898038469,1.5707963267948966,1.5707963267948966,3.141592653589793,1.5707963267948966,3.141592653589793
3.141592653589793,0.0,4.71238898038469,0.0,4.71238898038469,0.0,0.0,1.5707963267948966,3.141592653589793,0.0,3.141592653589793,3.141592653589793,4.71238898038469,0.0,3.141592653589793,0.0,0.0,3.141592653589793,4.71238898038469,0.0,3.141592653589793,3.141592653589793,1.5707963267948966,3.141592653589793
3.141592653589793,0.0,4.71238898038469,0.0,4.71238898038469,0.0,0.0,1.5707963267948966,3.141592653589793,0.0,3.141592653589793,3.141592653589793,4.71238898038469,0.0,3.141592653589793,0.0,0.0,3.141592653589793,4.71238898038469,0.0,1.5707963267948966,4.71238898038469,1.5707963267948966,3.141592653589793
3.141592653589793,0.0,4.71238898038469,0.0,4.71238898038469,0.0,0.0,1.5707963267948966,3.141592653589793,0.0,3.141592653589793,3.141592653589793,4.71238898038469,0.0,3.141592653589793,0.0,0.0,3.141592653589793,4.71238898038469,0.0,1.5707963267948966,3.141592653589793,3.141592653589793,3.141592653589793
3.141592653589793,0.0,4.71238898038469,0.0,4.71238898038469,0.0,0.0,1.5707963267948966,3.141592653589793,0.0,3.141592653589793,3.141592653589793,4.71238898038469,0.0,3.141592653589793,0.0,0.0,3.141592653589793,4.71238898038469,0.0,1.5707963267948966,3.141592653589793,1.5707963267948966,4.71238898038469
1.5707963267948966,0.0,4.71238898038469,0.0,4.71238898038469,0.0,0.0,1.5707963267948966,3.141592653589793,0.0,3.141592653589793,3.141592653589793,4.71238898038469,0.0,3.141592653589793,0.0,0.0,3.141592653589793,4.71238898038469,0.0,1.5707963267948966,3.141592653589793,1.5707963267948966,3.141592653589793
3.141592653589793,0.0,3.141592653589793,0.0,4.71238898038469,0.0,0.0,1.5707963267948966,3.141592653589793,0.0,3.141592653589793,3.141592653589793,4.71238898038469,0.0,3.141592653589793,0.0,0.0,3.141592653589793,4.71238898038469,0.0,1.5707963267948966,3.141592653589793,1.5707963267948966,3.141592653589793
3.141592653589793,0.0,4.71238898038469,0.0,3.141592653589793,0.0,0.0,1.5707963267948966,3.141592653589793,0.0,3.141592653589793,3.141592653589793,4.71238898038469,0.0,3.141592653589793,0.0,0.0,3.141592653589793,4.71238898038469,0.0,1.5707963267948966,3.141592653589793,1.5707963267948966,3.141592653589793
3.141592653589793,0.0,4.71238898038469,0.0,4.71238898038469,0.0,0.0,0.0,3.141592653589793,0.0,3.141592653589793,3.141592653589793,4.71238898038469,0.0,3.141592653589793,0.0,0.0,3.141592653589793,4.71238898038469,0.0,1.5707963267948966,3.141592653589793,1.5707963267948966,3.141592653589793
3.141592653589793,0.0,4.71238898038469,0.0,4.71238898038469,0.0,0.0,1.5707963267948966,1.5707963267948966,0.0,3.141592653589793,3.141592653589793,4.71238898038469,0.0,3.141592653589793,0.0,0.0,3.141592653589793,4.71238898038469,0.0,1.5707963267948966,3.141592653589793,1.5707963267948966,3.141592653589793
3.141592653589793,0.0,4.71238898038469,0.0,4.71238898038469,0.0,0.0,1.5707963267948966,3.141592653589793,0.0,1.5707963267948966,3.141592653589793,4.71238898038469,0.0,3.141592653589793,0.0,0.0,3.141592653589793,4.71238898038469,0.0,1.5707963267948966,3.141592653589793,1.5707963267948966,3.141592653589793
3.141592653589793,0.0,4.71238898038469,0.0,4.71238898038469,0.0,0.0,1.5707963267948966,3.141592653589793,0.0,3.141592653589793,1.5707963267948966,4.71238898038469,0.0,3.141592653589793,0.0,0.0,3.141592653589793,4.71238898038469,0.0,1.5707963267948966,3.141592653589793,1.5707963267948966,3.141592653589793
3.141592653589793,0.0,4.71238898038469,0.0,4.71238898038469,0.0,0.0,1.5707963267948966,3.141592653589793,0.0,3.141592653589793,3.141592653589793,3.141592653589793,0.0,3.141592653589793,0.0,0.0,3.141592653589793,4.71238898038469,0.0,1.5707963267948966,3.141592653589793,1.5707963267948966,3.141592653589793
3.141592653589793,0.0,4.71238898038469,0.0,4.71238898038469,0.0,0.0,1.5707963267948966,3.141592653589793,0.0,3.141592653589793,3.141592653589793,4.71238898038469,0.0,1.5707963267948966,0.0,0.0,3.141592653589793,4.71238898038469,0.0,1.5707963267948966,3.141592653589793,1.5707963267948966,3.141592653589793
3.141592653589793,0.0,4.71238898038469,0.0,4.71238898038469,0.0,0.0,1.5707963267948966,3.141592653589793,0.0,3.141592653589793,3.141592653589793,4.71238898038469,0.0,3.141592653589793,0.0,0.0,1.5707963267948966,4.71238898038469,0.0,1.5707963267948966,3.141592653589793,1.5707963267948966,3.141592653589793
3.141592653589793,0.0,4.71238898038469,0.0,4.71238898038469,0.0,0.0,1.5707963267948966,3.141592653589793,0.0,3.141592653589793,3.141592653589793,4.71238898038469,0.0,3.141592653589793,0.0,0.0,3.141592653589793,3.141592653589793,0.0,1.5707963267948966,3.141592653589793,1.5707963267948966,3.141592653589793
3.141592653589793,0.0,4.71238898038469,0.0,4.71238898038469,0.0,0.0,1.5707963267948966,3.141592653589793,0.0,3.141592653589793,3.141592653589793,4.71238898038469,0.0,3.141592653589793,0.0,0.0,3.141592653589793,4.71238898038469,0.0,0.0,3.141592653589793,1.5707963267948966,3.141592653589793
3.141592653589793,0.0,4.71238898038469,0.0,4.71238898038469,0.0,0.0,1.5707963267948966,3.141592653589793,0.0,3.141592653589793,3.141592653589793,4.71238898038469,0.0,3.141592653589793,0.0,0.0,3.141592653589793,4.71238898038469,0.0,1.5707963267948966,1.5707963267948966,1.5707963267948966,3.141592653589793
3.141592653589793,0.0,4.71238898038469,0.0,4.71238898038469,0.0,0.0,1.5707963267948966,3.141592653589793,0.0,3.141592653589793,3.141592653589793,4.71238898038469,0.0,3.141592653589793,0.0,0.0,3.141592653589793,4.71238898038469,0.0,1.5707963267948966,3.141592653589793,0.0,3.141592653589793
3.141592653589793,0.0,4.71238898038469,0.0,4.71238898038469,0.0,0.0,1.5707963267948966,3.141592653589793,0.0,3.141592653589793,3.141592653589793,4.71238898038469,0.0,3.141592653589793,0.0,0.0,3.141592653589793,4.71238898038469,0.0,1.5707963267948966,3.141592653589793,1.5707963267948966,1.5707963267948966
3.9269908169872414,0.0,4.71238898038469,0.0,4.71238898038469,0.0,0.0,1.5707963267948966,3.141592653589793,0.0,3.141592653589793,3.141592653589793,4.71238898038469,0.0,3.141592653589793,0.0,0.0,3.141592653589793,4.71238898038469,0.0,1.5707963267948966,3.141592653589793,1.5707963267948966,3.141592653589793
3.141592653589793,0.7853981633974483,4.71238898038469,0.0,4.71238898038469,0.0,0.0,1.5707963267948966,3.141592653589793,0.0,3.141592653589793,3.141592653589793,4.71238898038469,0.0,3.141592653589793,0.0,0.0,3.141592653589793,4.71238898038469,0.0,1.5707963267948966,3.141592653589793,1.5707963267948966,3.141592653589793
3.141592653589793,0.0,5.497787143782138,0.0,4.71238898038469,0.0,0.0,1.5707963267948966,3.141592653589793,0.0,3.141592653589793,3.141592653589793,4.71238898038469,0.0,3.141592653589793,0.0,0.0,3.141592653589793,4.71238898038469,0.0,1.5707963267948966,3.141592653589793,1.5707963267948966,3.141592653589793
3.141592653589793,0.0,4.71238898038469,0.7853981633974483,4.71238898038469,0.0,0.0,1.5707963267948966,3.141592653589793,0.0,3.141592653589793,3.141592653589793,4.71238898038469,0.0,3.141592653589793,0.0,0.0,3.141592653589793,4.71238898038469,0.0,1.5707963267948966,3.141592653589793,1.5707963267948966,3.141592653589793
3.141592653589793,0.0,4.71238898038469,0.0,5.497787143782138,0.0,0.0,1.5707963267948966,3.141592653589793,0.0,3.141592653589793,3.141592653589793,4.71238898038469,0.0,3.141592653589793,0.0,0.0,3.141592653589793,4.71238898038469,0.0,1.5707963267948966,3.141592653589793,1.5707963267948966,3.141592653589793
3.141592653589793,0.0,4.71238898038469,0.0,4.71238898038469,0.7853981633974483,0.0,1.5707963267948966,3.141592653589793,0.0,3.141592653589793,3.141592653589793,4.71238898038469,0.0,3.141592653589793,0.0,0.0,3.141592653589793,4.71238898038469,0.0,1.5707963267948966,3.141592653589793,1.5707963267948966,3.141592653589793
3.141592653589793,0.0,4.71238898038469,0.0,4.71238898038469,0.0,0.7853981633974483,1.5707963267948966,3.141592653589793,0.0,3.141592653589793,3.141592653589793,4.71238898038469,0.0,3.141592653589793,0.0,0.0,3.141592653589793,4.71238898038469,0.0,1.5707963267948966,3.141592653589793,1.5707963267948966,3.141592653589793
3.141592653589793,0.0,4.71238898038469,0.0,4.71238898038469,0.0,0.0,2.356194490192345,3.141592653589793,0.0,3.141592653589793,3.141592653589793,4.71238898038469,0.0,3.141592653589793,0.0,0.0,3.141592653589793,4.71238898038469,0.0,1.5707963267948966,3.141592653589793,1.5707963267948966,3.141592653589793
3.141592653589793,0.0,4.71238898038469,0.0,4.71238898038469,0.0,0.0,1.5707963267948966,3.9269908169872414,0.0,3.141592653589793,3.141592653589793,4.71238898038469,0.0,3.141592653589793,0.0,0.0,3.141592653589793,4.71238898038469,0.0,1.5707963267948966,3.141592653589793,1.5707963267948966,3.141592653589793
3.141592653589793,0.0,4.71238898038469,0.0,4.71238898038469,0.0,0.0,1.5707963267948966,3.141592653589793,0.7853981633974483,3.141592653589793,3.141592653589793,4.71238898038469,0.0,3.141592653589793,0.0,0.0,3.141592653589793,4.71238898038469,0.0,1.5707963267948966,3.141592653589793,1.5707963267948966,3.141592653589793
3.141592653589793,0.0,4.71238898038469,0.0,4.71238898038469,0.0,0.0,1.5707963267948966,3.141592653589793,0.0,3.9269908169872414,3.141592653589793,4.71238898038469,0.0,3.141592653589793,0.0,0.0,3.141592653589793,4.71238898038469,0.0,1.5707963267948966,3.141592653589793,1.5707963267948966,3.141592653589793
3.141592653589793,0.0,4.71238898038469,0.0,4.71238898038469,0.0,0.0,1.5707963267948966,3.141592653589793,0.0,3.141592653589793,3.9269908169872414,4.71238898038469,0.0,3.141592653589793,0.0,0.0,3.141592653589793,4.71238898038469,0.0,1.5707963267948966,3.141592653589793,1.5707963267948966,3.141592653589793
3.141592653589793,0.0,4.71238898038469,0.0,4.71238898038469,0.0,0.0,1.5707963267948966,3.141592653589793,0.0,3.141592653589793,3.141592653589793,5.497787143782138,0.0,3.141592653589793,0.0,0.0,3.141592653589793,4.71238898038469,0.0,1.5707963267948966,3.141592653589793,1.5707963267948966,3.141592653589793
3.141592653589793,0.0,4.71238898038469,0.0,4.71238898038469,0.0,0.0,1.5707963267948966,3.141592653589793,0.0,3.141592653589793,3.141592653589793,4.71238898038469,0.7853981633974483,3.141592653589793,0.0,0.0,3.141592653589793,4.71238898038469,0.0,1.5707963267948966,3.141592653589793,1.5707963267948966,3.141592653589793
3.141592653589793,0.0,4.71238898038469,0.0,4.71238898038469,0.0,0.0,1.5707963267948966,3.141592653589793,0.0,3.141592653589793,3.141592653589793,4.71238898038469,0.0,3.9269908169872414,0.0,0.0,3.141592653589793,4.71238898038469,0.0,1.5707963267948966,3.141592653589793,1.5707963267948966,3.141592653589793
3.141592653589793,0.0,4.71238898038469,0.0,4.71238898038469,0.0,0.0,1.5707963267948966,3.141592653589793,0.0,3.141592653589793,3.141592653589793,4.71238898038469,0.0,3.141592653589793,0.7853981633974483,0.0,3.141592653589793,4.71238898038469,0.0,1.5707963267948966,3.141592653589793,1.5707963267948966,3.141592653589793
3.141592653589793,0.0,4.71238898038469,0.0,4.71238898038469,0.0,0.0,1.5707963267948966,3.141592653589793,0.0,3.141592653589793,3.141592653589793,4.71238898038469,0.0,3.141592653589793,0.0,0.7853981633974483,3.141592653589793,4.71238898038469,0.0,1.5707963267948966,3.141592653589793,1.5707963267948966,3.141592653589793
3.141592653589793,0.0,4.71238898038469,0.0,4.71238898038469,0.0,0.0,1.5707963267948966,3.141592653589793,0.0,3.141592653589793,3.141592653589793,4.71238898038469,0.0,3.141592653589793,0.0,0.0,3.9269908169872414,4.71238898038469,0.0,1.5707963267948966,3.141592653589793,1.5707963267948966,3.141592653589793
3.141592653589793,0.0,4.71238898038469,0.0,4.71238898038469,0.0,0.0,1.5707963267948966,3.141592653589793,0.0,3.141592653589793,3.141592653589793,4.71238898038469,0.0,3.141592653589793,0.0,0.0,3.141592653589793,5.497787143782138,0.0,1.5707963267948966,3.141592653589793,1.5707963267948966,3.141592653589793
3.141592653589793,0.0,4.71238898038469,0.0,4.71238898038469,0.0,0.0,1.5707963267948966,3.141592653589793,0.0,3.141592653589793,3.141592653589793,4.71238898038469,0.0,3.141592653589793,0.0,0.0,3.141592653589793,4.71238898038469,0.7853981633974483,1.5707963267948966,3.141592653589793,1.5707963267948966,3.141592653589793
3.141592653589793,0.0,4.71238898038469,0.0,4.71238898038469,0.0,0.0,1.5707963267948966,3.141592653589793,0.0,3.141592653589793,3.141592653589793,4.71238898038469,0.0,3.141592653589793,0.0,0.0,3.141592653589793,4.71238898038469,0.0,2.356194490192345,3.141592653589793,1.5707963267948966,3.141592653589793
3.141592653589793,0.0,4.71238898038469,0.0,4.71238898038469,0.0,0.0,1.5707963267948966,3.141592653589793,0.0,3.141592653589793,3.141592653589793,4.71238898038469,0.0,3.141592653589793,0.0,0.0,3.141592653589793,4.71238898038469,0.0,1.5707963267948966,3.9269908169872414,1.5707963267948966,3.141592653589793
3.141592653589793,0.0,4.71238898038469,0.0,4.71238898038469,0.0,0.0,1.5707963267948966,3.141592653589793,0.0,3.141592653589793,3.141592653589793,4.71238898038469,0.0,3.141592653589793,0.0,0.0,3.141592653589793,4.71238898038469,0.0,1.5707963267948966,3.141592653589793,2.356194490192345,3.141592653589793
3.141592653589793,0.0,4.71238898038469,0.0,4.71238898038469,0.0,0.0,1.5707963267948966,3.141592653589793,0.0,3.141592653589793,3.141592653589793,4.71238898038469,0.0,3.141592653589793,0.0,0.0,3.141592653589793,4.71238898038469,0.0,1.5707963267948966,3.141592653589793,1.5707963267948966,3.9269908169872414
2.356194490192345,0.0,4.71238898038469,0.0,4.71238898038469,0.0,0.0,1.5707963267948966,3.141592653589793,0.0,3.141592653589793,3.141592653589793,4.71238898038469,0.0,3.141592653589793,0.0,0.0,3.141592653589793,4.71238898038469,0.0,1.5707963267948966,3.141592653589793,1.5707963267948966,3.141592653589793
3.141592653589793,0.0,3.9269908169872414,0.0,4.71238898038469,0.0,0.0,1.5707963267948966,3.141592653589793,0.0,3.141592653589793,3.141592653589793,4.71238898038469,0.0,3.141592653589793,0.0,0.0,3.141592653589793,4.71238898038469,0.0,1.5707963267948966,3.141592653589793,1.5707963267948966,3.141592653589793
3.141592653589793,0.0,4.71238898038469,0.0,3.9269908169872414,0.0,0.0,1.5707963267948966,3.141592653589793,0.0,3.141592653589793,3.141592653589793,4.71238898038469,0.0,3.141592653589793,0.0,0.0,3.141592653589793,4.71238898038469,0.0,1.5707963267948966,3.141592653589793,1.5707963267948966,3.141592653589793
3.141592653589793,0.0,4.71238898038469,0.0,4.71238898038469,0.0,0.0,0.7853981633974483,3.141592653589793,0.0,3.141592653589793,3.141592653589793,4.71238898038469,0.0,3.141592653589793,0.0,0.0,3.141592653589793,4.71238898038469,0.0,1.5707963267948966,3.141592653589793,1.5707963267948966,3.141592653589793
3.141592653589793,0.0,4.71238898038469,0.0,4.71238898038469,0.0,0.0,1.5707963267948966,2.356194490192345,0.0,3.141592653589793,3.141592653589793,4.71238898038469,0.0,3.141592653589793,0.0,0.0,3.141592653589793,4.71238898038469,0.0,1.5707963267948966,3.141592653589793,1.5707963267948966,3.141592653589793
3.141592653589793,0.0,4.71238898038469,0.0,4.71238898038469,0.0,0.0,1.5707963267948966,3.141592653589793,0.0,2.356194490192345,3.141592653589793,4.71238898038469,0.0,3.141592653589793,0.0,0.0,3.141592653589793,4.71238898038469,0.0,1.5707963267948966,3.141592653589793,1.5707963267948966,3.141592653589793
3.141592653589793,0.0,4.71238898038469,0.0,4.71238898038469,0.0,0.0,1.5707963267948966,3.141592653589793,0.0,3.141592653589793,2.356194490192345,4.71238898038469,0.0,3.141592653589793,0.0,0.0,3.141592653589793,4.71238898038469,0.0,1.5707963267948966,3.141592653589793,1.5707963267948966,3.141592653589793
3.141592653589793,0.0,4.71238898038469,0.0,4.71238898038469,0.0,0.0,1.5707963267948966,3.141592653589793,0.0,3.141592653589793,3.141592653589793,3.9269908169872414,0.0,3.141592653589793,0.0,0.0,3.141592653589793,4.71238898038469,0.0,1.5707963267948966,3.141592653589793,1.5707963267948966,3.141592653589793
3.141592653589793,0.0,4.71238898038469,0.0,4.71238898038469,0.0,0.0,1.5707963267948966,3.141592653589793,0.0,3.141592653589793,3.141592653589793,4.71238898038469,0.0,2.356194490192345,0.0,0.0,3.141592653589793,4.71238898038469,0.0,1.5707963267948966,3.141592653589793,1.5707963267948966,3.141592653589793
3.141592653589793,0.0,4.71238898038469,0.0,4.71238898038469,0.0,0.0,1.5707963267948966,3.141592653589793,0.0,3.141592653589793,3.141592653589793,4.71238898038469,0.0,3.141592653589793,0.0,0.0,2.356194490192345,4.71238898038469,0.0,1.5707963267948966,3.141592653589793,1.5707963267948966,3.141592653589793
3.141592653589793,0.0,4.71238898038469,0.0,4.71238898038469,0.0,0.0,1.5707963267948966,3.141592653589793,0.0,3.141592653589793,3.141592653589793,4.71238898038469,0.0,3.141592653589793,0.0,0.0,3.141592653589793,3.9269908169872414,0.0,1.5707963267948966,3.141592653589793,1.5707963267948966,3.141592653589793
3.141592653589793,0.0,4.71238898038469,0.0,4.71238898038469,0.0,0.0,1.5707963267948966,3.141592653589793,0.0,3.141592653589793,3.141592653589793,4.71238898038469,0.0,3.141592653589793,0.0,0.0,3.141592653589793,4.71238898038469,0.0,0.7853981633974483,3.141592653589793,1.5707963267948966,3.141592653589793
3.141592653589793,0.0,4.71238898038469,0.0,4.71238898038469,0.0,0.0,1.5707963267948966,3.141592653589793,0.0,3.141592653589793,3.141592653589793,4.71238898038469,0.0,3.141592653589793,0.0,0.0,3.141592653589793,4.71238898038469,0.0,1.5707963267948966,2.356194490192345,1.5707963267948966,3.141592653589793
3.141592653589793,0.0,4.71238898038469,0.0,4.71238898038469,0.0,0.0,1.5707963267948966,3.141592653589793,0.0,3.141592653589793,3.141592653589793,4.71238898038469,0.0,3.141592653589793,0.0,0.0,3.141592653589793,4.71238898038469,0.0,1.5707963267948966,3.141592653589793,0.7853981633974483,3.141592653589793
3.141592653589793,0.0,4.71238898038469,0.0,4.71238898038469,0.0,0.0,1.5707963267948966,3.141592653589793,0.0,3.141592653589793,3.141592653589793,4.71238898038469,0.0,3.141592653589793,0.0,0.0,3.141592653589793,4.71238898038469,0.0,1.5707963267948966,3.141592653589793,1.5707963267948966,2.356194490192345
3.5342917352885173,0.0,4.71238898038469,0.0,4.71238898038469,0.0,0.0,1.5707963267948966,3.141592653589793,0.0,3.141592653589793,3.141592653589793,4.71238898038469,0.0,3.141592653589793,0.0,0.0,3.141592653589793,4.71238898038469,0.0,1.5707963267948966,3.141592653589793,1.5707963267948966,3.141592653589793
3.141592653589793,0.39269908169872414,4.71238898038469,0.0,4.71238898038469,0.0,0.0,1.5707963267948966,3.141592653589793,0.0,3.141592653589793,3.141592653589793,4.71238898038469,0.0,3.141592653589793,0.0,0.0,3.141592653589793,4.71238898038469,0.0,1.5707963267948966,3.141592653589793,1.5707963267948966,3.141592653589793
3.141592653589793,0.0,5.105088062083414,0.0,4.71238898038469,0.0,0.0,1.5707963267948966,3.141592653589793,0.0,3.141592653589793,3.141592653589793,4.71238898038469,0.0,3.141592653589793,0.0,0.0,3.141592653589793,4.71238898038469,0.0,1.5707963267948966,3.141592653589793,1.5707963267948966,3.141592653589793
3.141592653589793,0.0,4.71238898038469,0.39269908169872414,4.71238898038469,0.0,0.0,1.5707963267948966,3.141592653589793,0.0,3.141592653589793,3.141592653589793,4.71238898038469,0.0,3.141592653589793,0.0,0.0,3.141592653589793,4.71238898038469,0.0,1.5707963267948966,3.141592653589793,1.5707963267948966,3.141592653589793
3.141592653589793,0.0,4.71238898038469,0.0,5.105088062083414,0.0,0.0,1.5707963267948966,3.141592653589793,0.0,3.141592653589793,3.141592653589793,4.71238898038469,0.0,3.141592653589793,0.0,0.0,3.141592653589793,4.71238898038469,0.0,1.5707963267948966,3.141592653589793,1.5707963267948966,3.141592653589793
3.141592653589793,0.0,4.71238898038469,0.0,4.71238898038469,0.39269908169872414,0.0,1.5707963267948966,3.141592653589793,0.0,3.141592653589793,3.141592653589793,4.71238898038469,0.0,3.141592653589793,0.0,0.0,3.141592653589793,4.71238898038469,0.0,1.5707963267948966,3.141592653589793,1.5707963267948966,3.141592653589793
3.141592653589793,0.0,4.71238898038469,0.0,4.71238898038469,0.0,0.39269908169872414,1.5707963267948966,3.141592653589793,0.0,3.141592653589793,3.141592653589793,4.71238898038469,0.0,3.141592653589793,0.0,0.0,3.141592653589793,4.71238898038469,0.0,1.5707963267948966,3.141592653589793,1.5707963267948966,3.141592653589793
3.141592653589793,0.0,4.71238898038469,0.0,4.71238898038469,0.0,0.0,1.9634954084936207,3.141592653589793,0.0,3.141592653589793,3.141592653589793,4.71238898038469,0.0,3.141592653589793,0.0,0.0,3.141592653589793,4.71238898038469,0.0,1.5707963267948966,3.141592653589793,1.5707963267948966,3.141592653589793
3.141592653589793,0.0,4.71238898038469,0.0,4.71238898038469,0.0,0.0,1.5707963267948966,3.5342917352885173,0.0,3.141592653589793,3.141592653589793,4.71238898038469,0.0,3.141592653589793,0.0,0.0,3.141592653589793,4.71238898038469,0.0,1.5707963267948966,3.141592653589793,1.5707963267948966,3.141592653589793
3.141592653589793,0.0,4.71238898038469,0.0,4.71238898038469,0.0,0.0,1.5707963267948966,3.141592653589793,0.39269908169872414,3.141592653589793,3.141592653589793,4.71238898038469,0.0,3.141592653589793,0.0,0.0,3.141592653589793,4.71238898038469,0.0,1.5707963267948966,3.141592653589793,1.5707963267948966,3.141592653589793
3.141592653589793,0.0,4.71238898038469,0.0,4.71238898038469,0.0,0.0,1.5707963267948966,3.141592653589793,0.0,3.5342917352885173,3.141592653589793,4.71238898038469,0.0,3.141592653589793,0.0,0.0,3.141592653589793,4.71238898038469,0.0,1.5707963267948966,3.141592653589793,1.5707963267948966,3.141592653589793
3.141592653589793,0.0,4.71238898038469,0.0,4.71238898038469,0.0,0.0,1.5707963267948966,3.141592653589793,0.0,3.141592653589793,3.5342917352885173,4.71238898038469,0.0,3.141592653589793,0.0,0.0,3.141592653589793,4.71238898038469,0.0,1.5707963267948966,3.141592653589793,1.5707963267948966,3.141592653589793
3.141592653589793,0.0,4.71238898038469,0.0,4.71238898038469,0.0,0.0,1.5707963267948966,3.141592653589793,0.0,3.141592653589793,3.141592653589793,5.105088062083414,0.0,3.141592653589793,0.0,0.0,3.141592653589793,4.71238898038469,0.0,1.5707963267948966,3.141592653589793,1.5707963267948966,3.141592653589793
3.141592653589793,0.0,4.71238898038469,0.0,4.71238898038469,0.0,0.0,1.5707963267948966,3.141592653589793,0.0,3.141592653589793,3.141592653589793,4.71238898038469,0.39269908169872414,3.141592653589793,0.0,0.0,3.141592653589793,4.71238898038469,0.0,1.5707963267948966,3.141592653589793,1.5707963267948966,3.141592653589793
3.141592653589793,0.0,4.71238898038469,0.0,4.71238898038469,0.0,0.0,1.5707963267948966,3.141592653589793,0.0,3.141592653589793,3.141592653589793,4.71238898038469,0.0,3.5342917352885173,0.0,0.0,3.141592653589793,4.71238898038469,0.0,1.5707963267948966,3.141592653589793,1.5707963267948966,3.141592653589793
3.141592653589793,0.0,4.71238898038469,0.0,4.71238898038469,0.0,0.0,1.5707963267948966,3.141592653589793,0.0,3.141592653589793,3.141592653589793,4.71238898038469,0.0,3.141592653589793,0.39269908169872414,0.0,3.141592653589793,4.71238898038469,0.0,1.5707963267948966,3.141592653589793,1.5707963267948966,3.141592653589793
3.141592653589793,0.0,4.71238898038469,0.0,4.71238898038469,0.0,0.0,1.5707963267948966,3.141592653589793,0.0,3.141592653589793,3.141592653589793,4.71238898038469,0.0,3.141592653589793,0.0,0.39269908169872414,3.141592653589793,4.71238898038469,0.0,1.5707963267948966,3.141592653589793,1.5707963267948966,3.141592653589793
3.141592653589793,0.0,4.71238898038469,0.0,4.71238898038469,0.0,0.0,1.5707963267948966,3.141592653589793,0.0,3.141592653589793,3.141592653589793,4.71238898038469,0.0,3.141592653589793,0.0,0.0,3.5342917352885173,4.71238898038469,0.0,1.5707963267948966,3.141592653589793,1.5707963267948966,3.141592653589793
3.141592653589793,0.0,4.71238898038469,0.0,4.71238898038469,0.0,0.0,1.5707963267948966,3.141592653589793,0.0,3.141592653589793,3.141592653589793,4.71238898038469,0.0,3.141592653589793,0.0,0.0,3.141592653589793,5.105088062083414,0.0,1.5707963267948966,3.141592653589793,1.5707963267948966,3.141592653589793
3.141592653589793,0.0,4.71238898038469,0.0,4.71238898038469,0.0,0.0,1.5707963267948966,3.141592653589793,0.0,3.141592653589793,3.141592653589793,4.71238898038469,0.0,3.141592653589793,0.0,0.0,3.141592653589793,4.71238898038469,0.39269908169872414,1.5707963267948966,3.141592653589793,1.5707963267948966,3.141592653589793
3.141592653589793,0.0,4.71238898038469,0.0,4.71238898038469,0.0,0.0,1.5707963267948966,3.141592653589793,0.0,3.141592653589793,3.141592653589793,4.71238898038469,0.0,3.141592653589793,0.0,0.0,3.141592653589793,4.71238898038469,0.0,1.9634954084936207,3.141592653589793,1.5707963267948966,3.141592653589793
3.141592653589793,0.0,4.71238898038469,0.0,4.71238898038469,0.0,0.0,1.5707963267948966,3.141592653589793,0.0,3.141592653589793,3.141592653589793,4.71238898038469,0.0,3.141592653589793,0.0,0.0,3.141592653589793,4.71238898038469,0.0,1.5707963267948966,3.5342917352885173,1.5707963267948966,3.141592653589793
3.141592653589793,0.0,4.71238898038469,0.0,4.71238898038469,0.0,0.0,1.5707963267948966,3.141592653589793,0.0,3.141592653589793,3.141592653589793,4.71238898038469,0.0,3.141592653589793,0.0,0.0,3.141592653589793,4.71238898038469,0.0,1.5707963267948966,3.141592653589793,1.9634954084936207,3.141592653589793
3.141592653589793,0.0,4.71238898038469,0.0,4.71238898038469,0.0,0.0,1.5707963267948966,3.141592653589793,0.0,3.141592653589793,3.141592653589793,4.71238898038469,0.0,3.141592653589793,0.0,0.0,3.141592653589793,4.71238898038469,0.0,1.5707963267948966,3.141592653589793,1.5707963267948966,3.5342917352885173
2.748893571891069,0.0,4.71238898038469,0.0,4.71238898038469,0.0,0.0,1.5707963267948966,3.141592653589793,0.0,3.141592653589793,3.141592653589793,4.71238898038469,0.0,3.141592653589793,0.0,0.0,3.141592653589793,4.71238898038469,0.0,1.5707963267948966,3.141592653589793,1.5707963267948966,3.141592653589793
3.141592653589793,0.0,4.319689898685965,0.0,4.71238898038469,0.0,0.0,1.5707963267948966,3.141592653589793,0.0,3.141592653589793,3.141592653589793,4.71238898038469,0.0,3.141592653589793,0.0,0.0,3.141592653589793,4.71238898038469,0.0,1.5707963267948966,3.141592653589793,1.5707963267948966,3.141592653589793
3.141592653589793,0.0,4.71238898038469,0.0,4.319689898685965,0.0,0.0,1.5707963267948966,3.141592653589793,0.0,3.141592653589793,3.141592653589793,4.71238898038469,0.0,3.141592653589793,0.0,0.0,3.141592653589793,4.71238898038469,0.0,1.5707963267948966,3.141592653589793,1.5707963267948966,3.141592653589793
3.141592653589793,0.0,4.71238898038469,0.0,4.71238898038469,0.0,0.0,1.1780972450961724,3.141592653589793,0.0,3.141592653589793,3.141592653589793,4.71238898038469,0.0,3.141592653589793,0.0,0.0,3.141592653589793,4.71238898038469,0.0,1.5707963267948966,3.141592653589793,1.5707963267948966,3.141592653589793
3.141592653589793,0.0,4.71238898038469,0.0,4.71238898038469,0.0,0.0,1.5707963267948966,2.748893571891069,0.0,3.141592653589793,3.141592653589793,4.71238898038469,0.0,3.141592653589793,0.0,0.0,3.141592653589793,4.71238898038469,0.0,1.5707963267948966,3.141592653589793,1.5707963267948966,3.141592653589793
3.141592653589793,0.0,4.71238898038469,0.0,4.71238898038469,0.0,0.0,1.5707963267948966,3.141592653589793,0.0,2.748893571891069,3.141592653589793,4.71238898038469,0.0,3.141592653589793,0.0,0.0,3.141592653589793,4.71238898038469,0.0,1.5707963267948966,3.141592653589793,1.5707963267948966,3.141592653589793
3.141592653589793,0.0,4.71238898038469,0.0,4.71238898038469,0.0,0.0,1.5707963267948966,3.141592653589793,0.0,3.141592653589793,2.748893571891069,4.71238898038469,0.0,3.141592653589793,0.0,0.0,3.141592653589793,4.71238898038469,0.0,1.5707963267948966,3.141592653589793,1.5707963267948966,3.141592653589793
3.141592653589793,0.0,4.71238898038469,0.0,4.71238898038469,0.0,0.0,1.5707963267948966,3.141592653589793,0.0,3.141592653589793,3.141592653589793,4.319689898685965,0.0,3.141592653589793,0.0,0.0,3.141592653589793,4.71238898038469,0.0,1.5707963267948966,3.141592653589793,1.5707963267948966,3.141592653589793
3.141592653589793,0.0,4.71238898038469,0.0,4.71238898038469,0.0,0.0,1.5707963267948966,3.141592653589793,0.0,3.141592653589793,3.141592653589793,4.71238898038469,0.0,2.748893571891069,0.0,0.0,3.141592653589793,4.71238898038469,0.0,1.5707963267948966,3.141592653589793,1.5707963267948966,3.141592653589793
3.141592653589793,0.0,4.71238898038469,0.0,4.71238898038469,0.0,0.0,1.5707963267948966,3.141592653589793,0.0,3.141592653589793,3.141592653589793,4.71238898038469,0.0,3.141592653589793,0.0,0.0,2.748893571891069,4.71238898038469,0.0,1.5707963267948966,3.141592653589793,1.5707963267948966,3.141592653589793
3.141592653589793,0.0,4.71238898038469,0.0,4.71238898038469,0.0,0.0,1.5707963267948966,3.141592653589793,0.0,3.141592653589793,3.141592653589793,4.71238898038469,0.0,3.141592653589793,0.0,0.0,3.141592653589793,4.319689898685965,0.0,1.5707963267948966,3.141592653589793,1.5707963267948966,3.141592653589793
3.141592653589793,0.0,4.71238898038469,0.0,4.71238898038469,0.0,0.0,1.5707963267948966,3.141592653589793,0.0,3.141592653589793,3.141592653589793,4.71238898038469,0.0,3.141592653589793,0.0,0.0,3.141592653589793,4.71238898038469,0.0,1.1780972450961724,3.141592653589793,1.5707963267948966,3.141592653589793
3.141592653589793,0.0,4.71238898038469,0.0,4.71238898038469,0.0,0.0,1.5707963267948966,3.141592653589793,0.0,3.141592653589793,3.141592653589793,4.71238898038469,0.0,3.141592653589793,0.0,0.0,3.141592653589793,4.71238898038469,0.0,1.5707963267948966,2.748893571891069,1.5707963267948966,3.141592653589793
3.141592653589793,0.0,4.71238898038469,0.0,4.71238898038469,0.0,0.0,1.5707963267948966,3.141592653589793,0.0,3.141592653589793,3.141592653589793,4.71238898038469,0.0,3.141592653589793,0.0,0.0,3.141592653589793,4.71238898038469,0.0,1.5707963267948966,3.141592653589793,1.1780972450961724,3.141592653589793
3.141592653589793,0.0,4.71238898038469,0.0,4.71238898038469,0.0,0.0,1.5707963267948966,3.141592653589793,0.0,3.141592653589793,3.141592653589793,4.71238898038469,0.0,3.141592653589793,0.0,0.0,3.141592653589793,4.71238898038469,0.0,1.5707963267948966,3.141592653589793,1.5707963267948966,2.748893571891069
3.2171634813111134,0.0,4.740362765894799,0.0,4.921033503933458,0.0,0.0,1.4532153287594864,3.2001971997688408,0.0,3.0732371542419403,3.246165614351401,4.665242251830891,0.0,3.2159924202989782,0.0,0.0,3.3068675693450946,4.8926768043539095,0.0,1.3857121268862902,3.1823176495711856,1.6588654210400788,3.1543173830661217
3.1793780674504526,0.0,4.7263758731397445,0.0,4.816711242159074,0.0,0.0,1.5120058277771913,3.1708949266793165,0.0,3.107414903915867,3.1938791339705976,4.6888156161077905,0.0,3.1787925369443855,0.0,0.0,3.224230111467444,4.8025328923693,0.0,1.4782542268405934,3.16195515158049,1.6148308739174875,3.147955018327957
3.160485360520123,0.0,4.719382426762217,0.0,4.764550111271882,0.0,0.0,1.541401077286044,3.1562437901345555,0.0,3.12450377875283,3.167735893780195,4.70060229824624,0.0,3.1601925952670893,0.0,0.0,3.182911382528619,4.757460936376995,0.0,1.524525276817745,3.1517739025851412,1.5928136003561921,3.1447738359588753
3.1510390070549583,0.0,4.715885703573454,0.0,4.738469545828286,0.0,0.0,1.5560987020404704,3.1489182218621736,0.0,3.1330482161713116,3.154664273684994,4.706495639315465,0.0,3.150892624428441,0.0,0.0,3.1622520180592057,4.734924958380843,0.0,1.5476608018063207,3.1466832780874667,1.5818049635755445,3.1431832447743338
3.5342917352885173,0.0,4.71238898038469,0.0,4.71238898038469,0.0,0.0,1.5707963267948966,3.141592653589793,0.0,3.141592653589793,3.141592653589793,4.71238898038469,0.0,3.141592653589793,0.0,0.0,3.141592653589793,4.71238898038469,0.0,1.5707963267948966,3.141592653589793,1.5707963267948966,3.141592653589793
3.141592653589793,0.39269908169872414,4.71238898038469,0.0,4.71238898038469,0.0,0.0,1.5707963267948966,3.141592653589793,0.0,3.141592653589793,3.141592653589793,4.71238898038469,0.0,3.141592653589793,0.0,0.0,3.141592653589793,4.71238898038469,0.0,1.5707963267948966,3.141592653589793,1.5707963267948966,3.141592653589793
3.141592653589793,0.0,5.105088062083414,0.0,4.71238898038469,0.0,0.0,1.5707963267948966,3.141592653589793,0.0,3.141592653589793,3.141592653589793,4.71238898038469,0.0,3.141592653589793,0.0,0.0,3.141592653589793,4.71238898038469,0.0,1.5707963267948966,3.141592653589793,1.5707963267948966,3.141592653589793
3.141592653589793,0.0,4.71238898038469,0.39269908169872414,4.71238898038469,0.0,0.0,1.5707963267948966,3.141592653589793,0.0,3.141592653589793,3.141592653589793,4.71238898038469,0.0,3.141592653589793,0.0,0.0,3.141592653589793,4.71238898038469,0.0,1.5707963267948966,3.141592653589793,1.5707963267948966,3.141592653589793
3.141592653589793,0.0,4.71238898038469,0.0,5.105088062083414,0.0,0.0,1.5707963267948966,3.141592653589793,0.0,3.141592653589793,3.141592653589793,4.71238898038469,0.0,3.141592653589793,0.0,0.0,3.141592653589793,4.71238898038469,0.0,1.5707963267948966,3.141592653589793,1.5707963267948966,3.141592653589793
3.141592653589793,0.0,4.71238898038469,0.0,4.71238898038469,0.39269908169872414,0.0,1.5707963267948966,3.141592653589793,0.0,3.141592653589793,3.141592653589793,4.71238898038469,0.0,3.141592653589793,0.0,0.0,3.141592653589793,4.71238898038469,0.0,1.5707963267948966,3.141592653589793,1.5707963267948966,3.141592653589793
3.141592653589793,0.0,4.71238898038469,0.0,4.71238898038469,0.0,0.39269908169872414,1.5707963267948966,3.141592653589793,0.0,3.141592653589793,3.141592653589793,4.71238898038469,0.0,3.141592653589793,0.0,0.0,3.141592653589793,4.71238898038469,0.0,1.5707963267948966,3.141592653589793,1.5707963267948966,3.141592653589793
3.141592653589793,0.0,4.71238898038469,0.0,4.71238898038469,0.0,0.0,1.9634954084936207,3.141592653589793,0.0,3.141592653589793,3.141592653589793,4.71238898038469,0.0,3.141592653589793,0.0,0.0,3.141592653589793,4.71238898038469,0.0,1.5707963267948966,3.141592653589793,1.5707963267948966,3.141592653589793
3.141592653589793,0.0,4.71238898038469,0.0,4.71238898038469,0.0,0.0,1.5707963267948966,3.5342917352885173,0.0,3.141592653589793,3.141592653589793,4.71238898038469,0.0,3.141592653589793,0.0,0.0,3.141592653589793,4.71238898038469,0.0,1.5707963267948966,3.141592653589793,1.5707963267948966,3.141592653589793
3.141592653589793,0.0,4.71238898038469,0.0,4.71238898038469,0.0,0.0,1.5707963267948966,3.141592653589793,0.39269908169872414,3.141592653589793,3.141592653589793,4.71238898038469,0.0,3.141592653589793,0.0,0.0,3.141592653589793,4.71238898038469,0.0,1.5707963267948966,3.141592653589793,1.5707963267948966,3.141592653589793
3.141592653589793,0.0,4.71238898038469,0.0,4.71238898038469,0.0,0.0,1.5707963267948966,3.141592653589793,0.0,3.5342917352885173,3.141592653589793,4.71238898038469,0.0,3.141592653589793,0.0,0.0,3.141592653589793,4.71238898038469,0.0,1.5707963267948966,3.141592653589793,1.5707963267948966,3.141592653589793
3.141592653589793,0.0,4.71238898038469,0.0,4.71238898038469,0.0,0.0,1.5707963267948966,3.141592653589793,0.0,3.141592653589793,3.5342917352885173,4.71238898038469,0.0,3.141592653589793,0.0,0.0,3.141592653589793,4.71238898038469,0.0,1.5707963267948966,3.141592653589793,1.5707963267948966,3.141592653589793
3.141592653589793,0.0,4.71238898038469,0.0,4.71238898038469,0.0,0.0,1.5707963267948966,3.141592653589793,0.0,3.141592653589793,3.141592653589793,5.105088062083414,0.0,3.141592653589793,0.0,0.0,3.141592653589793,4.71238898038469,0.0,1.5707963267948966,3.141592653589793,1.5707963267948966,3.141592653589793
3.141592653589793,0.0,4.71238898038469,0.0,4.71238898038469,0.0,0.0,1.5707963267948966,3.141592653589793,0.0,3.141592653589793,3.141592653589793,4.71238898038469,0.39269908169872414,3.141592653589793,0.0,0.0,3.141592653589793,4.71238898038469,0.0,1.5707963267948966,3.141592653589793,1.5707963267948966,3.141592653589793
3.141592653589793,0.0,4.71238898038469,0.0,4.71238898038469,0.0,0.0,1.5707963267948966,3.141592653589793,0.0,3.141592653589793,3.141592653589793,4.71238898038469,0.0,3.5342917352885173,0.0,0.0,3.141592653589793,4.71238898038469,0.0,1.5707963267948966,3.141592653589793,1.5707963267948966,3.141592653589793
3.141592653589793,0.0,4.71238898038469,0.0,4.71238898038469,0.0,0.0,1.5707963267948966,3.141592653589793,0.0,3.141592653589793,3.141592653589793,4.71238898038469,0.0,3.141592653589793,0.39269908169872414,0.0,3.141592653589793,4.71238898038469,0.0,1.5707963267948966,3.141592653589793,1.5707963267948966,3.141592653589793
3.141592653589793,0.0,4.71238898038469,0.0,4.71238898038469,0.0,0.0,1.5707963267948966,3.141592653589793,0.0,3.141592653589793,3.141592653589793,4.71238898038469,0.0,3.141592653589793,0.0,0.39269908169872414,3.141592653589793,4.71238898038469,0.0,1.5707963267948966,3.141592653589793,1.5707963267948966,3.141592653589793
3.141592653589793,0.0,4.71238898038469,0.0,4.71238898038469,0.0,0.0,1.5707963267948966,3.141592653589793,0.0,3.141592653589793,3.141592653589793,4.71238898038469,0.0,3.141592653589793,0.0,0.0,3.5342917352885173,4.71238898038469,0.0,1.5707963267948966,3.141592653589793,1.5707963267948966,3.141592653589793
3.141592653589793,0.0,4.71238898038469,0.0,4.71238898038469,0.0,0.0,1.5707963267948966,3.141592653589793,0.0,3.141592653589793,3.141592653589793,4.71238898038469,0.0,3.141592653589793,0.0,0.0,3.141592653589793,5.105088062083414,0.0,1.5707963267948966,3.141592653589793,1.5707963267948966,3.141592653589793
3.141592653589793,0.0,4.71238898038469,0.0,4.71238898038469,0.0,0.0,1.5707963267948966,3.141592653589793,0.0,3.141592653589793,3.141592653589793,4.71238898038469,0.0,3.141592653589793,0.0,0.0,3.141592653589793,4.71238898038469,0.39269908169872414,1.5707963267948966,3.141592653589793,1.5707963267948966,3.141592653589793
3.141592653589793,0.0,4.71238898038469,0.0,4.71238898038469,0.0,0.0,1.5707963267948966,3.141592653589793,0.0,3.141592653589793,3.141592653589793,4.71238898038469,0.0,3.141592653589793,0.0,0.0,3.141592653589793,4.71238898038469,0.0,1.9634954084936207,3.141592653589793,1.5707963267948966,3.141592653589793
3.141592653589793,0.0,4.71238898038469,0.0,4.71238898038469,0.0,0.0,1.5707963267948966,3.141592653589793,0.0,3.141592653589793,3.141592653589793,4.71238898038469,0.0,3.141592653589793,0.0,0.0,3.141592653589793,4.71238898038469,0.0,1.5707963267948966,3.5342917352885173,1.5707963267948966,3.141592653589793
3.141592653589793,0.0,4.71238898038469,0.0,4.71238898038469,0.0,0.0,1.5707963267948966,3.141592653589793,0.0,3.141592653589793,3.141592653589793,4.71238898038469,0.0,3.141592653589793,0.0,0.0,3.141592653589793,4.71238898038469,0.0,1.5707963267948966,3.141592653589793,1.9634954084936207,3.141592653589793
3.141592653589793,0.0,4.71238898038469,0.0,4.71238898038469,0.0,0.0,1.5707963267948966,3.141592653589793,0.0,3.141592653589793,3.141592653589793,4.71238898038469,0.0,3.141592653589793,0.0,0.0,3.141592653589793,4.71238898038469,0.0,1.5707963267948966,3.141592653589793,1.5707963267948966,3.5342917352885173
2.748893571891069,0.0,4.71238898038469,0.0,4.71238898038469,0.0,0.0,1.5707963267948966,3.141592653589793,0.0,3.141592653589793,3.141592653589793,4.71238898038469,0.0,3.141592653589793,0.0,0.0,3.141592653589793,4.71238898038469,0.0,1.5707963267948966,3.141592653589793,1.5707963267948966,3.141592653589793
3.141592653589793,0.0,4.319689898685965,0.0,4.71238898038469,0.0,0.0,1.5707963267948966,3.141592653589793,0.0,3.141592653589793,3.141592653589793,4.71238898038469,0.0,3.141592653589793,0.0,0.0,3.141592653589793,4.71238898038469,0.0,1.5707963267948966,3.141592653589793,1.5707963267948966,3.141592653589793
3.141592653589793,0.0,4.71238898038469,0.0,4.319689898685965,0.0,0.0,1.5707963267948966,3.141592653589793,0.0,3.141592653589793,3.141592653589793,4.71238898038469,0.0,3.141592653589793,0.0,0.0,3.141592653589793,4.71238898038469,0.0,1.5707963267948966,3.141592653589793,1.5707963267948966,3.141592653589793
3.141592653589793,0.0,4.71238898038469,0.0,4.71238898038469,0.0,0.0,1.1780972450961724,3.141592653589793,0.0,3.141592653589793,3.141592653589793,4.71238898038469,0.0,3.141592653589793,0.0,0.0,3.141592653589793,4.71238898038469,0.0,1.5707963267948966,3.141592653589793,1.5707963267948966,3.141592653589793
3.141592653589793,0.0,4.71238898038469,0.0,4.71238898038469,0.0,0.0,1.5707963267948966,2.748893571891069,0.0,3.141592653589793,3.141592653589793,4.71238898038469,0.0,3.141592653589793,0.0,0.0,3.141592653589793,4.71238898038469,0.0,1.5707963267948966,3.141592653589793,1.5707963267948966,3.141592653589793
3.141592653589793,0.0,4.71238898038469,0.0,4.71238898038469,0.0,0.0,1.5707963267948966,3.141592653589793,0.0,2.748893571891069,3.141592653589793,4.71238898038469,0.0,3.141592653589793,0.0,0.0,3.141592653589793,4.71238898038469,0.0,1.5707963267948966,3.141592653589793,1.5707963267948966,3.141592653589793
3.141592653589793,0.0,4.71238898038469,0.0,4.71238898038469,0.0,0.0,1.5707963267948966,3.141592653589793,0.0,3.141592653589793,2.748893571891069,4.71238898038469,0.0,3.141592653589793,0.0,0.0,3.141592653589793,4.71238898038469,0.0,1.5707963267948966,3.141592653589793,1.5707963267948966,3.141592653589793
3.141592653589793,0.0,4.71238898038469,0.0,4.71238898038469,0.0,0.0,1.5707963267948966,3.141592653589793,0.0,3.141592653589793,3.141592653589793,4.319689898685965,0.0,3.141592653589793,0.0,0.0,3.141592653589793,4.71238898038469,0.0,1.5707963267948966,3.141592653589793,1.5707963267948966,3.141592653589793
3.141592653589793,0.0,4.71238898038469,0.0,4.71238898038469,0.0,0.0,1.5707963267948966,3.141592653589793,0.0,3.141592653589793,3.141592653589793,4.71238898038469,0.0,2.748893571891069,0.0,0.0,3.141592653589793,4.71238898038469,0.0,1.5707963267948966,3.141592653589793,1.5707963267948966,3.141592653589793
3.141592653589793,0.0,4.71238898038469,0.0,4.71238898038469,0.0,0.0,1.5707963267948966,3.141592653589793,0.0,3.141592653589793,3.141592653589793,4.71238898038469,0.0,3.141592653589793,0.0,0.0,2.748893571891069,4.71238898038469,0.0,1.5707963267948966,3.141592653589793,1.5707963267948966,3.141592653589793
3.141592653589793,0.0,4.71238898038469,0.0,4.71238898038469,0.0,0.0,1.5707963267948966,3.141592653589793,0.0,3.141592653589793,3.141592653589793,4.71238898038469,0.0,3.141592653589793,0.0,0.0,3.141592653589793,4.319689898685965,0.0,1.5707963267948966,3.141592653589793,1.5707963267948966,3.141592653589793
3.141592653589793,0.0,4.71238898038469,0.0,4.71238898038469,0.0,0.0,1.5707963267948966,3.141592653589793,0.0,3.141592653589793,3.141592653589793,4.71238898038469,0.0,3.141592653589793,0.0,0.0,3.141592653589793,4.71238898038469,0.0,1.1780972450961724,3.141592653589793,1.5707963267948966,3.141592653589793
3.141592653589793,0.0,4.71238898038469,0.0,4.71238898038469,0.0,0.0,1.5707963267948966,3.141592653589793,0.0,3.141592653589793,3.141592653589793,4.71238898038469,0.0,3.141592653589793,0.0,0.0,3.141592653589793,4.71238898038469,0.0,1.5707963267948966,2.748893571891069,1.5707963267948966,3.141592653589793
3.141592653589793,0.0,4.71238898038469,0.0,4.71238898038469,0.0,0.0,1.5707963267948966,3.141592653589793,0.0,3.141592653589793,3.141592653589793,4.71238898038469,0.0,3.141592653589793,0.0,0.0,3.141592653589793,4.71238898038469,0.0,1.5707963267948966,3.141592653589793,1.1780972450961724,3.141592653589793
3.141592653589793,0.0,4.71238898038469,0.0,4.71238898038469,0.0,0.0,1.5707963267948966,3.141592653589793,0.0,3.141592653589793,3.141592653589793,4.71238898038469,0.0,3.141592653589793,0.0,0.0,3.141592653589793,4.71238898038469,0.0,1.5707963267948966,3.141592653589793,1.5707963267948966,2.748893571891069
3.3379421944391554,0.0,4.71238898038469,0.0,5.105088062083414,0.0,0.0,1.5707963267948966,3.141592653589793,0.0,3.141592653589793,3.141592653589793,4.71238898038469,0.0,3.141592653589793,0.0,0.0,3.141592653589793,4.71238898038469,0.0,1.5707963267948966,3.141592653589793,1.5707963267948966,3.141592653589793
3.141592653589793,0.19634954084936207,4.71238898038469,0.0,5.105088062083414,0.0,0.0,1.5707963267948966,3.141592653589793,0.0,3.141592653589793,3.141592653589793,4.71238898038469,0.0,3.141592653589793,0.0,0.0,3.141592653589793,4.71238898038469,0.0,1.5707963267948966,3.141592653589793,1.5707963267948966,3.141592653589793
3.141592653589793,0.0,4.908738521234052,0.0,5.105088062083414,0.0,0.0,1.5707963267948966,3.141592653589793,0.0,3.141592653589793,3.141592653589793,4.71238898038469,0.0,3.141592653589793,0.0,0.0,3.141592653589793,4.71238898038469,0.0,1.5707963267948966,3.141592653589793,1.5707963267948966,3.141592653589793
3.141592653589793,0.0,4.71238898038469,0.19634954084936207,5.105088062083414,0.0,0.0,1.5707963267948966,3.141592653589793,0.0,3.141592653589793,3.141592653589793,4.71238898038469,0.0,3.141592653589793,0.0,0.0,3.141592653589793,4.71238898038469,0.0,1.5707963267948966,3.141592653589793,1.5707963267948966,3.141592653589793
3.141592653589793,0.0,4.71238898038469,0.0,5.301437602932776,0.0,0.0,1.5707963267948966,3.141592653589793,0.0,3.141592653589793,3.141592653589793,4.71238898038469,0.0,3.141592653589793,0.0,0.0,3.141592653589793,4.71238898038469,0.0,1.5707963267948966,3.141592653589793,1.5707963267948966,3.141592653589793
3.141592653589793,0.0,4.71238898038469,0.0,5.105088062083414,0.19634954084936207,0.0,1.5707963267948966,3.141592653589793,0.0,3.141592653589793,3.141592653589793,4.71238898038469,0.0,3.141592653589793,0.0,0.0,3.141592653589793,4.71238898038469,0.0,1.5707963267948966,3.141592653589793,1.5707963267948966,3.141592653589793
3.141592653589793,0.0,4.71238898038469,0.0,5.105088062083414,0.0,0.19634954084936207,1.5707963267948966,3.141592653589793,0.0,3.141592653589793,3.141592653589793,4.71238898038469,0.0,3.141592653589793,0.0,0.0,3.141592653589793,4.71238898038469,0.0,1.5707963267948966,3.141592653589793,1.5707963267948966,3.141592653589793
3.141592653589793,0.0,4.71238898038469,0.0,5.105088062083414,0.0,0.0,1.7671458676442586,3.141592653589793,0.0,3.141592653589793,3.141592653589793,4.71238898038469,0.0,3.141592653589793,0.0,0.0,3.141592653589793,4.71238898038469,0.0,1.5707963267948966,3.141592653589793,1.5707963267948966,3.141592653589793
3.141592653589793,0.0,4.71238898038469,0.0,5.105088062083414,0.0,0.0,1.5707963267948966,3.3379421944391554,0.0,3.141592653589793,3.141592653589793,4.71238898038469,0.0,3.141592653589793,0.0,0.0,3.141592653589793,4.71238898038469,0.0,1.5707963267948966,3.141592653589793,1.5707963267948966,3.141592653589793
3.141592653589793,0.0,4.71238898038469,0.0,5.105088062083414,0.0,0.0,1.5707963267948966,3.141592653589793,0.19634954084936207,3.141592653589793,3.141592653589793,4.71238898038469,0.0,3.141592653589793,0.0,0.0,3.141592653589793,4.71238898038469,0.0,1.5707963267948966,3.141592653589793,1.5707963267948966,3.141592653589793
3.141592653589793,0.0,4.71238898038469,0.0,5.105088062083414,0.0,0.0,1.5707963267948966,3.141592653589793,0.0,3.3379421944391554,3.141592653589793,4.71238898038469,0.0,3.141592653589793,0.0,0.0,3.141592653589793,4.71238898038469,0.0,1.5707963267948966,3.141592653589793,1.5707963267948966,3.141592653589793
3.141592653589793,0.0,4.71238898038469,0.0,5.105088062083414,0.0,0.0,1.5707963267948966,3.141592653589793,0.0,3.141592653589793,3.3379421944391554,4.71238898038469,0.0,3.141592653589793,0.0,0.0,3.141592653589793,4.71238898038469,0.0,1.5707963267948966,3.141592653589793,1.5707963267948966,3.141592653589793
3.141592653589793,0.0,4.71238898038469,0.0,5.105088062083414,0.0,0.0,1.5707963267948966,3.141592653589793,0.0,3.141592653589793,3.141592653589793,4.908738521234052,0.0,3.141592653589793,0.0,0.0,3.141592653589793,4.71238898038469,0.0,1.5707963267948966,3.141592653589793,1.5707963267948966,3.141592653589793
3.141592653589793,0.0,4.71238898038469,0.0,5.105088062083414,0.0,0.0,1.5707963267948966,3.141592653589793,0.0,3.141592653589793,3.141592653589793,4.71238898038469,0.19634954084936207,3.141592653589793,0.0,0.0,3.141592653589793,4.71238898038469,0.0,1.5707963267948966,3.141592653589793,1.5707963267948966,3.141592653589793
3.141592653589793,0.0,4.71238898038469,0.0,5.105088062083414,0.0,0.0,1.5707963267948966,3.141592653589793,0.0,3.141592653589793,3.141592653589793,4.71238898038469,0.0,3.3379421944391554,0.0,0.0,3.141592653589793,4.71238898038469,0.0,1.5707963267948966,3.141592653589793,1.5707963267948966,3.141592653589793
3.141592653589793,0.0,4.71238898038469,0.0,5.105088062083414,0.0,0.0,1.5707963267948966,3.141592653589793,0.0,3.141592653589793,3.141592653589793,4.71238898038469,0.0,3.141592653589793,0.19634954084936207,0.0,3.141592653589793,4.71238898038469,0.0,1.5707963267948966,3.141592653589793,1.5707963267948966,3.141592653589793
3.141592653589793,0.0,4.71238898038469,0.0,5.105088062083414,0.0,0.0,1.5707963267948966,3.141592653589793,0.0,3.141592653589793,3.141592653589793,4.71238898038469,0.0,3.141592653589793,0.0,0.19634954084936207,3.141592653589793,4.71238898038469,0.0,1.5707963267948966,3.141592653589793,1.5707963267948966,3.141592653589793
3.141592653589793,0.0,4.71238898038469,0.0,5.105088062083414,0.0,0.0,1.5707963267948966,3.141592653589793,0.0,3.141592653589793,3.141592653589793,4.71238898038469,0.0,3.141592653589793,0.0,0.0,3.3379421944391554,4.71238898038469,0.0,1.5707963267948966,3.141592653589793,1.5707963267948966,3.141592653589793
3.141592653589793,0.0,4.71238898038469,0.0,5.105088062083414,0.0,0.0,1.5707963267948966,3.141592653589793,0.0,3.141592653589793,3.141592653589793,4.71238898038469,0.0,3.141592653589793,0.0,0.0,3.141592653589793,4.908738521234052,0.0,1.5707963267948966,3.141592653589793,1.5707963267948966,3.141592653589793
3.141592653589793,0.0,4.71238898038469,0.0,5.105088062083414,0.0,0.0,1.5707963267948966,3.141592653589793,0.0,3.141592653589793,3.141592653589793,4.71238898038469,0.0,3.141592653589793,0.0,0.0,3.141592653589793,4.71238898038469,0.19634954084936207,1.5707963267948966,3.141592653589793,1.5707963267948966,3.141592653589793
3.141592653589793,0.0,4.71238898038469,0.0,5.105088062083414,0.0,0.0,1.5707963267948966,3.141592653589793,0.0,3.141592653589793,3.141592653589793,4.71238898038469,0.0,3.141592653589793,0.0,0.0,3.141592653589793,4.71238898038469,0.0,1.7671458676442586,3.141592653589793,1.5707963267948966,3.141592653589793
3.141592653589793,0.0,4.71238898038469,0.0,5.105088062083414,0.0,0.0,1.5707963267948966,3.141592653589793,0.0,3.141592653589793,3.141592653589793,4.71238898038469,0.0,3.141592653589793,0.0,0.0,3.141592653589793,4.71238898038469,0.0,1.5707963267948966,3.3379421944391554,1.5707963267948966,3.141592653589793
3.141592653589793,0.0,4.71238898038469,0.0,5.105088062083414,0.0,0.0,1.5707963267948966,3.141592653589793,0.0,3.141592653589793,3.141592653589793,4.71238898038469,0.0,3.141592653589793,0.0,0.0,3.141592653589793,4.71238898038469,0.0,1.5707963267948966,3.141592653589793,1.7671458676442586,3.141592653589793
3.141592653589793,0.0,4.71238898038469,0.0,5.105088062083414,0.0,0.0,1.5707963267948966,3.141592653589793,0.0,3.141592653589793,3.141592653589793,4.71238898038469,0.0,3.141592653589793,0.0,0.0,3.141592653589793,4.71238898038469,0.0,1.5707963267948966,3.141592653589793,1.5707963267948966,3.3379421944391554
2.945243112740431,0.0,4.71238898038469,0.0,5.105088062083414,0.0,0.0,1.5707963267948966,3.141592653589793,0.0,3.141592653589793,3.141592653589793,4.71238898038469,0.0,3.141592653589793,0.0,0.0,3.141592653589793,4.71238898038469,0.0,1.5707963267948966,3.141592653589793,1.5707963267948966,3.141592653589793
3.141592653589793,0.0,4.516039439535327,0.0,5.105088062083414,0.0,0.0,1.5707963267948966,3.141592653589793,0.0,3.141592653589793,3.141592653589793,4.71238898038469,0.0,3.141592653589793,0.0,0.0,3.141592653589793,4.71238898038469,0.0,1.5707963267948966,3.141592653589793,1.5707963267948966,3.141592653589793
3.141592653589793,0.0,4.71238898038469,0.0,4.908738521234052,0.0,0.0,1.5707963267948966,3.141592653589793,0.0,3.141592653589793,3.141592653589793,4.71238898038469,0.0,3.141592653589793,0.0,0.0,3.141592653589793,4.71238898038469,0.0,1.5707963267948966,3.141592653589793,1.5707963267948966,3.141592653589793
3.141592653589793,0.0,4.71238898038469,0.0,5.105088062083414,0.0,0.0,1.3744467859455345,3.141592653589793,0.0,3.141592653589793,3.141592653589793,4.71238898038469,0.0,3.141592653589793,0.0,0.0,3.141592653589793,4.71238898038469,0.0,1.5707963267948966,3.141592653589793,1.5707963267948966,3.141592653589793
3.141592653589793,0.0,4.71238898038469,0.0,5.105088062083414,0.0,0.0,1.5707963267948966,2.945243112740431,0.0,3.141592653589793,3.141592653589793,4.71238898038469,0.0,3.141592653589793,0.0,0.0,3.141592653589793,4.71238898038469,0.0,1.5707963267948966,3.141592653589793,1.5707963267948966,3.141592653589793
3.141592653589793,0.0,4.71238898038469,0.0,5.105088062083414,0.0,0.0,1.5707963267948966,3.141592653589793,0.0,2.945243112740431,3.141592653589793,4.71238898038469,0.0,3.141592653589793,0.0,0.0,3.141592653589793,4.71238898038469,0.0,1.5707963267948966,3.141592653589793,1.5707963267948966,3.141592653589793
3.141592653589793,0.0,4.71238898038469,0.0,5.105088062083414,0.0,0.0,1.5707963267948966,3.141592653589793,0.0,3.141592653589793,2.945243112740431,4.71238898038469,0.0,3.141592653589793,0.0,0.0,3.141592653589793,4.71238898038469,0.0,1.5707963267948966,3.141592653589793,1.5707963267948966,3.141592653589793
3.141592653589793,0.0,4.71238898038469,0.0,5.105088062083414,0.0,0.0,1.5707963267948966,3.141592653589793,0.0,3.141592653589793,3.141592653589793,4.516039439535327,0.0,3.141592653589793,0.0,0.0,3.141592653589793,4.71238898038469,0.0,1.5707963267948966,3.141592653589793,1.5707963267948966,3.141592653589793
3.141592653589793,0.0,4.71238898038469,0.0,5.105088062083414,0.0,0.0,1.5707963267948966,3.141592653589793,0.0,3.141592653589793,3.141592653589793,4.71238898038469,0.0,2.945243112740431,0.0,0.0,3.141592653589793,4.71238898038469,0.0,1.5707963267948966,3.141592653589793,1.5707963267948966,3.141592653589793
3.141592653589793,0.0,4.71238898038469,0.0,5.105088062083414,0.0,0.0,1.5707963267948966,3.141592653589793,0.0,3.141592653589793,3.141592653589793,4.71238898038469,0.0,3.141592653589793,0.0,0.0,2.945243112740431,4.71238898038469,0.0,1.5707963267948966,3.141592653589793,1.5707963267948966,3.141592653589793
3.141592653589793,0.0,4.71238898038469,0.0,5.105088062083414,0.0,0.0,1.5707963267948966,3.141592653589793,0.0,3.141592653589793,3.141592653589793,4.71238898038469,0.0,3.141592653589793,0.0,0.0,3.141592653589793,4.516039439535327,0.0,1.5707963267948966,3.141592653589793,1.5707963267948966,3.141592653589793
3.141592653589793,0.0,4.71238898038469,0.0,5.105088062083414,0.0,0.0,1.5707963267948966,3.141592653589793,0.0,3.141592653589793,3.141592653589793,4.71238898038469,0.0,3.141592653589793,0.0,0.0,3.141592653589793,4.71238898038469,0.0,1.3744467859455345,3.141592653589793,1.5707963267948966,3.141592653589793
3.141592653589793,0.0,4.71238898038469,0.0,5.105088062083414,0.0,0.0,1.5707963267948966,3.141592653589793,0.0,3.141592653589793,3.141592653589793,4.71238898038469,0.0,3.141592653589793,0.0,0.0,3.141592653589793,4.71238898038469,0.0,1.5707963267948966,2.945243112740431,1.5707963267948966,3.141592653589793
3.141592653589793,0.0,4.71238898038469,0.0,5.105088062083414,0.0,0.0,1.5707963267948966,3.141592653589793,0.0,3.141592653589793,3.141592653589793,4.71238898038469,0.0,3.141592653589793,0.0,0.0,3.141592653589793,4.71238898038469,0.0,1.5707963267948966,3.141592653589793,1.3744467859455345,3.141592653589793
3.141592653589793,0.0,4.71238898038469,0.0,5.105088062083414,0.0,0.0,1.5707963267948966,3.141592653589793,0.0,3.141592653589793,3.141592653589793,4.71238898038469,0.0,3.141592653589793,0.0,0.0,3.141592653589793,4.71238898038469,0.0,1.5707963267948966,3.141592653589793,1.5707963267948966,2.945243112740431
3.2397674240144743,0.0,4.71238898038469,0.0,5.105088062083414,0.0,0.0,1.5707963267948966,3.141592653589793,0.0,3.141592653589793,3.141592653589793,4.71238898038469,0.0,3.141592653589793,0.0,0.0,3.141592653589793,4.71238898038469,0.0,1.5707963267948966,3.141592653589793,1.5707963267948966,3.141592653589793
3.141592653589793,0.09817477042468103,4.71238898038469,0.0,5.105088062083414,0.0,0.0,1.5707963267948966,3.141592653589793,0.0,3.141592653589793,3.141592653589793,4.71238898038469,0.0,3.141592653589793,0.0,0.0,3.141592653589793,4.71238898038469,0.0,1.5707963267948966,3.141592653589793,1.5707963267948966,3.141592653589793
3.141592653589793,0.0,4.81056375080937,0.0,5.105088062083414,0.0,0.0,1.5707963267948966,3.141592653589793,0.0,3.141592653589793,3.141592653589793,4.71238898038469,0.0,3.141592653589793,0.0,0.0,3.141592653589793,4.71238898038469,0.0,1.5707963267948966,3.141592653589793,1.5707963267948966,3.141592653589793
3.141592653589793,0.0,4.71238898038469,0.09817477042468103,5.105088062083414,0.0,0.0,1.5707963267948966,3.141592653589793,0.0,3.141592653589793,3.141592653589793,4.71238898038469,0.0,3.141592653589793,0.0,0.0,3.141592653589793,4.71238898038469,0.0,1.5707963267948966,3.141592653589793,1.5707963267948966,3.141592653589793
3.141592653589793,0.0,4.71238898038469,0.0,5.203262832508095,0.0,0.0,1.5707963267948966,3.141592653589793,0.0,3.141592653589793,3.141592653589793,4.71238898038469,0.0,3.141592653589793,0.0,0.0,3.141592653589793,4.71238898038469,0.0,1.5707963267948966,3.141592653589793,1.5707963267948966,3.141592653589793
3.141592653589793,0.0,4.71238898038469,0.0,5.105088062083414,0.09817477042468103,0.0,1.5707963267948966,3.141592653589793,0.0,3.141592653589793,3.141592653589793,4.71238898038469,0.0,3.141592653589793,0.0,0.0,3.141592653589793,4.71238898038469,0.0,1.5707963267948966,3.141592653589793,1.5707963267948966,3.141592653589793
3.141592653589793,0.0,4.71238898038469,0.0,5.105088062083414,0.0,0.09817477042468103,1.5707963267948966,3.141592653589793,0.0,3.141592653589793,3.141592653589793,4.71238898038469,0.0,3.141592653589793,0.0,0.0,3.141592653589793,4.71238898038469,0.0,1.5707963267948966,3.141592653589793,1.5707963267948966,3.141592653589793
3.141592653589793,0.0,4.71238898038469,0.0,5.105088062083414,0.0,0.0,1.6689710972195777,3.141592653589793,0.0,3.141592653589793,3.141592653589793,4.71238898038469,0.0,3.141592653589793,0.0,0.0,3.141592653589793,4.71238898038469,0.0,1.5707963267948966,3.141592653589793,1.5707963267948966,3.141592653589793
3.141592653589793,0.0,4.71238898038469,0.0,5.105088062083414,0.0,0.0,1.5707963267948966,3.2397674240144743,0.0,3.141592653589793,3.141592653589793,4.71238898038469,0.0,3.141592653589793,0.0,0.0,3.141592653589793,4.71238898038469,0.0,1.5707963267948966,3.141592653589793,1.5707963267948966,3.141592653589793
3.141592653589793,0.0,4.71238898038469,0.0,5.105088062083414,0.0,0.0,1.5707963267948966,3.141592653589793,0.09817477042468103,3.141592653589793,3.141592653589793,4.71238898038469,0.0,3.141592653589793,0.0,0.0,3.141592653589793,4.71238898038469,0.0,1.5707963267948966,3.141592653589793,1.5707963267948966,3.141592653589793
3.141592653589793,0.0,4.71238898038469,0.0,5.105088062083414,0.0,0.0,1.5707963267948966,3.141592653589793,0.0,3.2397674240144743,3.141592653589793,4.71238898038469,0.0,3.141592653589793,0.0,0.0,3.141592653589793,4.71238898038469,0.0,1.5707963267948966,3.141592653589793,1.5707963267948966,3.141592653589793
3.141592653589793,0.0,4.71238898038469,0.0,5.105088062083414,0.0,0.0,1.5707963267948966,3.141592653589793,0.0,3.141592653589793,3.2397674240144743,4.71238898038469,0.0,3.141592653589793,0.0,0.0,3.141592653589793,4.71238898038469,0.0,1.5707963267948966,3.141592653589793,1.5707963267948966,3.141592653589793
3.141592653589793,0.0,4.71238898038469,0.0,5.105088062083414,0.0,0.0,1.5707963267948966,3.141592653589793,0.0,3.141592653589793,3.141592653589793,4.81056375080937,0.0,3.141592653589793,0.0,0.0,3.141592653589793,4.71238898038469,0.0,1.5707963267948966,3.141592653589793,1.5707963267948966,3.141592653589793
3.141592653589793,0.0,4.71238898038469,0.0,5.105088062083414,0.0,0.0,1.5707963267948966,3.141592653589793,0.0,3.141592653589793,3.141592653589793,4.71238898038469,0.09817477042468103,3.141592653589793,0.0,0.0,3.141592653589793,4.71238898038469,0.0,1.5707963267948966,3.141592653589793,1.5707963267948966,3.141592653589793
3.141592653589793,0.0,4.71238898038469,0.0,5.105088062083414,0.0,0.0,1.5707963267948966,3.141592653589793,0.0,3.141592653589793,3.141592653589793,4.71238898038469,0.0,3.2397674240144743,0.0,0.0,3.141592653589793,4.71238898038469,0.0,1.5707963267948966,3.141592653589793,1.5707963267948966,3.141592653589793
3.141592653589793,0.0,4.71238898038469,0.0,5.105088062083414,0.0,0.0,1.5707963267948966,3.141592653589793,0.0,3.141592653589793,3.141592653589793,4.71238898038469,0.0,3.141592653589793,0.09817477042468103,0.0,3.141592653589793,4.71238898038469,0.0,1.5707963267948966,3.141592653589793,1.5707963267948966,3.141592653589793
3.141592653589793,0.0,4.71238898038469,0.0,5.105088062083414,0.0,0.0,1.5707963267948966,3.141592653589793,0.0,3.141592653589793,3.141592653589793,4.71238898038469,0.0,3.141592653589793,0.0,0.09817477042468103,3.141592653589793,4.71238898038469,0.0,1.5707963267948966,3.141592653589793,1.5707963267948966,3.141592653589793
3.141592653589793,0.0,4.71238898038469,0.0,5.105088062083414,0.0,0.0,1.5707963267948966,3.141592653589793,0.0,3.141592653589793,3.141592653589793,4.71238898038469,0.0,3.141592653589793,0.0,0.0,3.2397674240144743,4.71238898038469,0.0,1.5707963267948966,3.141592653589793,1.5707963267948966,3.141592653589793
3.141592653589793,0.0,4.71238898038469,0.0,5.105088062083414,0.0,0.0,1.5707963267948966,3.141592653589793,0.0,3.141592653589793,3.141592653589793,4.71238898038469,0.0,3.141592653589793,0.0,0.0,3.141592653589793,4.81056375080937,0.0,1.5707963267948966,3.141592653589793,1.5707963267948966,3.141592653589793
3.141592653589793,0.0,4.71238898038469,0.0,5.105088062083414,0.0,0.0,1.5707963267948966,3.141592653589793,0.0,3.141592653589793,3.141592653589793,4.71238898038469,0.0,3.141592653589793,0.0,0.0,3.141592653589793,4.71238898038469,0.09817477042468103,1.5707963267948966,3.141592653589793,1.5707963267948966,3.141592653589793
3.141592653589793,0.0,4.71238898038469,0.0,5.105088062083414,0.0,0.0,1.5707963267948966,3.141592653589793,0.0,3.141592653589793,3.141592653589793,4.71238898038469,0.0,3.141592653589793,0.0,0.0,3.141592653589793,4.71238898038469,0.0,1.6689710972195777,3.141592653589793,1.5707963267948966,3.141592653589793
3.141592653589793,0.0,4.71238898038469,0.0,5.105088062083414,0.0,0.0,1.5707963267948966,3.141592653589793,0.0,3.141592653589793,3.141592653589793,4.71238898038469,0.0,3.141592653589793,0.0,0.0,3.141592653589793,4.71238898038469,0.0,1.5707963267948966,3.2397674240144743,1.5707963267948966,3.141592653589793
3.141592653589793,0.0,4.71238898038469,0.0,5.105088062083414,0.0,0.0,1.5707963267948966,3.141592653589793,0.0,3.141592653589793,3.141592653589793,4.71238898038469,0.0,3.141592653589793,0.0,0.0,3.141592653589793,4.71238898038469,0.0,1.5707963267948966,3.141592653589793,1.6689710972195777,3.141592653589793
3.141592653589793,0.0,4.71238898038469,0.0,5.105088062083414,0.0,0.0,1.5707963267948966,3.141592653589793,0.0,3.141592653589793,3.141592653589793,4.71238898038469,0.0,3.141592653589793,0.0,0.0,3.141592653589793,4.71238898038469,0.0,1.5707963267948966,3.141592653589793,1.5707963267948966,3.2397674240144743
3.043417883165112,0.0,4.71238898038469,0.0,5.105088062083414,0.0,0.0,1.5707963267948966,3.141592653589793,0.0,3.141592653589793,3.141592653589793,4.71238898038469,0.0,3.141592653589793,0.0,0.0,3.141592653589793,4.71238898038469,0.0,1.5707963267948966,3.141592653589793,1.5707963267948966,3.141592653589793
3.141592653589793,0.0,4.614214209960009,0.0,5.105088062083414,0.0,0.0,1.5707963267948966,3.141592653589793,0.0,3.141592653589793,3.141592653589793,4.71238898038469,0.0,3.141592653589793,0.0,0.0,3.141592653589793,4.71238898038469,0.0,1.5707963267948966,3.141592653589793,1.5707963267948966,3.141592653589793
3.141592653589793,0.0,4.71238898038469,0.0,5.006913291658733,0.0,0.0,1.5707963267948966,3.141592653589793,0.0,3.141592653589793,3.141592653589793,4.71238898038469,0.0,3.141592653589793,0.0,0.0,3.141592653589793,4.71238898038469,0.0,1.5707963267948966,3.141592653589793,1.5707963267948966,3.141592653589793
3.141592653589793,0.0,4.71238898038469,0.0,5.105088062083414,0.0,0.0,1.4726215563702154,3.141592653589793,0.0,3.141592653589793,3.141592653589793,4.71238898038469,0.0,3.141592653589793,0.0,0.0,3.141592653589793,4.71238898038469,0.0,1.5707963267948966,3.141592653589793,1.5707963267948966,3.141592653589793
3.141592653589793,0.0,4.71238898038469,0.0,5.105088062083414,0.0,0.0,1.5707963267948966,3.043417883165112,0.0,3.141592653589793,3.141592653589793,4.71238898038469,0.0,3.141592653589793,0.0,0.0,3.141592653589793,4.71238898038469,0.0,1.5707963267948966,3.141592653589793,1.5707963267948966,3.141592653589793
3.141592653589793,0.0,4.71238898038469,0.0,5.105088062083414,0.0,0.0,1.5707963267948966,3.141592653589793,0.0,3.043417883165112,3.141592653589793,4.71238898038469,0.0,3.141592653589793,0.0,0.0,3.141592653589793,4.71238898038469,0.0,1.5707963267948966,3.141592653589793,1.5707963267948966,3.141592653589793
3.141592653589793,0.0,4.71238898038469,0.0,5.105088062083414,0.0,0.0,1.5707963267948966,3.141592653589793,0.0,3.141592653589793,3.043417883165112,4.71238898038469,0.0,3.141592653589793,0.0,0.0,3.141592653589793,4.71238898038469,0.0,1.5707963267948966,3.141592653589793,1.5707963267948966,3.141592653589793
3.141592653589793,0.0,4.71238898038469,0.0,5.105088062083414,0.0,0.0,1.5707963267948966,3.141592653589793,0.0,3.141592653589793,3.141592653589793,4.614214209960009,0.0,3.141592653589793,0.0,0.0,3.141592653589793,4.71238898038469,0.0,1.5707963267948966,3.141592653589793,1.5707963267948966,3.141592653589793
3.141592653589793,0.0,4.71238898038469,0.0,5.105088062083414,0.0,0.0,1.5707963267948966,3.141592653589793,0.0,3.141592653589793,3.141592653589793,4.71238898038469,0.0,3.043417883165112,0.0,0.0,3.141592653589793,4.71238898038469,0.0,1.5707963267948966,3.141592653589793,1.5707963267948966,3.141592653589793
3.141592653589793,0.0,4.71238898038469,0.0,5.105088062083414,0.0,0.0,1.5707963267948966,3.141592653589793,0.0,3.141592653589793,3.141592653589793,4.71238898038469,0.0,3.141592653589793,0.0,0.0,3.043417883165112,4.71238898038469,0.0,1.5707963267948966,3.141592653589793,1.5707963267948966,3.141592653589793
3.141592653589793,0.0,4.71238898038469,0.0,5.105088062083414,0.0,0.0,1.5707963267948966,3.141592653589793,0.0,3.141592653589793,3.141592653589793,4.71238898038469,0.0,3.141592653589793,0.0,0.0,3.141592653589793,4.614214209960009,0.0,1.5707963267948966,3.141592653589793,1.5707963267948966,3.141592653589793
3.141592653589793,0.0,4.71238898038469,0.0,5.105088062083414,0.0,0.0,1.5707963267948966,3.141592653589793,0.0,3.141592653589793,3.141592653589793,4.71238898038469,0.0,3.141592653589793,0.0,0.0,3.141592653589793,4.71238898038469,0.0,1.4726215563702154,3.141592653589793,1.5707963267948966,3.141592653589793
3.141592653589793,0.0,4.71238898038469,0.0,5.105088062083414,0.0,0.0,1.5707963267948966,3.141592653589793,0.0,3.141592653589793,3.141592653589793,4.71238898038469,0.0,3.141592653589793,0.0,0.0,3.141592653589793,4.71238898038469,0.0,1.5707963267948966,3.043417883165112,1.5707963267948966,3.141592653589793
3.141592653589793,0.0,4.71238898038469,0.0,5.105088062083414,0.0,0.0,1.5707963267948966,3.141592653589793,0.0,3.141592653589793,3.141592653589793,4.71238898038469,0.0,3.141592653589793,0.0,0.0,3.141592653589793,4.71238898038469,0.0,1.5707963267948966,3.141592653589793,1.4726215563702154,3.141592653589793
3.141592653589793,0.0,4.71238898038469,0.0,5.105088062083414,0.0,0.0,1.5707963267948966,3.141592653589793,0.0,3.141592653589793,3.141592653589793,4.71238898038469,0.0,3.141592653589793,0.0,0.0,3.141592653589793,4.71238898038469,0.0,1.5707963267948966,3.141592653589793,1.5707963267948966,3.043417883165112
3.0496966017311657,0.0,4.72151126521622,0.002730356626693428,5.016753376281351,0.0,0.0,1.6051286805341862,3.040761882849639,0.0,3.1290168845106114,3.219364610375338,4.7752261980989985,0.0,3.2169136701481658,0.0,0.0,3.13820028433834,4.771777703040116,0.0,1.5462065522816497,3.2829584348444785,1.5679322809885823,3.2950089199693346
3.095644627660479,0.0,4.716950122800456,0.001365178313346714,5.060920719182382,0.0,0.0,1.5879625036645413,3.0911772682197163,0.0,3.1353047690502023,3.1804786319825658,4.743807589241844,0.0,3.1792531618689797,0.0,0.0,3.1398964689640665,4.742083341712403,0.0,1.558501439538273,3.2122755442171362,1.5693643038917393,3.218300786779564
3.1186186406251366,0.0,4.714669551592572,0.000682589156673357,5.083004390632898,0.0,0.0,1.579379415229719,3.1163849609047545,0.0,3.138448711319998,3.1610356427861794,4.728098284813267,0.0,3.160422907729386,0.0,0.0,3.14074456127693,4.7272361610485465,0.0,1.5646488831665848,3.1769340989034642,1.570080315343318,3.1799467201846787
3.130105647107465,0.0,4.713529265988631,0.0003412945783366785,5.094046226358156,0.0,0.0,1.575087871012308,3.1289888072472736,0.0,3.1400206824548955,3.1513141481879865,4.7202436325989785,0.0,3.1510077806595898,0.0,0.0,3.1411686074333613,4.719812570716618,0.0,1.5677226049807407,3.1592633762466287,1.5704383210691073,3.160769686887236
3.2397674240144743,0.0,4.71238898038469,0.0,5.105088062083414,0.0,0.0,1.5707963267948966,3.141592653589793,0.0,3.141592653589793,3.141592653589793,4.71238898038469,0.0,3.141592653589793,0.0,0.0,3.141592653589793,4.71238898038469,0.0,1.5707963267948966,3.141592653589793,1.5707963267948966,3.141592653589793
3.141592653589793,0.09817477042468103,4.71238898038469,0.0,5.105088062083414,0.0,0.0,1.5707963267948966,3.141592653589793,0.0,3.141592653589793,3.141592653589793,4.71238898038469,0.0,3.141592653589793,0.0,0.0,3.141592653589793,4.71238898038469,0.0,1.5707963267948966,3.141592653589793,1.5707963267948966,3.141592653589793
3.141592653589793,0.0,4.81056375080937,0.0,5.105088062083414,0.0,0.0,1.5707963267948966,3.141592653589793,0.0,3.141592653589793,3.141592653589793,4.71238898038469,0.0,3.141592653589793,0.0,0.0,3.141592653589793,4.71238898038469,0.0,1.5707963267948966,3.141592653589793,1.5707963267948966,3.141592653589793
3.141592653589793,0.0,4.71238898038469,0.09817477042468103,5.105088062083414,0.0,0.0,1.5707963267948966,3.141592653589793,0.0,3.141592653589793,3.141592653589793,4.71238898038469,0.0,3.141592653589793,0.0,0.0,3.141592653589793,4.71238898038469,0.0,1.5707963267948966,3.141592653589793,1.5707963267948966,3.141592653589793
3.141592653589793,0.0,4.71238898038469,0.0,5.203262832508095,0.0,0.0,1.5707963267948966,3.141592653589793,0.0,3.141592653589793,3.141592653589793,4.71238898038469,0.0,3.141592653589793,0.0,0.0,3.141592653589793,4.71238898038469,0.0,1.5707963267948966,3.141592653589793,1.5707963267948966,3.141592653589793
3.141592653589793,0.0,4.71238898038469,0.0,5.105088062083414,0.09817477042468103,0.0,1.5707963267948966,3.141592653589793,0.0,3.141592653589793,3.141592653589793,4.71238898038469,0.0,3.141592653589793,0.0,0.0,3.141592653589793,4.71238898038469,0.0,1.5707963267948966,3.141592653589793,1.5707963267948966,3.141592653589793
3.141592653589793,0.0,4.71238898038469,0.0,5.105088062083414,0.0,0.09817477042468103,1.5707963267948966,3.141592653589793,0.0,3.141592653589793,3.141592653589793,4.71238898038469,0.0,3.141592653589793,0.0,0.0,3.141592653589793,4.71238898038469,0.0,1.5707963267948966,3.141592653589793,1.5707963267948966,3.141592653589793
3.141592653589793,0.0,4.71238898038469,0.0,5.105088062083414,0.0,0.0,1.6689710972195777,3.141592653589793,0.0,3.141592653589793,3.141592653589793,4.71238898038469,0.0,3.141592653589793,0.0,0.0,3.141592653589793,4.71238898038469,0.0,1.5707963267948966,3.141592653589793,1.5707963267948966,3.141592653589793
3.141592653589793,0.0,4.71238898038469,0.0,5.105088062083414,0.0,0.0,1.5707963267948966,3.2397674240144743,0.0,3.141592653589793,3.141592653589793,4.71238898038469,0.0,3.141592653589793,0.0,0.0,3.141592653589793,4.71238898038469,0.0,1.5707963267948966,3.141592653589793,1.5707963267948966,3.141592653589793
3.141592653589793,0.0,4.71238898038469,0.0,5.105088062083414,0.0,0.0,1.5707963267948966,3.141592653589793,0.09817477042468103,3.141592653589793,3.141592653589793,4.71238898038469,0.0,3.141592653589793,0.0,0.0,3.141592653589793,4.71238898038469,0.0,1.5707963267948966,3.141592653589793,1.5707963267948966,3.141592653589793
3.141592653589793,0.0,4.71238898038469,0.0,5.105088062083414,0.0,0.0,1.5707963267948966,3.141592653589793,0.0,3.2397674240144743,3.141592653589793,4.71238898038469,0.0,3.141592653589793,0.0,0.0,3.141592653589793,4.71238898038469,0.0,1.5707963267948966,3.141592653589793,1.5707963267948966,3.141592653589793
3.141592653589793,0.0,4.71238898038469,0.0,5.105088062083414,0.0,0.0,1.5707963267948966,3.141592653589793,0.0,3.141592653589793,3.2397674240144743,4.71238898038469,0.0,3.141592653589793,0.0,0.0,3.141592653589793,4.71238898038469,0.0,1.5707963267948966,3.141592653589793,1.5707963267948966,3.141592653589793
3.141592653589793,0.0,4.71238898038469,0.0,5.105088062083414,0.0,0.0,1.5707963267948966,3.141592653589793,0.0,3.141592653589793,3.141592653589793,4.81056375080937,0.0,3.141592653589793,0.0,0.0,3.141592653589793,4.71238898038469,0.0,1.5707963267948966,3.141592653589793,1.5707963267948966,3.141592653589793
3.141592653589793,0.0,4.71238898038469,0.0,5.105088062083414,0.0,0.0,1.5707963267948966,3.141592653589793,0.0,3.141592653589793,3.141592653589793,4.71238898038469,0.09817477042468103,3.141592653589793,0.0,0.0,3.141592653589793,4.71238898038469,0.0,1.5707963267948966,3.141592653589793,1.5707963267948966,3.141592653589793
3.141592653589793,0.0,4.71238898038469,0.0,5.105088062083414,0.0,0.0,1.5707963267948966,3.141592653589793,0.0,3.141592653589793,3.141592653589793,4.71238898038469,0.0,3.2397674240144743,0.0,0.0,3.141592653589793,4.71238898038469,0.0,1.5707963267948966,3.141592653589793,1.5707963267948966,3.141592653589793
3.141592653589793,0.0,4.71238898038469,0.0,5.105088062083414,0.0,0.0,1.5707963267948966,3.141592653589793,0.0,3.141592653589793,3.141592653589793,4.71238898038469,0.0,3.141592653589793,0.09817477042468103,0.0,3.141592653589793,4.71238898038469,0.0,1.5707963267948966,3.141592653589793,1.5707963267948966,3.141592653589793
3.141592653589793,0.0,4.71238898038469,0.0,5.105088062083414,0.0,0.0,1.5707963267948966,3.141592653589793,0.0,3.141592653589793,3.141592653589793,4.71238898038469,0.0,3.141592653589793,0.0,0.09817477042468103,3.141592653589793,4.71238898038469,0.0,1.5707963267948966,3.141592653589793,1.5707963267948966,3.141592653589793
3.141592653589793,0.0,4.71238898038469,0.0,5.105088062083414,0.0,0.0,1.5707963267948966,3.141592653589793,0.0,3.141592653589793,3.141592653589793,4.71238898038469,0.0,3.141592653589793,0.0,0.0,3.2397674240144743,4.71238898038469,0.0,1.5707963267948966,3.141592653589793,1.5707963267948966,3.141592653589793
3.141592653589793,0.0,4.71238898038469,0.0,5.105088062083414,0.0,0.0,1.5707963267948966,3.141592653589793,0.0,3.141592653589793,3.141592653589793,4.71238898038469,0.0,3.141592653589793,0.0,0.0,3.141592653589793,4.81056375080937,0.0,1.5707963267948966,3.141592653589793,1.5707963267948966,3.141592653589793
3.141592653589793,0.0,4.71238898038469,0.0,5.105088062083414,0.0,0.0,1.5707963267948966,3.141592653589793,0.0,3.141592653589793,3.141592653589793,4.71238898038469,0.0,3.141592653589793,0.0,0.0,3.141592653589793,4.71238898038469,0.09817477042468103,1.5707963267948966,3.141592653589793,1.5707963267948966,3.141592653589793
3.141592653589793,0.0,4.71238898038469,0.0,5.105088062083414,0.0,0.0,1.5707963267948966,3.141592653589793,0.0,3.141592653589793,3.141592653589793,4.71238898038469,0.0,3.141592653589793,0.0,0.0,3.141592653589793,4.71238898038469,0.0,1.6689710972195777,3.141592653589793,1.5707963267948966,3.141592653589793
3.141592653589793,0.0,4.71238898038469,0.0,5.105088062083414,0.0,0.0,1.5707963267948966,3.141592653589793,0.0,3.141592653589793,3.141592653589793,4.71238898038469,0.0,3.141592653589793,0.0,0.0,3.141592653589793,4.71238898038469,0.0,1.5707963267948966,3.2397674240144743,1.5707963267948966,3.141592653589793
3.141592653589793,0.0,4.71238898038469,0.0,5.105088062083414,0.0,0.0,1.5707963267948966,3.141592653589793,0.0,3.141592653589793,3.141592653589793,4.71238898038469,0.0,3.141592653589793,0.0,0.0,3.141592653589793,4.71238898038469,0.0,1.5707963267948966,3.141592653589793,1.6689710972195777,3.141592653589793
3.141592653589793,0.0,4.71238898038469,0.0,5.105088062083414,0.0,0.0,1.5707963267948966,3.141592653589793,0.0,3.141592653589793,3.141592653589793,4.71238898038469,0.0,3.141592653589793,0.0,0.0,3.141592653589793,4.71238898038469,0.0,1.5707963267948966,3.141592653589793,1.5707963267948966,3.2397674240144743
3.043417883165112,0.0,4.71238898038469,0.0,5.105088062083414,0.0,0.0,1.5707963267948966,3.141592653589793,0.0,3.141592653589793,3.141592653589793,4.71238898038469,0.0,3.141592653589793,0.0,0.0,3.141592653589793,4.71238898038469,0.0,1.5707963267948966,3.141592653589793,1.5707963267948966,3.141592653589793
3.141592653589793,0.0,4.614214209960009,0.0,5.105088062083414,0.0,0.0,1.5707963267948966,3.141592653589793,0.0,3.141592653589793,3.141592653589793,4.71238898038469,0.0,3.141592653589793,0.0,0.0,3.141592653589793,4.71238898038469,0.0,1.5707963267948966,3.141592653589793,1.5707963267948966,3.141592653589793
3.141592653589793,0.0,4.71238898038469,0.0,5.006913291658733,0.0,0.0,1.5707963267948966,3.141592653589793,0.0,3.141592653589793,3.141592653589793,4.71238898038469,0.0,3.141592653589793,0.0,0.0,3.141592653589793,4.71238898038469,0.0,1.5707963267948966,3.141592653589793,1.5707963267948966,3.141592653589793
3.141592653589793,0.0,4.71238898038469,0.0,5.105088062083414,0.0,0.0,1.4726215563702154,3.141592653589793,0.0,3.141592653589793,3.141592653589793,4.71238898038469,0.0,3.141592653589793,0.0,0.0,3.141592653589793,4.71238898038469,0.0,1.5707963267948966,3.141592653589793,1.5707963267948966,3.141592653589793
3.141592653589793,0.0,4.71238898038469,0.0,5.105088062083414,0.0,0.0,1.5707963267948966,3.043417883165112,0.0,3.141592653589793,3.141592653589793,4.71238898038469,0.0,3.141592653589793,0.0,0.0,3.141592653589793,4.71238898038469,0.0,1.5707963267948966,3.141592653589793,1.5707963267948966,3.141592653589793
3.141592653589793,0.0,4.71238898038469,0.0,5.105088062083414,0.0,0.0,1.5707963267948966,3.141592653589793,0.0,3.043417883165112,3.141592653589793,4.71238898038469,0.0,3.141592653589793,0.0,0.0,3.141592653589793,4.71238898038469,0.0,1.5707963267948966,3.141592653589793,1.5707963267948966,3.141592653589793
3.141592653589793,0.0,4.71238898038469,0.0,5.105088062083414,0.0,0.0,1.5707963267948966,3.141592653589793,0.0,3.141592653589793,3.043417883165112,4.71238898038469,0.0,3.141592653589793,0.0,0.0,3.141592653589793,4.71238898038469,0.0,1.5707963267948966,3.141592653589793,1.5707963267948966,3.141592653589793
3.141592653589793,0.0,4.71238898038469,0.0,5.105088062083414,0.0,0.0,1.5707963267948966,3.141592653589793,0.0,3.141592653589793,3.141592653589793,4.614214209960009,0.0,3.141592653589793,0.0,0.0,3.141592653589793,4.71238898038469,0.0,1.5707963267948966,3.141592653589793,1.5707963267948966,3.141592653589793
3.141592653589793,0.0,4.71238898038469,0.0,5.105088062083414,0.0,0.0,1.5707963267948966,3.141592653589793,0.0,3.141592653589793,3.141592653589793,4.71238898038469,0.0,3.043417883165112,0.0,0.0,3.141592653589793,4.71238898038469,0.0,1.5707963267948966,3.141592653589793,1.5707963267948966,3.141592653589793
3.141592653589793,0.0,4.71238898038469,0.0,5.105088062083414,0.0,0.0,1.5707963267948966,3.141592653589793,0.0,3.141592653589793,3.141592653589793,4.71238898038469,0.0,3.141592653589793,0.0,0.0,3.043417883165112,4.71238898038469,0.0,1.5707963267948966,3.141592653589793,1.5707963267948966,3.141592653589793
3.141592653589793,0.0,4.71238898038469,0.0,5.105088062083414,0.0,0.0,1.5707963267948966,3.141592653589793,0.0,3.141592653589793,3.141592653589793,4.71238898038469,0.0,3.141592653589793,0.0,0.0,3.141592653589793,4.614214209960009,0.0,1.5707963267948966,3.141592653589793,1.5707963267948966,3.141592653589793
3.141592653589793,0.0,4.71238898038469,0.0,5.105088062083414,0.0,0.0,1.5707963267948966,3.141592653589793,0.0,3.141592653589793,3.141592653589793,4.71238898038469,0.0,3.141592653589793,0.0,0.0,3.141592653589793,4.71238898038469,0.0,1.4726215563702154,3.141592653589793,1.5707963267948966,3.141592653589793
3.141592653589793,0.0,4.71238898038469,0.0,5.105088062083414,0.0,0.0,1.5707963267948966,3.141592653589793,0.0,3.141592653589793,3.141592653589793,4.71238898038469,0.0,3.141592653589793,0.0,0.0,3.141592653589793,4.71238898038469,0.0,1.5707963267948966,3.043417883165112,1.5707963267948966,3.141592653589793
3.141592653589793,0.0,4.71238898038469,0.0,5.105088062083414,0.0,0.0,1.5707963267948966,3.141592653589793,0.0,3.141592653589793,3.141592653589793,4.71238898038469,0.0,3.141592653589793,0.0,0.0,3.141592653589793,4.71238898038469,0.0,1.5707963267948966,3.141592653589793,1.4726215563702154,3.141592653589793
3.141592653589793,0.0,4.71238898038469,0.0,5.105088062083414,0.0,0.0,1.5707963267948966,3.141592653589793,0.0,3.141592653589793,3.141592653589793,4.71238898038469,0.0,3.141592653589793,0.0,0.0,3.141592653589793,4.71238898038469,0.0,1.5707963267948966,3.141592653589793,1.5707963267948966,3.043417883165112
3.1906800388021335,0.0,4.71238898038469,0.09817477042468103,5.105088062083414,0.0,0.0,1.5707963267948966,3.141592653589793,0.0,3.141592653589793,3.141592653589793,4.71238898038469,0.0,3.141592653589793,0.0,0.0,3.141592653589793,4.71238898038469,0.0,1.5707963267948966,3.141592653589793,1.5707963267948966,3.141592653589793
3.141592653589793,0.04908738521234052,4.71238898038469,0.09817477042468103,5.105088062083414,0.0,0.0,1.5707963267948966,3.141592653589793,0.0,3.141592653589793,3.141592653589793,4.71238898038469,0.0,3.141592653589793,0.0,0.0,3.141592653589793,4.71238898038469,0.0,1.5707963267948966,3.141592653589793,1.5707963267948966,3.141592653589793
3.141592653589793,0.0,4.76147636559703,0.09817477042468103,5.105088062083414,0.0,0.0,1.5707963267948966,3.141592653589793,0.0,3.141592653589793,3.141592653589793,4.71238898038469,0.0,3.141592653589793,0.0,0.0,3.141592653589793,4.71238898038469,0.0,1.5707963267948966,3.141592653589793,1.5707963267948966,3.141592653589793
3.141592653589793,0.0,4.71238898038469,0.14726215563702155,5.105088062083414,0.0,0.0,1.5707963267948966,3.141592653589793,0.0,3.141592653589793,3.141592653589793,4.71238898038469,0.0,3.141592653589793,0.0,0.0,3.141592653589793,4.71238898038469,0.0,1.5707963267948966,3.141592653589793,1.5707963267948966,3.141592653589793
3.141592653589793,0.0,4.71238898038469,0.09817477042468103,5.154175447295755,0.0,0.0,1.5707963267948966,3.141592653589793,0.0,3.141592653589793,3.141592653589793,4.71238898038469,0.0,3.141592653589793,0.0,0.0,3.141592653589793,4.71238898038469,0.0,1.5707963267948966,3.141592653589793,1.5707963267948966,3.141592653589793
3.141592653589793,0.0,4.71238898038469,0.09817477042468103,5.105088062083414,0.04908738521234052,0.0,1.5707963267948966,3.141592653589793,0.0,3.141592653589793,3.141592653589793,4.71238898038469,0.0,3.141592653589793,0.0,0.0,3.141592653589793,4.71238898038469,0.0,1.5707963267948966,3.141592653589793,1.5707963267948966,3.141592653589793
3.141592653589793,0.0,4.71238898038469,0.09817477042468103,5.105088062083414,0.0,0.04908738521234052,1.5707963267948966,3.141592653589793,0.0,3.141592653589793,3.141592653589793,4.71238898038469,0.0,3.141592653589793,0.0,0.0,3.141592653589793,4.71238898038469,0.0,1.5707963267948966,3.141592653589793,1.5707963267948966,3.141592653589793
3.141592653589793,0.0,4.71238898038469,0.09817477042468103,5.105088062083414,0.0,0.0,1.6198837120072371,3.141592653589793,0.0,3.141592653589793,3.141592653589793,4.71238898038469,0.0,3.141592653589793,0.0,0.0,3.141592653589793,4.71238898038469,0.0,1.5707963267948966,3.141592653589793,1.5707963267948966,3.141592653589793
3.141592653589793,0.0,4.71238898038469,0.09817477042468103,5.105088062083414,0.0,0.0,1.5707963267948966,3.1906800388021335,0.0,3.141592653589793,3.141592653589793,4.71238898038469,0.0,3.141592653589793,0.0,0.0,3.141592653589793,4.71238898038469,0.0,1.5707963267948966,3.141592653589793,1.5707963267948966,3.141592653589793
3.141592653589793,0.0,4.71238898038469,0.09817477042468103,5.105088062083414,0.0,0.0,1.5707963267948966,3.141592653589793,0.04908738521234052,3.141592653589793,3.141592653589793,4.71238898038469,0.0,3.141592653589793,0.0,0.0,3.141592653589793,4.71238898038469,0.0,1.5707963267948966,3.141592653589793,1.5707963267948966,3.141592653589793
3.141592653589793,0.0,4.71238898038469,0.09817477042468103,5.105088062083414,0.0,0.0,1.5707963267948966,3.141592653589793,0.0,3.1906800388021335,3.141592653589793,4.71238898038469,0.0,3.141592653589793,0.0,0.0,3.141592653589793,4.71238898038469,0.0,1.5707963267948966,3.141592653589793,1.5707963267948966,3.141592653589793
3.141592653589793,0.0,4.71238898038469,0.09817477042468103,5.105088062083414,0.0,0.0,1.5707963267948966,3.141592653589793,0.0,3.141592653589793,3.1906800388021335,4.71238898038469,0.0,3.141592653589793,0.0,0.0,3.141592653589793,4.71238898038469,0.0,1.5707963267948966,3.141592653589793,1.5707963267948966,3.141592653589793
3.141592653589793,0.0,4.71238898038469,0.09817477042468103,5.105088062083414,0.0,0.0,1.5707963267948966,3.141592653589793,0.0,3.141592653589793,3.141592653589793,4.76147636559703,0.0,3.141592653589793,0.0,0.0,3.141592653589793,4.71238898038469,0.0,1.5707963267948966,3.141592653589793,1.5707963267948966,3.141592653589793
3.141592653589793,0.0,4.71238898038469,0.09817477042468103,5.105088062083414,0.0,0.0,1.5707963267948966,3.141592653589793,0.0,3.141592653589793,3.141592653589793,4.71238898038469,0.04908738521234052,3.141592653589793,0.0,0.0,3.141592653589793,4.71238898038469,0.0,1.5707963267948966,3.141592653589793,1.5707963267948966,3.141592653589793
3.141592653589793,0.0,4.71238898038469,0.09817477042468103,5.105088062083414,0.0,0.0,1.5707963267948966,3.141592653589793,0.0,3.141592653589793,3.141592653589793,4.71238898038469,0.0,3.1906800388021335,0.0,0.0,3.141592653589793,4.71238898038469,0.0,1.5707963267948966,3.141592653589793,1.5707963267948966,3.141592653589793
3.141592653589793,0.0,4.71238898038469,0.09817477042468103,5.105088062083414,0.0,0.0,1.5707963267948966,3.141592653589793,0.0,3.141592653589793,3.141592653589793,4.71238898038469,0.0,3.141592653589793,0.04908738521234052,0.0,3.141592653589793,4.71238898038469,0.0,1.5707963267948966,3.141592653589793,1.5707963267948966,3.141592653589793
3.141592653589793,0.0,4.71238898038469,0.09817477042468103,5.105088062083414,0.0,0.0,1.5707963267948966,3.141592653589793,0.0,3.141592653589793,3.141592653589793,4.71238898038469,0.0,3.141592653589793,0.0,0.04908738521234052,3.141592653589793,4.71238898038469,0.0,1.5707963267948966,3.141592653589793,1.5707963267948966,3.141592653589793
3.141592653589793,0.0,4.71238898038469,0.09817477042468103,5.105088062083414,0.0,0.0,1.5707963267948966,3.141592653589793,0.0,3.141592653589793,3.141592653589793,4.71238898038469,0.0,3.141592653589793,0.0,0.0,3.1906800388021335,4.71238898038469,0.0,1.5707963267948966,3.141592653589793,1.5707963267948966,3.141592653589793
3.141592653589793,0.0,4.71238898038469,0.09817477042468103,5.105088062083414,0.0,0.0,1.5707963267948966,3.141592653589793,0.0,3.141592653589793,3.141592653589793,4.71238898038469,0.0,3.141592653589793,0.0,0.0,3.141592653589793,4.76147636559703,0.0,1.5707963267948966,3.141592653589793,1.5707963267948966,3.141592653589793
3.141592653589793,0.0,4.71238898038469,0.09817477042468103,5.105088062083414,0.0,0.0,1.5707963267948966,3.141592653589793,0.0,3.141592653589793,3.141592653589793,4.71238898038469,0.0,3.141592653589793,0.0,0.0,3.141592653589793,4.71238898038469,0.04908738521234052,1.5707963267948966,3.141592653589793,1.5707963267948966,3.141592653589793
3.141592653589793,0.0,4.71238898038469,0.09817477042468103,5.105088062083414,0.0,0.0,1.5707963267948966,3.141592653589793,0.0,3.141592653589793,3.141592653589793,4.71238898038469,0.0,3.141592653589793,0.0,0.0,3.141592653589793,4.71238898038469,0.0,1.6198837120072371,3.141592653589793,1.5707963267948966,3.141592653589793
3.141592653589793,0.0,4.71238898038469,0.09817477042468103,5.105088062083414,0.0,0.0,1.5707963267948966,3.141592653589793,0.0,3.141592653589793,3.141592653589793,4.71238898038469,0.0,3.141592653589793,0.0,0.0,3.141592653589793,4.71238898038469,0.0,1.5707963267948966,3.1906800388021335,1.5707963267948966,3.141592653589793
3.141592653589793,0.0,4.71238898038469,0.09817477042468103,5.105088062083414,0.0,0.0,1.5707963267948966,3.141592653589793,0.0,3.141592653589793,3.141592653589793,4.71238898038469,0.0,3.141592653589793,0.0,0.0,3.141592653589793,4.71238898038469,0.0,1.5707963267948966,3.141592653589793,1.6198837120072371,3.141592653589793
3.141592653589793,0.0,4.71238898038469,0.09817477042468103,5.105088062083414,0.0,0.0,1.5707963267948966,3.141592653589793,0.0,3.141592653589793,3.141592653589793,4.71238898038469,0.0,3.141592653589793,0.0,0.0,3.141592653589793,4.71238898038469,0.0,1.5707963267948966,3.141592653589793,1.5707963267948966,3.1906800388021335
3.0925052683774528,0.0,4.71238898038469,0.09817477042468103,5.105088062083414,0.0,0.0,1.5707963267948966,3.141592653589793,0.0,3.141592653589793,3.141592653589793,4.71238898038469,0.0,3.141592653589793,0.0,0.0,3.141592653589793,4.71238898038469,0.0,1.5707963267948966,3.141592653589793,1.5707963267948966,3.141592653589793
3.141592653589793,0.0,4.663301595172349,0.09817477042468103,5.105088062083414,0.0,0.0,1.5707963267948966,3.141592653589793,0.0,3.141592653589793,3.141592653589793,4.71238898038469,0.0,3.141592653589793,0.0,0.0,3.141592653589793,4.71238898038469,0.0,1.5707963267948966,3.141592653589793,1.5707963267948966,3.141592653589793
3.141592653589793,0.0,4.71238898038469,0.04908738521234052,5.105088062083414,0.0,0.0,1.5707963267948966,3.141592653589793,0.0,3.141592653589793,3.141592653589793,4.71238898038469,0.0,3.141592653589793,0.0,0.0,3.141592653589793,4.71238898038469,0.0,1.5707963267948966,3.141592653589793,1.5707963267948966,3.141592653589793
3.141592653589793,0.0,4.71238898038469,0.09817477042468103,5.056000676871073,0.0,0.0,1.5707963267948966,3.141592653589793,0.0,3.141592653589793,3.141592653589793,4.71238898038469,0.0,3.141592653589793,0.0,0.0,3.141592653589793,4.71238898038469,0.0,1.5707963267948966,3.141592653589793,1.5707963267948966,3.141592653589793
3.141592653589793,0.0,4.71238898038469,0.09817477042468103,5.105088062083414,0.0,0.0,1.521708941582556,3.141592653589793,0.0,3.141592653589793,3.141592653589793,4.71238898038469,0.0,3.141592653589793,0.0,0.0,3.141592653589793,4.71238898038469,0.0,1.5707963267948966,3.141592653589793,1.5707963267948966,3.141592653589793
3.141592653589793,0.0,4.71238898038469,0.09817477042468103,5.105088062083414,0.0,0.0,1.5707963267948966,3.0925052683774528,0.0,3.141592653589793,3.141592653589793,4.71238898038469,0.0,3.141592653589793,0.0,0.0,3.141592653589793,4.71238898038469,0.0,1.5707963267948966,3.141592653589793,1.5707963267948966,3.141592653589793
3.141592653589793,0.0,4.71238898038469,0.09817477042468103,5.105088062083414,0.0,0.0,1.5707963267948966,3.141592653589793,0.0,3.0925052683774528,3.141592653589793,4.71238898038469,0.0,3.141592653589793,0.0,0.0,3.141592653589793,4.71238898038469,0.0,1.5707963267948966,3.141592653589793,1.5707963267948966,3.141592653589793
3.141592653589793,0.0,4.71238898038469,0.09817477042468103,5.105088062083414,0.0,0.0,1.5707963267948966,3.141592653589793,0.0,3.141592653589793,3.0925052683774528,4.71238898038469,0.0,3.141592653589793,0.0,0.0,3.141592653589793,4.71238898038469,0.0,1.5707963267948966,3.141592653589793,1.5707963267948966,3.141592653589793
3.141592653589793,0.0,4.71238898038469,0.09817477042468103,5.105088062083414,0.0,0.0,1.5707963267948966,3.141592653589793,0.0,3.141592653589793,3.141592653589793,4.663301595172349,0.0,3.141592653589793,0.0,0.0,3.141592653589793,4.71238898038469,0.0,1.5707963267948966,3.141592653589793,1.5707963267948966,3.141592653589793
3.141592653589793,0.0,4.71238898038469,0.09817477042468103,5.105088062083414,0.0,0.0,1.5707963267948966,3.141592653589793,0.0,3.141592653589793,3.141592653589793,4.71238898038469,0.0,3.0925052683774528,0.0,0.0,3.141592653589793,4.71238898038469,0.0,1.5707963267948966,3.141592653589793,1.5707963267948966,3.141592653589793
3.141592653589793,0.0,4.71238898038469,0.09817477042468103,5.105088062083414,0.0,0.0,1.5707963267948966,3.141592653589793,0.0,3.141592653589793,3.141592653589793,4.71238898038469,0.0,3.141592653589793,0.0,0.0,3.0925052683774528,4.71238898038469,0.0,1.5707963267948966,3.141592653589793,1.5707963267948966,3.141592653589793
3.141592653589793,0.0,4.71238898038469,0.09817477042468103,5.105088062083414,0.0,0.0,1.5707963267948966,3.141592653589793,0.0,3.141592653589793,3.141592653589793,4.71238898038469,0.0,3.141592653589793,0.0,0.0,3.141592653589793,4.663301595172349,0.0,1.5707963267948966,3.141592653589793,1.5707963267948966,3.141592653589793
3.141592653589793,0.0,4.71238898038469,0.09817477042468103,5.105088062083414,0.0,0.0,1.5707963267948966,3.141592653589793,0.0,3.141592653589793,3.141592653589793,4.71238898038469,0.0,3.141592653589793,0.0,0.0,3.141592653589793,4.71238898038469,0.0,1.521708941582556,3.141592653589793,1.5707963267948966,3.141592653589793
3.141592653589793,0.0,4.71238898038469,0.09817477042468103,5.105088062083414,0.0,0.0,1.5707963267948966,3.141592653589793,0.0,3.141592653589793,3.141592653589793,4.71238898038469,0.0,3.141592653589793,0.0,0.0,3.141592653589793,4.71238898038469,0.0,1.5707963267948966,3.0925052683774528,1.5707963267948966,3.141592653589793
3.141592653589793,0.0,4.71238898038469,0.09817477042468103,5.105088062083414,0.0,0.0,1.5707963267948966,3.141592653589793,0.0,3.141592653589793,3.141592653589793,4.71238898038469,0.0,3.141592653589793,0.0,0.0,3.141592653589793,4.71238898038469,0.0,1.5707963267948966,3.141592653589793,1.521708941582556,3.141592653589793
3.141592653589793,0.0,4.71238898038469,0.09817477042468103,5.105088062083414,0.0,0.0,1.5707963267948966,3.141592653589793,0.0,3.141592653589793,3.141592653589793,4.71238898038469,0.0,3.141592653589793,0.0,0.0,3.141592653589793,4.71238898038469,0.0,1.5707963267948966,3.141592653589793,1.5707963267948966,3.0925052683774528
3.1661363461959633,0.0,4.71238898038469,0.09817477042468103,5.105088062083414,0.0,0.0,1.5707963267948966,3.141592653589793,0.0,3.141592653589793,3.141592653589793,4.71238898038469,0.0,3.141592653589793,0.0,0.0,3.141592653589793,4.71238898038469,0.0,1.5707963267948966,3.141592653589793,1.5707963267948966,3.141592653589793
3.141592653589793,0.02454369260617026,4.71238898038469,0.09817477042468103,5.105088062083414,0.0,0.0,1.5707963267948966,3.141592653589793,0.0,3.141592653589793,3.141592653589793,4.71238898038469,0.0,3.141592653589793,0.0,0.0,3.141592653589793,4.71238898038469,0.0,1.5707963267948966,3.141592653589793,1.5707963267948966,3.141592653589793
3.141592653589793,0.0,4.73693267299086,0.09817477042468103,5.105088062083414,0.0,0.0,1.5707963267948966,3.141592653589793,0.0,3.141592653589793,3.141592653589793,4.71238898038469,0.0,3.141592653589793,0.0,0.0,3.141592653589793,4.71238898038469,0.0,1.5707963267948966,3.141592653589793,1.5707963267948966,3.141592653589793
3.141592653589793,0.0,4.71238898038469,0.1227184630308513,5.105088062083414,0.0,0.0,1.5707963267948966,3.141592653589793,0.0,3.141592653589793,3.141592653589793,4.71238898038469,0.0,3.141592653589793,0.0,0.0,3.141592653589793,4.71238898038469,0.0,1.5707963267948966,3.141592653589793,1.5707963267948966,3.141592653589793
3.141592653589793,0.0,4.71238898038469,0.09817477042468103,5.129631754689584,0.0,0.0,1.5707963267948966,3.141592653589793,0.0,3.141592653589793,3.141592653589793,4.71238898038469,0.0,3.141592653589793,0.0,0.0,3.141592653589793,4.71238898038469,0.0,1.5707963267948966,3.141592653589793,1.5707963267948966,3.141592653589793
3.141592653589793,0.0,4.71238898038469,0.09817477042468103,5.105088062083414,0.02454369260617026,0.0,1.5707963267948966,3.141592653589793,0.0,3.141592653589793,3.141592653589793,4.71238898038469,0.0,3.141592653589793,0.0,0.0,3.141592653589793,4.71238898038469,0.0,1.5707963267948966,3.141592653589793,1.5707963267948966,3.141592653589793
3.141592653589793,0.0,4.71238898038469,0.09817477042468103,5.105088062083414,0.0,0.02454369260617026,1.5707963267948966,3.141592653589793,0.0,3.141592653589793,3.141592653589793,4.71238898038469,0.0,3.141592653589793,0.0,0.0,3.141592653589793,4.71238898038469,0.0,1.5707963267948966,3.141592653589793,1.5707963267948966,3.141592653589793
3.141592653589793,0.0,4.71238898038469,0.09817477042468103,5.105088062083414,0.0,0.0,1.5953400194010667,3.141592653589793,0.0,3.141592653589793,3.141592653589793,4.71238898038469,0.0,3.141592653589793,0.0,0.0,3.141592653589793,4.71238898038469,0.0,1.5707963267948966,3.141592653589793,1.5707963267948966,3.141592653589793
3.141592653589793,0.0,4.71238898038469,0.09817477042468103,5.105088062083414,0.0,0.0,1.5707963267948966,3.1661363461959633,0.0,3.141592653589793,3.141592653589793,4.71238898038469,0.0,3.141592653589793,0.0,0.0,3.141592653589793,4.71238898038469,0.0,1.5707963267948966,3.141592653589793,1.5707963267948966,3.141592653589793
3.141592653589793,0.0,4.71238898038469,0.09817477042468103,5.105088062083414,0.0,0.0,1.5707963267948966,3.141592653589793,0.02454369260617026,3.141592653589793,3.141592653589793,4.71238898038469,0.0,3.141592653589793,0.0,0.0,3.141592653589793,4.71238898038469,0.0,1.5707963267948966,3.141592653589793,1.5707963267948966,3.141592653589793
3.141592653589793,0.0,4.71238898038469,0.09817477042468103,5.105088062083414,0.0,0.0,1.5707963267948966,3.141592653589793,0.0,3.1661363461959633,3.141592653589793,4.71238898038469,0.0,3.141592653589793,0.0,0.0,3.141592653589793,4.71238898038469,0.0,1.5707963267948966,3.141592653589793,1.5707963267948966,3.141592653589793
3.141592653589793,0.0,4.71238898038469,0.09817477042468103,5.105088062083414,0.0,0.0,1.5707963267948966,3.141592653589793,0.0,3.141592653589793,3.1661363461959633,4.71238898038469,0.0,3.141592653589793,0.0,0.0,3.141592653589793,4.71238898038469,0.0,1.5707963267948966,3.141592653589793,1.5707963267948966,3.141592653589793
3.141592653589793,0.0,4.71238898038469,0.09817477042468103,5.105088062083414,0.0,0.0,1.5707963267948966,3.141592653589793,0.0,3.141592653589793,3.141592653589793,4.73693267299086,0.0,3.141592653589793,0.0,0.0,3.141592653589793,4.71238898038469,0.0,1.5707963267948966,3.141592653589793,1.5707963267948966,3.141592653589793
3.141592653589793,0.0,4.71238898038469,0.09817477042468103,5.105088062083414,0.0,0.0,1.5707963267948966,3.141592653589793,0.0,3.141592653589793,3.141592653589793,4.71238898038469,0.02454369260617026,3.141592653589793,0.0,0.0,3.141592653589793,4.71238898038469,0.0,1.5707963267948966,3.141592653589793,1.5707963267948966,3.141592653589793
3.141592653589793,0.0,4.71238898038469,0.09817477042468103,5.105088062083414,0.0,0.0,1.5707963267948966,3.141592653589793,0.0,3.141592653589793,3.141592653589793,4.71238898038469,0.0,3.1661363461959633,0.0,0.0,3.141592653589793,4.71238898038469,0.0,1.5707963267948966,3.141592653589793,1.5707963267948966,3.141592653589793
3.141592653589793,0.0,4.71238898038469,0.09817477042468103,5.105088062083414,0.0,0.0,1.5707963267948966,3.141592653589793,0.0,3.141592653589793,3.141592653589793,4.71238898038469,0.0,3.141592653589793,0.02454369260617026,0.0,3.141592653589793,4.71238898038469,0.0,1.5707963267948966,3.141592653589793,1.5707963267948966,3.141592653589793
3.141592653589793,0.0,4.71238898038469,0.09817477042468103,5.105088062083414,0.0,0.0,1.5707963267948966,3.141592653589793,0.0,3.141592653589793,3.141592653589793,4.71238898038469,0.0,3.141592653589793,0.0,0.02454369260617026,3.141592653589793,4.71238898038469,0.0,1.5707963267948966,3.141592653589793,1.5707963267948966,3.141592653589793
3.141592653589793,0.0,4.71238898038469,0.09817477042468103,5.105088062083414,0.0,0.0,1.5707963267948966,3.141592653589793,0.0,3.141592653589793,3.141592653589793,4.71238898038469,0.0,3.141592653589793,0.0,0.0,3.1661363461959633,4.71238898038469,0.0,1.5707963267948966,3.141592653589793,1.5707963267948966,3.141592653589793
3.141592653589793,0.0,4.71238898038469,0.09817477042468103,5.105088062083414,0.0,0.0,1.5707963267948966,3.141592653589793,0.0,3.141592653589793,3.141592653589793,4.71238898038469,0.0,3.141592653589793,0.0,0.0,3.141592653589793,4.73693267299086,0.0,1.5707963267948966,3.141592653589793,1.5707963267948966,3.141592653589793
3.141592653589793,0.0,4.71238898038469,0.09817477042468103,5.105088062083414,0.0,0.0,1.5707963267948966,3.141592653589793,0.0,3.141592653589793,3.141592653589793,4.71238898038469,0.0,3.141592653589793,0.0,0.0,3.141592653589793,4.71238898038469,0.02454369260617026,1.5707963267948966,3.141592653589793,1.5707963267948966,3.141592653589793
3.141592653589793,0.0,4.71238898038469,0.09817477042468103,5.105088062083414,0.0,0.0,1.5707963267948966,3.141592653589793,0.0,3.141592653589793,3.141592653589793,4.71238898038469,0.0,3.141592653589793,0.0,0.0,3.141592653589793,4.71238898038469,0.0,1.5953400194010667,3.141592653589793,1.5707963267948966,3.141592653589793
3.141592653589793,0.0,4.71238898038469,0.09817477042468103,5.105088062083414,0.0,0.0,1.5707963267948966,3.141592653589793,0.0,3.141592653589793,3.141592653589793,4.71238898038469,0.0,3.141592653589793,0.0,0.0,3.141592653589793,4.71238898038469,0.0,1.5707963267948966,3.1661363461959633,1.5707963267948966,3.141592653589793
3.141592653589793,0.0,4.71238898038469,0.09817477042468103,5.105088062083414,0.0,0.0,1.5707963267948966,3.141592653589793,0.0,3.141592653589793,3.141592653589793,4.71238898038469,0.0,3.141592653589793,0.0,0.0,3.141592653589793,4.71238898038469,0.0,1.5707963267948966,3.141592653589793,1.5953400194010667,3.141592653589793
3.141592653589793,0.0,4.71238898038469,0.09817477042468103,5.105088062083414,0.0,0.0,1.5707963267948966,3.141592653589793,0.0,3.141592653589793,3.141592653589793,4.71238898038469,0.0,3.141592653589793,0.0,0.0,3.141592653589793,4.71238898038469,0.0,1.5707963267948966,3.141592653589793,1.5707963267948966,3.1661363461959633
3.117048960983623,0.0,4.71238898038469,0.09817477042468103,5.105088062083414,0.0,0.0,1.5707963267948966,3.141592653589793,0.0,3.141592653589793,3.141592653589793,4.71238898038469,0.0,3.141592653589793,0.0,0.0,3.141592653589793,4.71238898038469,0.0,1.5707963267948966,3.141592653589793,1.5707963267948966,3.141592653589793
3.141592653589793,0.0,4.6878452877785195,0.09817477042468103,5.105088062083414,0.0,0.0,1.5707963267948966,3.141592653589793,0.0,3.141592653589793,3.141592653589793,4.71238898038469,0.0,3.141592653589793,0.0,0.0,3.141592653589793,4.71238898038469,0.0,1.5707963267948966,3.141592653589793,1.5707963267948966,3.141592653589793
3.141592653589793,0.0,4.71238898038469,0.07363107781851078,5.105088062083414,0.0,0.0,1.5707963267948966,3.141592653589793,0.0,3.141592653589793,3.141592653589793,4.71238898038469,0.0,3.141592653589793,0.0,0.0,3.141592653589793,4.71238898038469,0.0,1.5707963267948966,3.141592653589793,1.5707963267948966,3.141592653589793
3.141592653589793,0.0,4.71238898038469,0.09817477042468103,5.080544369477243,0.0,0.0,1.5707963267948966,3.141592653589793,0.0,3.141592653589793,3.141592653589793,4.71238898038469,0.0,3.141592653589793,0.0,0.0,3.141592653589793,4.71238898038469,0.0,1.5707963267948966,3.141592653589793,1.5707963267948966,3.141592653589793
3.141592653589793,0.0,4.71238898038469,0.09817477042468103,5.105088062083414,0.0,0.0,1.5462526341887264,3.141592653589793,0.0,3.141592653589793,3.141592653589793,4.71238898038469,0.0,3.141592653589793,0.0,0.0,3.141592653589793,4.71238898038469,0.0,1.5707963267948966,3.141592653589793,1.5707963267948966,3.141592653589793
3.141592653589793,0.0,4.71238898038469,0.09817477042468103,5.105088062083414,0.0,0.0,1.5707963267948966,3.117048960983623,0.0,3.141592653589793,3.141592653589793,4.71238898038469,0.0,3.141592653589793,0.0,0.0,3.141592653589793,4.71238898038469,0.0,1.5707963267948966,3.141592653589793,1.5707963267948966,3.141592653589793
3.141592653589793,0.0,4.71238898038469,0.09817477042468103,5.105088062083414,0.0,0.0,1.5707963267948966,3.141592653589793,0.0,3.117048960983623,3.141592653589793,4.71238898038469,0.0,3.141592653589793,0.0,0.0,3.141592653589793,4.71238898038469,0.0,1.5707963267948966,3.141592653589793,1.5707963267948966,3.141592653589793
3.141592653589793,0.0,4.71238898038469,0.09817477042468103,5.105088062083414,0.0,0.0,1.5707963267948966,3.141592653589793,0.0,3.141592653589793,3.117048960983623,4.71238898038469,0.0,3.141592653589793,0.0,0.0,3.141592653589793,4.71238898038469,0.0,1.5707963267948966,3.141592653589793,1.5707963267948966,3.141592653589793
3.141592653589793,0.0,4.71238898038469,0.09817477042468103,5.105088062083414,0.0,0.0,1.5707963267948966,3.141592653589793,0.0,3.141592653589793,3.141592653589793,4.6878452877785195,0.0,3.141592653589793,0.0,0.0,3.141592653589793,4.71238898038469,0.0,1.5707963267948966,3.141592653589793,1.5707963267948966,3.141592653589793
3.141592653589793,0.0,4.71238898038469,0.09817477042468103,5.105088062083414,0.0,0.0,1.5707963267948966,3.141592653589793,0.0,3.141592653589793,3.141592653589793,4.71238898038469,0.0,3.117048960983623,0.0,0.0,3.141592653589793,4.71238898038469,0.0,1.5707963267948966,3.141592653589793,1.5707963267948966,3.141592653589793
3.141592653589793,0.0,4.71238898038469,0.09817477042468103,5.105088062083414,0.0,0.0,1.5707963267948966,3.141592653589793,0.0,3.141592653589793,3.141592653589793,4.71238898038469,0.0,3.141592653589793,0.0,0.0,3.117048960983623,4.71238898038469,0.0,1.5707963267948966,3.141592653589793,1.5707963267948966,3.141592653589793
3.141592653589793,0.0,4.71238898038469,0.09817477042468103,5.105088062083414,0.0,0.0,1.5707963267948966,3.141592653589793,0.0,3.141592653589793,3.141592653589793,4.71238898038469,0.0,3.141592653589793,0.0,0.0,3.141592653589793,4.6878452877785195,0.0,1.5707963267948966,3.141592653589793,1.5707963267948966,3.141592653589793
3.141592653589793,0.0,4.71238898038469,0.09817477042468103,5.105088062083414,0.0,0.0,1.5707963267948966,3.141592653589793,0.0,3.141592653589793,3.141592653589793,4.71238898038469,0.0,3.141592653589793,0.0,0.0,3.141592653589793,4.71238898038469,0.0,1.5462526341887264,3.141592653589793,1.5707963267948966,3.141592653589793
3.141592653589793,0.0,4.71238898038469,0.09817477042468103,5.105088062083414,0.0,0.0,1.5707963267948966,3.141592653589793,0.0,3.141592653589793,3.141592653589793,4.71238898038469,0.0,3.141592653589793,0.0,0.0,3.141592653589793,4.71238898038469,0.0,1.5707963267948966,3.117048960983623,1.5707963267948966,3.141592653589793
3.141592653589793,0.0,4.71238898038469,0.09817477042468103,5.105088062083414,0.0,0.0,1.5707963267948966,3.141592653589793,0.0,3.141592653589793,3.141592653589793,4.71238898038469,0.0,3.141592653589793,0.0,0.0,3.141592653589793,4.71238898038469,0.0,1.5707963267948966,3.141592653589793,1.5462526341887264,3.141592653589793
3.141592653589793,0.0,4.71238898038469,0.09817477042468103,5.105088062083414,0.0,0.0,1.5707963267948966,3.141592653589793,0.0,3.141592653589793,3.141592653589793,4.71238898038469,0.0,3.141592653589793,0.0,0.0,3.141592653589793,4.71238898038469,0.0,1.5707963267948966,3.141592653589793,1.5707963267948966,3.117048960983623
