0.0,4.71238898038469,0.0,1.5707963267948966,4.71238898038469,0.0,0.0,4.71238898038469,1.5707963267948966,3.141592653589793,0.0,4.71238898038469,0.0,4.71238898038469,4.71238898038469,4.71238898038469,1.5707963267948966,1.5707963267948966,0.0,1.5707963267948966,4.71238898038469,1.5707963267948966,4.71238898038469,0.0
3.141592653589793,4.71238898038469,0.0,1.5707963267948966,4.71238898038469,0.0,0.0,4.71238898038469,1.5707963267948966,3.141592653589793,0.0,4.71238898038469,0.0,4.71238898038469,4.71238898038469,4.71238898038469,1.5707963267948966,1.5707963267948966,0.0,1.5707963267948966,4.71238898038469,1.5707963267948966,4.71238898038469,0.0
0.0,4.71238898038469,3.141592653589793,1.5707963267948966,4.71238898038469,0.0,0.0,4.71238898038469,1.5707963267948966,3.141592653589793,0.0,4.71238898038469,0.0,4.71238898038469,4.71238898038469,4.71238898038469,1.5707963267948966,1.5707963267948966,0.0,1.5707963267948966,4.71238898038469,1.5707963267948966,4.71238898038469,0.0
0.0,4.71238898038469,0.0,4.71238898038469,4.71238898038469,0.0,0.0,4.71238898038469,1.5707963267948966,3.141592653589793,0.0,4.71238898038469,0.0,4.71238898038469,4.71238898038469,4.71238898038469,1.5707963267948966,1.5707963267948966,0.0,1.5707963267948966,4.71238898038469,1.5707963267948966,4.71238898038469,0.0
0.0,4.71238898038469,0.0,1.5707963267948966,4.71238898038469,3.141592653589793,0.0,4.71238898038469,1.5707963267948966,3.141592653589793,0.0,4.71238898038469,0.0,4.71238898038469,4.71238898038469,4.71238898038469,1.5707963267948966,1.5707963267948966,0.0,1.5707963267948966,4.71238898038469,1.5707963267948966,4.71238898038469,0.0
0.0,4.71238898038469,0.0,1.5707963267948966,4.71238898038469,0.0,3.141592653589793,4.71238898038469,1.5707963267948966,3.141592653589793,0.0,4.71238898038469,0.0,4.71238898038469,4.71238898038469,4.71238898038469,1.5707963267948966,1.5707963267948966,0.0,1.5707963267948966,4.71238898038469,1.5707963267948966,4.71238898038469,0.0
0.0,4.71238898038469,0.0,1.5707963267948966,4.71238898038469,0.0,0.0,4.71238898038469,4.71238898038469,3.141592653589793,0.0,4.71238898038469,0.0,4.71238898038469,4.71238898038469,4.71238898038469,1.5707963267948966,1.5707963267948966,0.0,1.5707963267948966,4.71238898038469,1.5707963267948966,4.71238898038469,0.0
0.0,4.71238898038469,0.0,1.5707963267948966,4.71238898038469,0.0,0.0,4.71238898038469,1.5707963267948966,6.283185307179586,0.0,4.71238898038469,0.0,4.71238898038469,4.71238898038469,4.71238898038469,1.5707963267948966,1.5707963267948966,0.0,1.5707963267948966,4.71238898038469,1.5707963267948966,4.71238898038469,0.0
0.0,4.71238898038469,0.0,1.5707963267948966,4.71238898038469,0.0,0.0,4.71238898038469,1.5707963267948966,3.141592653589793,3.141592653589793,4.71238898038469,0.0,4.71238898038469,4.71238898038469,4.71238898038469,1.5707963267948966,1.5707963267948966,0.0,1.5707963267948966,4.71238898038469,1.5707963267948966,4.71238898038469,0.0
0.0,4.71238898038469,0.0,1.5707963267948966,4.71238898038469,0.0,0.0,4.71238898038469,1.5707963267948966,3.141592653589793,0.0,4.71238898038469,3.141592653589793,4.71238898038469,4.71238898038469,4.71238898038469,1.5707963267948966,1.5707963267948966,0.0,1.5707963267948966,4.71238898038469,1.5707963267948966,4.71238898038469,0.0
0.0,4.71238898038469,0.0,1.5707963267948966,4.71238898038469,0.0,0.0,4.71238898038469,1.5707963267948966,3.141592653589793,0.0,4.71238898038469,0.0,4.71238898038469,4.71238898038469,4.71238898038469,4.71238898038469,1.5707963267948966,0.0,1.5707963267948966,4.71238898038469,1.5707963267948966,4.71238898038469,0.0
0.0,4.71238898038469,0.0,1.5707963267948966,4.71238898038469,0.0,0.0,4.71238898038469,1.5707963267948966,3.141592653589793,0.0,4.71238898038469,0.0,4.71238898038469,4.71238898038469,4.71238898038469,1.5707963267948966,4.71238898038469,0.0,1.5707963267948966,4.71238898038469,1.5707963267948966,4.71238898038469,0.0
0.0,4.71238898038469,0.0,1.5707963267948966,4.71238898038469,0.0,0.0,4.71238898038469,1.5707963267948966,3.141592653589793,0.0,4.71238898038469,0.0,4.71238898038469,4.71238898038469,4.71238898038469,1.5707963267948966,1.5707963267948966,3.141592653589793,1.5707963267948966,4.71238898038469,1.5707963267948966,4.71238898038469,0.0
0.0,4.71238898038469,0.0,1.5707963267948966,4.71238898038469,0.0,0.0,4.71238898038469,1.5707963267948966,3.141592653589793,0.0,4.71238898038469,0.0,4.71238898038469,4.71238898038469,4.71238898038469,1.5707963267948966,1.5707963267948966,0.0,4.71238898038469,4.71238898038469,1.5707963267948966,4.71238898038469,0.0
0.0,4.71238898038469,0.0,1.5707963267948966,4.71238898038469,0.0,0.0,4.71238898038469,1.5707963267948966,3.141592653589793,0.0,4.71238898038469,0.0,4.71238898038469,4.71238898038469,4.71238898038469,1.5707963267948966,1.5707963267948966,0.0,1.5707963267948966,4.71238898038469,4.71238898038469,4.71238898038469,0.0
0.0,4.71238898038469,0.0,1.5707963267948966,4.71238898038469,0.0,0.0,4.71238898038469,1.5707963267948966,3.141592653589793,0.0,4.71238898038469,0.0,4.71238898038469,4.71238898038469,4.71238898038469,1.5707963267948966,1.5707963267948966,0.0,1.5707963267948966,4.71238898038469,1.5707963267948966,4.71238898038469,3.141592653589793
0.0,1.5707963267948966,0.0,1.5707963267948966,4.71238898038469,0.0,0.0,4.71238898038469,1.5707963267948966,3.141592653589793,0.0,4.71238898038469,0.0,4.71238898038469,4.71238898038469,4.71238898038469,1.5707963267948966,1.5707963267948966,0.0,1.5707963267948966,4.71238898038469,1.5707963267948966,4.71238898038469,0.0
0.0,4.71238898038469,0.0,1.5707963267948966,1.5707963267948966,0.0,0.0,4.71238898038469,1.5707963267948966,3.141592653589793,0.0,4.71238898038469,0.0,4.71238898038469,4.71238898038469,4.71238898038469,1.5707963267948966,1.5707963267948966,0.0,1.5707963267948966,4.71238898038469,1.5707963267948966,4.71238898038469,0.0
0.0,4.71238898038469,0.0,1.5707963267948966,4.71238898038469,0.0,0.0,1.5707963267948966,1.5707963267948966,3.141592653589793,0.0,4.71238898038469,0.0,4.71238898038469,4.71238898038469,4.71238898038469,1.5707963267948966,1.5707963267948966,0.0,1.5707963267948966,4.71238898038469,1.5707963267948966,4.71238898038469,0.0
0.0,4.71238898038469,0.0,1.5707963267948966,4.71238898038469,0.0,0.0,4.71238898038469,1.5707963267948966,0.0,0.0,4.71238898038469,0.0,4.71238898038469,4.71238898038469,4.71238898038469,1.5707963267948966,1.5707963267948966,0.0,1.5707963267948966,4.71238898038469,1.5707963267948966,4.71238898038469,0.0
0.0,4.71238898038469,0.0,1.5707963267948966,4.71238898038469,0.0,0.0,4.71238898038469,1.5707963267948966,3.141592653589793,0.0,1.5707963267948966,0.0,4.71238898038469,4.71238898038469,4.71238898038469,1.5707963267948966,1.5707963267948966,0.0,1.5707963267948966,4.71238898038469,1.5707963267948966,4.71238898038469,0.0
0.0,4.71238898038469,0.0,1.5707963267948966,4.71238898038469,0.0,0.0,4.71238898038469,1.5707963267948966,3.141592653589793,0.0,4.71238898038469,0.0,1.5707963267948966,4.71238898038469,4.71238898038469,1.5707963267948966,1.5707963267948966,0.0,1.5707963267948966,4.71238898038469,1.5707963267948966,4.71238898038469,0.0
0.0,4.71238898038469,0.0,1.5707963267948966,4.71238898038469,0.0,0.0,4.71238898038469,1.5707963267948966,3.141592653589793,0.0,4.71238898038469,0.0,4.71238898038469,1.5707963267948966,4.71238898038469,1.5707963267948966,1.5707963267948966,0.0,1.5707963267948966,4.71238898038469,1.5707963267948966,4.71238898038469,0.0
0.0,4.71238898038469,0.0,1.5707963267948966,4.71238898038469,0.0,0.0,4.71238898038469,1.5707963267948966,3.141592653589793,0.0,4.71238898038469,0.0,4.71238898038469,4.71238898038469,1.5707963267948966,1.5707963267948966,1.5707963267948966,0.0,1.5707963267948966,4.71238898038469,1.5707963267948966,4.71238898038469,0.0
0.0,4.71238898038469,0.0,1.5707963267948966,4.71238898038469,0.0,0.0,4.71238898038469,1.5707963267948966,3.141592653589793,0.0,4.71238898038469,0.0,4.71238898038469,4.71238898038469,4.71238898038469,1.5707963267948966,1.5707963267948966,0.0,1.5707963267948966,1.5707963267948966,1.5707963267948966,4.71238898038469,0.0
0.0,4.71238898038469,0.0,1.5707963267948966,4.71238898038469,0.0,0.0,4.71238898038469,1.5707963267948966,3.141592653589793,0.0,4.71238898038469,0.0,4.71238898038469,4.71238898038469,4.71238898038469,1.5707963267948966,1.5707963267948966,0.0,1.5707963267948966,4.71238898038469,1.5707963267948966,1.5707963267948966,0.0
0.0,6.283185307179586,0.0,0.0,4.687763979177534,0.0,0.05443338791509603,6.283185307179586,0.0,3.151580606070857,0.0,4.6369713388347,0.0,6.283185307179586,6.283185307179586,6.283185307179586,0.0,0.0,0.0,0.0,4.653510651580223,1.6013318105292167,4.676337475545626,0.0036988833572143553
0.0,5.902060901190018,0.0,0.0,4.700076479781112,0.0,0.027216693957548017,6.283185307179586,0.2791406803932084,3.1465866298303253,0.0,4.674680159609695,0.0,5.882428469105839,5.906295566421066,6.283185307179586,0.28214242368954756,0.39926132496503336,0.0,0.26772926955812143,4.6829498159824565,1.5860640686620566,4.694363227965158,0.0018494416786071777
0.0,5.3072249407873535,0.0,0.0,4.706232730082901,0.0,0.013608346978774008,6.283185307179586,0.9249685035940525,3.1440896417100586,0.0,4.693534569997192,0.0,5.297408724745264,5.309342273402877,6.283185307179586,0.9264693752422221,0.985028825879965,0.0,0.919262798176509,4.6976693981835735,1.5784301977284765,4.703376104174923,0.0009247208393035888
0.0,5.009806960586022,0.0,0.406376360166843,4.709310855233795,0.0,0.006804173489387004,5.8778621685921335,1.2478824151944745,3.142841147649926,0.0,4.702961775190941,0.0,5.004898852564978,5.010865626893783,5.881346905962429,1.2486328510185591,1.2779125763374308,0.0,1.2450295624857028,4.705029189284132,1.5746132622616866,4.7078825422798065,0.0004623604196517944
3.141592653589793,4.71238898038469,0.0,1.5707963267948966,4.71238898038469,0.0,0.0,4.71238898038469,1.5707963267948966,3.141592653589793,0.0,4.71238898038469,0.0,4.71238898038469,4.71238898038469,4.71238898038469,1.5707963267948966,1.5707963267948966,0.0,1.5707963267948966,4.71238898038469,1.5707963267948966,4.71238898038469,0.0
0.0,4.71238898038469,3.141592653589793,1.5707963267948966,4.71238898038469,0.0,0.0,4.71238898038469,1.5707963267948966,3.141592653589793,0.0,4.71238898038469,0.0,4.71238898038469,4.71238898038469,4.71238898038469,1.5707963267948966,1.5707963267948966,0.0,1.5707963267948966,4.71238898038469,1.5707963267948966,4.71238898038469,0.0
0.0,4.71238898038469,0.0,4.71238898038469,4.71238898038469,0.0,0.0,4.71238898038469,1.5707963267948966,3.141592653589793,0.0,4.71238898038469,0.0,4.71238898038469,4.71238898038469,4.71238898038469,1.5707963267948966,1.5707963267948966,0.0,1.5707963267948966,4.71238898038469,1.5707963267948966,4.71238898038469,0.0
0.0,4.71238898038469,0.0,1.5707963267948966,4.71238898038469,3.141592653589793,0.0,4.71238898038469,1.5707963267948966,3.141592653589793,0.0,4.71238898038469,0.0,4.71238898038469,4.71238898038469,4.71238898038469,1.5707963267948966,1.5707963267948966,0.0,1.5707963267948966,4.71238898038469,1.5707963267948966,4.71238898038469,0.0
0.0,4.71238898038469,0.0,1.5707963267948966,4.71238898038469,0.0,3.141592653589793,4.71238898038469,1.5707963267948966,3.141592653589793,0.0,4.71238898038469,0.0,4.71238898038469,4.71238898038469,4.71238898038469,1.5707963267948966,1.5707963267948966,0.0,1.5707963267948966,4.71238898038469,1.5707963267948966,4.71238898038469,0.0
0.0,4.71238898038469,0.0,1.5707963267948966,4.71238898038469,0.0,0.0,4.71238898038469,4.71238898038469,3.141592653589793,0.0,4.71238898038469,0.0,4.71238898038469,4.71238898038469,4.71238898038469,1.5707963267948966,1.5707963267948966,0.0,1.5707963267948966,4.71238898038469,1.5707963267948966,4.71238898038469,0.0
0.0,4.71238898038469,0.0,1.5707963267948966,4.71238898038469,0.0,0.0,4.71238898038469,1.5707963267948966,6.283185307179586,0.0,4.71238898038469,0.0,4.71238898038469,4.71238898038469,4.71238898038469,1.5707963267948966,1.5707963267948966,0.0,1.5707963267948966,4.71238898038469,1.5707963267948966,4.71238898038469,0.0
0.0,4.71238898038469,0.0,1.5707963267948966,4.71238898038469,0.0,0.0,4.71238898038469,1.5707963267948966,3.141592653589793,3.141592653589793,4.71238898038469,0.0,4.71238898038469,4.71238898038469,4.71238898038469,1.5707963267948966,1.5707963267948966,0.0,1.5707963267948966,4.71238898038469,1.5707963267948966,4.71238898038469,0.0
0.0,4.71238898038469,0.0,1.5707963267948966,4.71238898038469,0.0,0.0,4.71238898038469,1.5707963267948966,3.141592653589793,0.0,4.71238898038469,3.141592653589793,4.71238898038469,4.71238898038469,4.71238898038469,1.5707963267948966,1.5707963267948966,0.0,1.5707963267948966,4.71238898038469,1.5707963267948966,4.71238898038469,0.0
0.0,4.71238898038469,0.0,1.5707963267948966,4.71238898038469,0.0,0.0,4.71238898038469,1.5707963267948966,3.141592653589793,0.0,4.71238898038469,0.0,4.71238898038469,4.71238898038469,4.71238898038469,4.71238898038469,1.5707963267948966,0.0,1.5707963267948966,4.71238898038469,1.5707963267948966,4.71238898038469,0.0
0.0,4.71238898038469,0.0,1.5707963267948966,4.71238898038469,0.0,0.0,4.71238898038469,1.5707963267948966,3.141592653589793,0.0,4.71238898038469,0.0,4.71238898038469,4.71238898038469,4.71238898038469,1.5707963267948966,4.71238898038469,0.0,1.5707963267948966,4.71238898038469,1.5707963267948966,4.71238898038469,0.0
0.0,4.71238898038469,0.0,1.5707963267948966,4.71238898038469,0.0,0.0,4.71238898038469,1.5707963267948966,3.141592653589793,0.0,4.71238898038469,0.0,4.71238898038469,4.71238898038469,4.71238898038469,1.5707963267948966,1.5707963267948966,3.141592653589793,1.5707963267948966,4.71238898038469,1.5707963267948966,4.71238898038469,0.0
0.0,4.71238898038469,0.0,1.5707963267948966,4.71238898038469,0.0,0.0,4.71238898038469,1.5707963267948966,3.141592653589793,0.0,4.71238898038469,0.0,4.71238898038469,4.71238898038469,4.71238898038469,1.5707963267948966,1.5707963267948966,0.0,4.71238898038469,4.71238898038469,1.5707963267948966,4.71238898038469,0.0
0.0,4.71238898038469,0.0,1.5707963267948966,4.71238898038469,0.0,0.0,4.71238898038469,1.5707963267948966,3.141592653589793,0.0,4.71238898038469,0.0,4.71238898038469,4.71238898038469,4.71238898038469,1.5707963267948966,1.5707963267948966,0.0,1.5707963267948966,4.71238898038469,4.71238898038469,4.71238898038469,0.0
0.0,4.71238898038469,0.0,1.5707963267948966,4.71238898038469,0.0,0.0,4.71238898038469,1.5707963267948966,3.141592653589793,0.0,4.71238898038469,0.0,4.71238898038469,4.71238898038469,4.71238898038469,1.5707963267948966,1.5707963267948966,0.0,1.5707963267948966,4.71238898038469,1.5707963267948966,4.71238898038469,3.141592653589793
0.0,1.5707963267948966,0.0,1.5707963267948966,4.71238898038469,0.0,0.0,4.71238898038469,1.5707963267948966,3.141592653589793,0.0,4.71238898038469,0.0,4.71238898038469,4.71238898038469,4.71238898038469,1.5707963267948966,1.5707963267948966,0.0,1.5707963267948966,4.71238898038469,1.5707963267948966,4.71238898038469,0.0
0.0,4.71238898038469,0.0,1.5707963267948966,1.5707963267948966,0.0,0.0,4.71238898038469,1.5707963267948966,3.141592653589793,0.0,4.71238898038469,0.0,4.71238898038469,4.71238898038469,4.71238898038469,1.5707963267948966,1.5707963267948966,0.0,1.5707963267948966,4.71238898038469,1.5707963267948966,4.71238898038469,0.0
0.0,4.71238898038469,0.0,1.5707963267948966,4.71238898038469,0.0,0.0,1.5707963267948966,1.5707963267948966,3.141592653589793,0.0,4.71238898038469,0.0,4.71238898038469,4.71238898038469,4.71238898038469,1.5707963267948966,1.5707963267948966,0.0,1.5707963267948966,4.71238898038469,1.5707963267948966,4.71238898038469,0.0
0.0,4.71238898038469,0.0,1.5707963267948966,4.71238898038469,0.0,0.0,4.71238898038469,1.5707963267948966,0.0,0.0,4.71238898038469,0.0,4.71238898038469,4.71238898038469,4.71238898038469,1.5707963267948966,1.5707963267948966,0.0,1.5707963267948966,4.71238898038469,1.5707963267948966,4.71238898038469,0.0
0.0,4.71238898038469,0.0,1.5707963267948966,4.71238898038469,0.0,0.0,4.71238898038469,1.5707963267948966,3.141592653589793,0.0,1.5707963267948966,0.0,4.71238898038469,4.71238898038469,4.71238898038469,1.5707963267948966,1.5707963267948966,0.0,1.5707963267948966,4.71238898038469,1.5707963267948966,4.71238898038469,0.0
0.0,4.71238898038469,0.0,1.5707963267948966,4.71238898038469,0.0,0.0,4.71238898038469,1.5707963267948966,3.141592653589793,0.0,4.71238898038469,0.0,1.5707963267948966,4.71238898038469,4.71238898038469,1.5707963267948966,1.5707963267948966,0.0,1.5707963267948966,4.71238898038469,1.5707963267948966,4.71238898038469,0.0
0.0,4.71238898038469,0.0,1.5707963267948966,4.71238898038469,0.0,0.0,4.71238898038469,1.5707963267948966,3.141592653589793,0.0,4.71238898038469,0.0,4.71238898038469,1.5707963267948966,4.71238898038469,1.5707963267948966,1.5707963267948966,0.0,1.5707963267948966,4.71238898038469,1.5707963267948966,4.71238898038469,0.0
0.0,4.71238898038469,0.0,1.5707963267948966,4.71238898038469,0.0,0.0,4.71238898038469,1.5707963267948966,3.141592653589793,0.0,4.71238898038469,0.0,4.71238898038469,4.71238898038469,1.5707963267948966,1.5707963267948966,1.5707963267948966,0.0,1.5707963267948966,4.71238898038469,1.5707963267948966,4.71238898038469,0.0
0.0,4.71238898038469,0.0,1.5707963267948966,4.71238898038469,0.0,0.0,4.71238898038469,1.5707963267948966,3.141592653589793,0.0,4.71238898038469,0.0,4.71238898038469,4.71238898038469,4.71238898038469,1.5707963267948966,1.5707963267948966,0.0,1.5707963267948966,1.5707963267948966,1.5707963267948966,4.71238898038469,0.0
0.0,4.71238898038469,0.0,1.5707963267948966,4.71238898038469,0.0,0.0,4.71238898038469,1.5707963267948966,3.141592653589793,0.0,4.71238898038469,0.0,4.71238898038469,4.71238898038469,4.71238898038469,1.5707963267948966,1.5707963267948966,0.0,1.5707963267948966,4.71238898038469,1.5707963267948966,1.5707963267948966,0.0
1.5707963267948966,4.71238898038469,0.0,1.5707963267948966,4.71238898038469,0.0,0.0,4.71238898038469,1.5707963267948966,3.141592653589793,0.0,1.5707963267948966,0.0,4.71238898038469,4.71238898038469,4.71238898038469,1.5707963267948966,1.5707963267948966,0.0,1.5707963267948966,4.71238898038469,1.5707963267948966,4.71238898038469,0.0
0.0,6.283185307179586,0.0,1.5707963267948966,4.71238898038469,0.0,0.0,4.71238898038469,1.5707963267948966,3.141592653589793,0.0,1.5707963267948966,0.0,4.71238898038469,4.71238898038469,4.71238898038469,1.5707963267948966,1.5707963267948966,0.0,1.5707963267948966,4.71238898038469,1.5707963267948966,4.71238898038469,0.0
0.0,4.71238898038469,1.5707963267948966,1.5707963267948966,4.71238898038469,0.0,0.0,4.71238898038469,1.5707963267948966,3.141592653589793,0.0,1.5707963267948966,0.0,4.71238898038469,4.71238898038469,4.71238898038469,1.5707963267948966,1.5707963267948966,0.0,1.5707963267948966,4.71238898038469,1.5707963267948966,4.71238898038469,0.0
0.0,4.71238898038469,0.0,3.141592653589793,4.71238898038469,0.0,0.0,4.71238898038469,1.5707963267948966,3.141592653589793,0.0,1.5707963267948966,0.0,4.71238898038469,4.71238898038469,4.71238898038469,1.5707963267948966,1.5707963267948966,0.0,1.5707963267948966,4.71238898038469,1.5707963267948966,4.71238898038469,0.0
0.0,4.71238898038469,0.0,1.5707963267948966,6.283185307179586,0.0,0.0,4.71238898038469,1.5707963267948966,3.141592653589793,0.0,1.5707963267948966,0.0,4.71238898038469,4.71238898038469,4.71238898038469,1.5707963267948966,1.5707963267948966,0.0,1.5707963267948966,4.71238898038469,1.5707963267948966,4.71238898038469,0.0
0.0,4.71238898038469,0.0,1.5707963267948966,4.71238898038469,1.5707963267948966,0.0,4.71238898038469,1.5707963267948966,3.141592653589793,0.0,1.5707963267948966,0.0,4.71238898038469,4.71238898038469,4.71238898038469,1.5707963267948966,1.5707963267948966,0.0,1.5707963267948966,4.71238898038469,1.5707963267948966,4.71238898038469,0.0
0.0,4.71238898038469,0.0,1.5707963267948966,4.71238898038469,0.0,1.5707963267948966,4.71238898038469,1.5707963267948966,3.141592653589793,0.0,1.5707963267948966,0.0,4.71238898038469,4.71238898038469,4.71238898038469,1.5707963267948966,1.5707963267948966,0.0,1.5707963267948966,4.71238898038469,1.5707963267948966,4.71238898038469,0.0
0.0,4.71238898038469,0.0,1.5707963267948966,4.71238898038469,0.0,0.0,6.283185307179586,1.5707963267948966,3.141592653589793,0.0,1.5707963267948966,0.0,4.71238898038469,4.71238898038469,4.71238898038469,1.5707963267948966,1.5707963267948966,0.0,1.5707963267948966,4.71238898038469,1.5707963267948966,4.71238898038469,0.0
0.0,4.71238898038469,0.0,1.5707963267948966,4.71238898038469,0.0,0.0,4.71238898038469,3.141592653589793,3.141592653589793,0.0,1.5707963267948966,0.0,4.71238898038469,4.71238898038469,4.71238898038469,1.5707963267948966,1.5707963267948966,0.0,1.5707963267948966,4.71238898038469,1.5707963267948966,4.71238898038469,0.0
0.0,4.71238898038469,0.0,1.5707963267948966,4.71238898038469,0.0,0.0,4.71238898038469,1.5707963267948966,4.71238898038469,0.0,1.5707963267948966,0.0,4.71238898038469,4.71238898038469,4.71238898038469,1.5707963267948966,1.5707963267948966,0.0,1.5707963267948966,4.71238898038469,1.5707963267948966,4.71238898038469,0.0
0.0,4.71238898038469,0.0,1.5707963267948966,4.71238898038469,0.0,0.0,4.71238898038469,1.5707963267948966,3.141592653589793,1.5707963267948966,1.5707963267948966,0.0,4.71238898038469,4.71238898038469,4.71238898038469,1.5707963267948966,1.5707963267948966,0.0,1.5707963267948966,4.71238898038469,1.5707963267948966,4.71238898038469,0.0
0.0,4.71238898038469,0.0,1.5707963267948966,4.71238898038469,0.0,0.0,4.71238898038469,1.5707963267948966,3.141592653589793,0.0,3.141592653589793,0.0,4.71238898038469,4.71238898038469,4.71238898038469,1.5707963267948966,1.5707963267948966,0.0,1.5707963267948966,4.71238898038469,1.5707963267948966,4.71238898038469,0.0
0.0,4.71238898038469,0.0,1.5707963267948966,4.71238898038469,0.0,0.0,4.71238898038469,1.5707963267948966,3.141592653589793,0.0,1.5707963267948966,1.5707963267948966,4.71238898038469,4.71238898038469,4.71238898038469,1.5707963267948966,1.5707963267948966,0.0,1.5707963267948966,4.71238898038469,1.5707963267948966,4.71238898038469,0.0
0.0,4.71238898038469,0.0,1.5707963267948966,4.71238898038469,0.0,0.0,4.71238898038469,1.5707963267948966,3.141592653589793,0.0,1.5707963267948966,0.0,6.283185307179586,4.71238898038469,4.71238898038469,1.5707963267948966,1.5707963267948966,0.0,1.5707963267948966,4.71238898038469,1.5707963267948966,4.71238898038469,0.0
0.0,4.71238898038469,0.0,1.5707963267948966,4.71238898038469,0.0,0.0,4.71238898038469,1.5707963267948966,3.141592653589793,0.0,1.5707963267948966,0.0,4.71238898038469,6.283185307179586,4.71238898038469,1.5707963267948966,1.5707963267948966,0.0,1.5707963267948966,4.71238898038469,1.5707963267948966,4.71238898038469,0.0
0.0,4.71238898038469,0.0,1.5707963267948966,4.71238898038469,0.0,0.0,4.71238898038469,1.5707963267948966,3.141592653589793,0.0,1.5707963267948966,0.0,4.71238898038469,4.71238898038469,6.283185307179586,1.5707963267948966,1.5707963267948966,0.0,1.5707963267948966,4.71238898038469,1.5707963267948966,4.71238898038469,0.0
0.0,4.71238898038469,0.0,1.5707963267948966,4.71238898038469,0.0,0.0,4.71238898038469,1.5707963267948966,3.141592653589793,0.0,1.5707963267948966,0.0,4.71238898038469,4.71238898038469,4.71238898038469,3.141592653589793,1.5707963267948966,0.0,1.5707963267948966,4.71238898038469,1.5707963267948966,4.71238898038469,0.0
0.0,4.71238898038469,0.0,1.5707963267948966,4.71238898038469,0.0,0.0,4.71238898038469,1.5707963267948966,3.141592653589793,0.0,1.5707963267948966,0.0,4.71238898038469,4.71238898038469,4.71238898038469,1.5707963267948966,3.141592653589793,0.0,1.5707963267948966,4.71238898038469,1.5707963267948966,4.71238898038469,0.0
0.0,4.71238898038469,0.0,1.5707963267948966,4.71238898038469,0.0,0.0,4.71238898038469,1.5707963267948966,3.141592653589793,0.0,1.5707963267948966,0.0,4.71238898038469,4.71238898038469,4.71238898038469,1.5707963267948966,1.5707963267948966,1.5707963267948966,1.5707963267948966,4.71238898038469,1.5707963267948966,4.71238898038469,0.0
0.0,4.71238898038469,0.0,1.5707963267948966,4.71238898038469,0.0,0.0,4.71238898038469,1.5707963267948966,3.141592653589793,0.0,1.5707963267948966,0.0,4.71238898038469,4.71238898038469,4.71238898038469,1.5707963267948966,1.5707963267948966,0.0,3.141592653589793,4.71238898038469,1.5707963267948966,4.71238898038469,0.0
0.0,4.71238898038469,0.0,1.5707963267948966,4.71238898038469,0.0,0.0,4.71238898038469,1.5707963267948966,3.141592653589793,0.0,1.5707963267948966,0.0,4.71238898038469,4.71238898038469,4.71238898038469,1.5707963267948966,1.5707963267948966,0.0,1.5707963267948966,6.283185307179586,1.5707963267948966,4.71238898038469,0.0
0.0,4.71238898038469,0.0,1.5707963267948966,4.71238898038469,0.0,0.0,4.71238898038469,1.5707963267948966,3.141592653589793,0.0,1.5707963267948966,0.0,4.71238898038469,4.71238898038469,4.71238898038469,1.5707963267948966,1.5707963267948966,0.0,1.5707963267948966,4.71238898038469,3.141592653589793,4.71238898038469,0.0
0.0,4.71238898038469,0.0,1.5707963267948966,4.71238898038469,0.0,0.0,4.71238898038469,1.5707963267948966,3.141592653589793,0.0,1.5707963267948966,0.0,4.71238898038469,4.71238898038469,4.71238898038469,1.5707963267948966,1.5707963267948966,0.0,1.5707963267948966,4.71238898038469,1.5707963267948966,6.283185307179586,0.0
0.0,4.71238898038469,0.0,1.5707963267948966,4.71238898038469,0.0,0.0,4.71238898038469,1.5707963267948966,3.141592653589793,0.0,1.5707963267948966,0.0,4.71238898038469,4.71238898038469,4.71238898038469,1.5707963267948966,1.5707963267948966,0.0,1.5707963267948966,4.71238898038469,1.5707963267948966,4.71238898038469,1.5707963267948966
0.0,3.141592653589793,0.0,1.5707963267948966,4.71238898038469,0.0,0.0,4.71238898038469,1.5707963267948966,3.141592653589793,0.0,1.5707963267948966,0.0,4.71238898038469,4.71238898038469,4.71238898038469,1.5707963267948966,1.5707963267948966,0.0,1.5707963267948966,4.71238898038469,1.5707963267948966,4.71238898038469,0.0
0.0,4.71238898038469,0.0,0.0,4.71238898038469,0.0,0.0,4.71238898038469,1.5707963267948966,3.141592653589793,0.0,1.5707963267948966,0.0,4.71238898038469,4.71238898038469,4.71238898038469,1.5707963267948966,1.5707963267948966,0.0,1.5707963267948966,4.71238898038469,1.5707963267948966,4.71238898038469,0.0
0.0,4.71238898038469,0.0,1.5707963267948966,3.141592653589793,0.0,0.0,4.71238898038469,1.5707963267948966,3.141592653589793,0.0,1.5707963267948966,0.0,4.71238898038469,4.71238898038469,4.71238898038469,1.5707963267948966,1.5707963267948966,0.0,1.5707963267948966,4.71238898038469,1.5707963267948966,4.71238898038469,0.0
0.0,4.71238898038469,0.0,1.5707963267948966,4.71238898038469,0.0,0.0,3.141592653589793,1.5707963267948966,3.141592653589793,0.0,1.5707963267948966,0.0,4.71238898038469,4.71238898038469,4.71238898038469,1.5707963267948966,1.5707963267948966,0.0,1.5707963267948966,4.71238898038469,1.5707963267948966,4.71238898038469,0.0
0.0,4.71238898038469,0.0,1.5707963267948966,4.71238898038469,0.0,0.0,4.71238898038469,0.0,3.141592653589793,0.0,1.5707963267948966,0.0,4.71238898038469,4.71238898038469,4.71238898038469,1.5707963267948966,1.5707963267948966,0.0,1.5707963267948966,4.71238898038469,1.5707963267948966,4.71238898038469,0.0
0.0,4.71238898038469,0.0,1.5707963267948966,4.71238898038469,0.0,0.0,4.71238898038469,1.5707963267948966,1.5707963267948966,0.0,1.5707963267948966,0.0,4.71238898038469,4.71238898038469,4.71238898038469,1.5707963267948966,1.5707963267948966,0.0,1.5707963267948966,4.71238898038469,1.5707963267948966,4.71238898038469,0.0
0.0,4.71238898038469,0.0,1.5707963267948966,4.71238898038469,0.0,0.0,4.71238898038469,1.5707963267948966,3.141592653589793,0.0,0.0,0.0,4.71238898038469,4.71238898038469,4.71238898038469,1.5707963267948966,1.5707963267948966,0.0,1.5707963267948966,4.71238898038469,1.5707963267948966,4.71238898038469,0.0
0.0,4.71238898038469,0.0,1.5707963267948966,4.71238898038469,0.0,0.0,4.71238898038469,1.5707963267948966,3.141592653589793,0.0,1.5707963267948966,0.0,3.141592653589793,4.71238898038469,4.71238898038469,1.5707963267948966,1.5707963267948966,0.0,1.5707963267948966,4.71238898038469,1.5707963267948966,4.71238898038469,0.0
0.0,4.71238898038469,0.0,1.5707963267948966,4.71238898038469,0.0,0.0,4.71238898038469,1.5707963267948966,3.141592653589793,0.0,1.5707963267948966,0.0,4.71238898038469,3.141592653589793,4.71238898038469,1.5707963267948966,1.5707963267948966,0.0,1.5707963267948966,4.71238898038469,1.5707963267948966,4.71238898038469,0.0
0.0,4.71238898038469,0.0,1.5707963267948966,4.71238898038469,0.0,0.0,4.71238898038469,1.5707963267948966,3.141592653589793,0.0,1.5707963267948966,0.0,4.71238898038469,4.71238898038469,3.141592653589793,1.5707963267948966,1.5707963267948966,0.0,1.5707963267948966,4.71238898038469,1.5707963267948966,4.71238898038469,0.0
0.0,4.71238898038469,0.0,1.5707963267948966,4.71238898038469,0.0,0.0,4.71238898038469,1.5707963267948966,3.141592653589793,0.0,1.5707963267948966,0.0,4.71238898038469,4.71238898038469,4.71238898038469,0.0,1.5707963267948966,0.0,1.5707963267948966,4.71238898038469,1.5707963267948966,4.71238898038469,0.0
0.0,4.71238898038469,0.0,1.5707963267948966,4.71238898038469,0.0,0.0,4.71238898038469,1.5707963267948966,3.141592653589793,0.0,1.5707963267948966,0.0,4.71238898038469,4.71238898038469,4.71238898038469,1.5707963267948966,0.0,0.0,1.5707963267948966,4.71238898038469,1.5707963267948966,4.71238898038469,0.0
0.0,4.71238898038469,0.0,1.5707963267948966,4.71238898038469,0.0,0.0,4.71238898038469,1.5707963267948966,3.141592653589793,0.0,1.5707963267948966,0.0,4.71238898038469,4.71238898038469,4.71238898038469,1.5707963267948966,1.5707963267948966,0.0,0.0,4.71238898038469,1.5707963267948966,4.71238898038469,0.0
0.0,4.71238898038469,0.0,1.5707963267948966,4.71238898038469,0.0,0.0,4.71238898038469,1.5707963267948966,3.141592653589793,0.0,1.5707963267948966,0.0,4.71238898038469,4.71238898038469,4.71238898038469,1.5707963267948966,1.5707963267948966,0.0,1.5707963267948966,3.141592653589793,1.5707963267948966,4.71238898038469,0.0
0.0,4.71238898038469,0.0,1.5707963267948966,4.71238898038469,0.0,0.0,4.71238898038469,1.5707963267948966,3.141592653589793,0.0,1.5707963267948966,0.0,4.71238898038469,4.71238898038469,4.71238898038469,1.5707963267948966,1.5707963267948966,0.0,1.5707963267948966,4.71238898038469,0.0,4.71238898038469,0.0
0.0,4.71238898038469,0.0,1.5707963267948966,4.71238898038469,0.0,0.0,4.71238898038469,1.5707963267948966,3.141592653589793,0.0,1.5707963267948966,0.0,4.71238898038469,4.71238898038469,4.71238898038469,1.5707963267948966,1.5707963267948966,0.0,1.5707963267948966,4.71238898038469,1.5707963267948966,3.141592653589793,0.0
0.7853981633974483,4.71238898038469,0.0,1.5707963267948966,4.71238898038469,0.0,0.0,4.71238898038469,1.5707963267948966,3.141592653589793,0.0,1.5707963267948966,0.0,4.71238898038469,4.71238898038469,4.71238898038469,1.5707963267948966,1.5707963267948966,0.0,1.5707963267948966,4.71238898038469,1.5707963267948966,4.71238898038469,0.0
0.0,5.497787143782138,0.0,1.5707963267948966,4.71238898038469,0.0,0.0,4.71238898038469,1.5707963267948966,3.141592653589793,0.0,1.5707963267948966,0.0,4.71238898038469,4.71238898038469,4.71238898038469,1.5707963267948966,1.5707963267948966,0.0,1.5707963267948966,4.71238898038469,1.5707963267948966,4.71238898038469,0.0
0.0,4.71238898038469,0.7853981633974483,1.5707963267948966,4.71238898038469,0.0,0.0,4.71238898038469,1.5707963267948966,3.141592653589793,0.0,1.5707963267948966,0.0,4.71238898038469,4.71238898038469,4.71238898038469,1.5707963267948966,1.5707963267948966,0.0,1.5707963267948966,4.71238898038469,1.5707963267948966,4.71238898038469,0.0
0.0,4.71238898038469,0.0,2.356194490192345,4.71238898038469,0.0,0.0,4.71238898038469,1.5707963267948966,3.141592653589793,0.0,1.5707963267948966,0.0,4.71238898038469,4.71238898038469,4.71238898038469,1.5707963267948966,1.5707963267948966,0.0,1.5707963267948966,4.71238898038469,1.5707963267948966,4.71238898038469,0.0
0.0,4.71238898038469,0.0,1.5707963267948966,5.497787143782138,0.0,0.0,4.71238898038469,1.5707963267948966,3.141592653589793,0.0,1.5707963267948966,0.0,4.71238898038469,4.71238898038469,4.71238898038469,1.5707963267948966,1.5707963267948966,0.0,1.5707963267948966,4.71238898038469,1.5707963267948966,4.71238898038469,0.0
0.0,4.71238898038469,0.0,1.5707963267948966,4.71238898038469,0.7853981633974483,0.0,4.71238898038469,1.5707963267948966,3.141592653589793,0.0,1.5707963267948966,0.0,4.71238898038469,4.71238898038469,4.71238898038469,1.5707963267948966,1.5707963267948966,0.0,1.5707963267948966,4.71238898038469,1.5707963267948966,4.71238898038469,0.0
0.0,4.71238898038469,0.0,1.5707963267948966,4.71238898038469,0.0,0.7853981633974483,4.71238898038469,1.5707963267948966,3.141592653589793,0.0,1.5707963267948966,0.0,4.71238898038469,4.71238898038469,4.71238898038469,1.5707963267948966,1.5707963267948966,0.0,1.5707963267948966,4.71238898038469,1.5707963267948966,4.71238898038469,0.0
0.0,4.71238898038469,0.0,1.5707963267948966,4.71238898038469,0.0,0.0,5.497787143782138,1.5707963267948966,3.141592653589793,0.0,1.5707963267948966,0.0,4.71238898038469,4.71238898038469,4.71238898038469,1.5707963267948966,1.5707963267948966,0.0,1.5707963267948966,4.71238898038469,1.5707963267948966,4.71238898038469,0.0
0.0,4.71238898038469,0.0,1.5707963267948966,4.71238898038469,0.0,0.0,4.71238898038469,2.356194490192345,3.141592653589793,0.0,1.5707963267948966,0.0,4.71238898038469,4.71238898038469,4.71238898038469,1.5707963267948966,1.5707963267948966,0.0,1.5707963267948966,4.71238898038469,1.5707963267948966,4.71238898038469,0.0
0.0,4.71238898038469,0.0,1.5707963267948966,4.71238898038469,0.0,0.0,4.71238898038469,1.5707963267948966,3.9269908169872414,0.0,1.5707963267948966,0.0,4.71238898038469,4.71238898038469,4.71238898038469,1.5707963267948966,1.5707963267948966,0.0,1.5707963267948966,4.71238898038469,1.5707963267948966,4.71238898038469,0.0
0.0,4.71238898038469,0.0,1.5707963267948966,4.71238898038469,0.0,0.0,4.71238898038469,1.5707963267948966,3.141592653589793,0.7853981633974483,1.5707963267948966,0.0,4.71238898038469,4.71238898038469,4.71238898038469,1.5707963267948966,1.5707963267948966,0.0,1.5707963267948966,4.71238898038469,1.5707963267948966,4.71238898038469,0.0
0.0,4.71238898038469,0.0,1.5707963267948966,4.71238898038469,0.0,0.0,4.71238898038469,1.5707963267948966,3.141592653589793,0.0,2.356194490192345,0.0,4.71238898038469,4.71238898038469,4.71238898038469,1.5707963267948966,1.5707963267948966,0.0,1.5707963267948966,4.71238898038469,1.5707963267948966,4.71238898038469,0.0
0.0,4.71238898038469,0.0,1.5707963267948966,4.71238898038469,0.0,0.0,4.71238898038469,1.5707963267948966,3.141592653589793,0.0,1.5707963267948966,0.7853981633974483,4.71238898038469,4.71238898038469,4.71238898038469,1.5707963267948966,1.5707963267948966,0.0,1.5707963267948966,4.71238898038469,1.5707963267948966,4.71238898038469,0.0
0.0,4.71238898038469,0.0,1.5707963267948966,4.71238898038469,0.0,0.0,4.71238898038469,1.5707963267948966,3.141592653589793,0.0,1.5707963267948966,0.0,5.497787143782138,4.71238898038469,4.71238898038469,1.5707963267948966,1.5707963267948966,0.0,1.5707963267948966,4.71238898038469,1.5707963267948966,4.71238898038469,0.0
0.0,4.71238898038469,0.0,1.5707963267948966,4.71238898038469,0.0,0.0,4.71238898038469,1.5707963267948966,3.141592653589793,0.0,1.5707963267948966,0.0,4.71238898038469,5.497787143782138,4.71238898038469,1.5707963267948966,1.5707963267948966,0.0,1.5707963267948966,4.71238898038469,1.5707963267948966,4.71238898038469,0.0
0.0,4.71238898038469,0.0,1.5707963267948966,4.71238898038469,0.0,0.0,4.71238898038469,1.5707963267948966,3.141592653589793,0.0,1.5707963267948966,0.0,4.71238898038469,4.71238898038469,5.497787143782138,1.5707963267948966,1.5707963267948966,0.0,1.5707963267948966,4.71238898038469,1.5707963267948966,4.71238898038469,0.0
0.0,4.71238898038469,0.0,1.5707963267948966,4.71238898038469,0.0,0.0,4.71238898038469,1.5707963267948966,3.141592653589793,0.0,1.5707963267948966,0.0,4.71238898038469,4.71238898038469,4.71238898038469,2.356194490192345,1.5707963267948966,0.0,1.5707963267948966,4.71238898038469,1.5707963267948966,4.71238898038469,0.0
0.0,4.71238898038469,0.0,1.5707963267948966,4.71238898038469,0.0,0.0,4.71238898038469,1.5707963267948966,3.141592653589793,0.0,1.5707963267948966,0.0,4.71238898038469,4.71238898038469,4.71238898038469,1.5707963267948966,2.356194490192345,0.0,1.5707963267948966,4.71238898038469,1.5707963267948966,4.71238898038469,0.0
0.0,4.71238898038469,0.0,1.5707963267948966,4.71238898038469,0.0,0.0,4.71238898038469,1.5707963267948966,3.141592653589793,0.0,1.5707963267948966,0.0,4.71238898038469,4.71238898038469,4.71238898038469,1.5707963267948966,1.5707963267948966,0.7853981633974483,1.5707963267948966,4.71238898038469,1.5707963267948966,4.71238898038469,0.0
0.0,4.71238898038469,0.0,1.5707963267948966,4.71238898038469,0.0,0.0,4.71238898038469,1.5707963267948966,3.141592653589793,0.0,1.5707963267948966,0.0,4.71238898038469,4.71238898038469,4.71238898038469,1.5707963267948966,1.5707963267948966,0.0,2.356194490192345,4.71238898038469,1.5707963267948966,4.71238898038469,0.0
0.0,4.71238898038469,0.0,1.5707963267948966,4.71238898038469,0.0,0.0,4.71238898038469,1.5707963267948966,3.141592653589793,0.0,1.5707963267948966,0.0,4.71238898038469,4.71238898038469,4.71238898038469,1.5707963267948966,1.5707963267948966,0.0,1.5707963267948966,5.497787143782138,1.5707963267948966,4.71238898038469,0.0
0.0,4.71238898038469,0.0,1.5707963267948966,4.71238898038469,0.0,0.0,4.71238898038469,1.5707963267948966,3.141592653589793,0.0,1.5707963267948966,0.0,4.71238898038469,4.71238898038469,4.71238898038469,1.5707963267948966,1.5707963267948966,0.0,1.5707963267948966,4.71238898038469,2.356194490192345,4.71238898038469,0.0
0.0,4.71238898038469,0.0,1.5707963267948966,4.71238898038469,0.0,0.0,4.71238898038469,1.5707963267948966,3.141592653589793,0.0,1.5707963267948966,0.0,4.71238898038469,4.71238898038469,4.71238898038469,1.5707963267948966,1.5707963267948966,0.0,1.5707963267948966,4.71238898038469,1.5707963267948966,5.497787143782138,0.0
0.0,4.71238898038469,0.0,1.5707963267948966,4.71238898038469,0.0,0.0,4.71238898038469,1.5707963267948966,3.141592653589793,0.0,1.5707963267948966,0.0,4.71238898038469,4.71238898038469,4.71238898038469,1.5707963267948966,1.5707963267948966,0.0,1.5707963267948966,4.71238898038469,1.5707963267948966,4.71238898038469,0.7853981633974483
0.0,3.9269908169872414,0.0,1.5707963267948966,4.71238898038469,0.0,0.0,4.71238898038469,1.5707963267948966,3.141592653589793,0.0,1.5707963267948966,0.0,4.71238898038469,4.71238898038469,4.71238898038469,1.5707963267948966,1.5707963267948966,0.0,1.5707963267948966,4.71238898038469,1.5707963267948966,4.71238898038469,0.0
0.0,4.71238898038469,0.0,0.7853981633974483,4.71238898038469,0.0,0.0,4.71238898038469,1.5707963267948966,3.141592653589793,0.0,1.5707963267948966,0.0,4.71238898038469,4.71238898038469,4.71238898038469,1.5707963267948966,1.5707963267948966,0.0,1.5707963267948966,4.71238898038469,1.5707963267948966,4.71238898038469,0.0
0.0,4.71238898038469,0.0,1.5707963267948966,3.9269908169872414,0.0,0.0,4.71238898038469,1.5707963267948966,3.141592653589793,0.0,1.5707963267948966,0.0,4.71238898038469,4.71238898038469,4.71238898038469,1.5707963267948966,1.5707963267948966,0.0,1.5707963267948966,4.71238898038469,1.5707963267948966,4.71238898038469,0.0
0.0,4.71238898038469,0.0,1.5707963267948966,4.71238898038469,0.0,0.0,3.9269908169872414,1.5707963267948966,3.141592653589793,0.0,1.5707963267948966,0.0,4.71238898038469,4.71238898038469,4.71238898038469,1.5707963267948966,1.5707963267948966,0.0,1.5707963267948966,4.71238898038469,1.5707963267948966,4.71238898038469,0.0
0.0,4.71238898038469,0.0,1.5707963267948966,4.71238898038469,0.0,0.0,4.71238898038469,0.7853981633974483,3.141592653589793,0.0,1.5707963267948966,0.0,4.71238898038469,4.71238898038469,4.71238898038469,1.5707963267948966,1.5707963267948966,0.0,1.5707963267948966,4.71238898038469,1.5707963267948966,4.71238898038469,0.0
0.0,4.71238898038469,0.0,1.5707963267948966,4.71238898038469,0.0,0.0,4.71238898038469,1.5707963267948966,2.356194490192345,0.0,1.5707963267948966,0.0,4.71238898038469,4.71238898038469,4.71238898038469,1.5707963267948966,1.5707963267948966,0.0,1.5707963267948966,4.71238898038469,1.5707963267948966,4.71238898038469,0.0
0.0,4.71238898038469,0.0,1.5707963267948966,4.71238898038469,0.0,0.0,4.71238898038469,1.5707963267948966,3.141592653589793,0.0,0.7853981633974483,0.0,4.71238898038469,4.71238898038469,4.71238898038469,1.5707963267948966,1.5707963267948966,0.0,1.5707963267948966,4.71238898038469,1.5707963267948966,4.71238898038469,0.0
0.0,4.71238898038469,0.0,1.5707963267948966,4.71238898038469,0.0,0.0,4.71238898038469,1.5707963267948966,3.141592653589793,0.0,1.5707963267948966,0.0,3.9269908169872414,4.71238898038469,4.71238898038469,1.5707963267948966,1.5707963267948966,0.0,1.5707963267948966,4.71238898038469,1.5707963267948966,4.71238898038469,0.0
0.0,4.71238898038469,0.0,1.5707963267948966,4.71238898038469,0.0,0.0,4.71238898038469,1.5707963267948966,3.141592653589793,0.0,1.5707963267948966,0.0,4.71238898038469,3.9269908169872414,4.71238898038469,1.5707963267948966,1.5707963267948966,0.0,1.5707963267948966,4.71238898038469,1.5707963267948966,4.71238898038469,0.0
0.0,4.71238898038469,0.0,1.5707963267948966,4.71238898038469,0.0,0.0,4.71238898038469,1.5707963267948966,3.141592653589793,0.0,1.5707963267948966,0.0,4.71238898038469,4.71238898038469,3.9269908169872414,1.5707963267948966,1.5707963267948966,0.0,1.5707963267948966,4.71238898038469,1.5707963267948966,4.71238898038469,0.0
0.0,4.71238898038469,0.0,1.5707963267948966,4.71238898038469,0.0,0.0,4.71238898038469,1.5707963267948966,3.141592653589793,0.0,1.5707963267948966,0.0,4.71238898038469,4.71238898038469,4.71238898038469,0.7853981633974483,1.5707963267948966,0.0,1.5707963267948966,4.71238898038469,1.5707963267948966,4.71238898038469,0.0
0.0,4.71238898038469,0.0,1.5707963267948966,4.71238898038469,0.0,0.0,4.71238898038469,1.5707963267948966,3.141592653589793,0.0,1.5707963267948966,0.0,4.71238898038469,4.71238898038469,4.71238898038469,1.5707963267948966,0.7853981633974483,0.0,1.5707963267948966,4.71238898038469,1.5707963267948966,4.71238898038469,0.0
0.0,4.71238898038469,0.0,1.5707963267948966,4.71238898038469,0.0,0.0,4.71238898038469,1.5707963267948966,3.141592653589793,0.0,1.5707963267948966,0.0,4.71238898038469,4.71238898038469,4.71238898038469,1.5707963267948966,1.5707963267948966,0.0,0.7853981633974483,4.71238898038469,1.5707963267948966,4.71238898038469,0.0
0.0,4.71238898038469,0.0,1.5707963267948966,4.71238898038469,0.0,0.0,4.71238898038469,1.5707963267948966,3.141592653589793,0.0,1.5707963267948966,0.0,4.71238898038469,4.71238898038469,4.71238898038469,1.5707963267948966,1.5707963267948966,0.0,1.5707963267948966,3.9269908169872414,1.5707963267948966,4.71238898038469,0.0
0.0,4.71238898038469,0.0,1.5707963267948966,4.71238898038469,0.0,0.0,4.71238898038469,1.5707963267948966,3.141592653589793,0.0,1.5707963267948966,0.0,4.71238898038469,4.71238898038469,4.71238898038469,1.5707963267948966,1.5707963267948966,0.0,1.5707963267948966,4.71238898038469,0.7853981633974483,4.71238898038469,0.0
0.0,4.71238898038469,0.0,1.5707963267948966,4.71238898038469,0.0,0.0,4.71238898038469,1.5707963267948966,3.141592653589793,0.0,1.5707963267948966,0.0,4.71238898038469,4.71238898038469,4.71238898038469,1.5707963267948966,1.5707963267948966,0.0,1.5707963267948966,4.71238898038469,1.5707963267948966,3.9269908169872414,0.0
0.39269908169872414,4.71238898038469,0.0,1.5707963267948966,4.71238898038469,0.0,0.0,4.71238898038469,1.5707963267948966,3.141592653589793,0.0,1.5707963267948966,0.0,4.71238898038469,4.71238898038469,4.71238898038469,1.5707963267948966,1.5707963267948966,0.0,1.5707963267948966,4.71238898038469,1.5707963267948966,4.71238898038469,0.0
0.0,5.105088062083414,0.0,1.5707963267948966,4.71238898038469,0.0,0.0,4.71238898038469,1.5707963267948966,3.141592653589793,0.0,1.5707963267948966,0.0,4.71238898038469,4.71238898038469,4.71238898038469,1.5707963267948966,1.5707963267948966,0.0,1.5707963267948966,4.71238898038469,1.5707963267948966,4.71238898038469,0.0
0.0,4.71238898038469,0.39269908169872414,1.5707963267948966,4.71238898038469,0.0,0.0,4.71238898038469,1.5707963267948966,3.141592653589793,0.0,1.5707963267948966,0.0,4.71238898038469,4.71238898038469,4.71238898038469,1.5707963267948966,1.5707963267948966,0.0,1.5707963267948966,4.71238898038469,1.5707963267948966,4.71238898038469,0.0
0.0,4.71238898038469,0.0,1.9634954084936207,4.71238898038469,0.0,0.0,4.71238898038469,1.5707963267948966,3.141592653589793,0.0,1.5707963267948966,0.0,4.71238898038469,4.71238898038469,4.71238898038469,1.5707963267948966,1.5707963267948966,0.0,1.5707963267948966,4.71238898038469,1.5707963267948966,4.71238898038469,0.0
0.0,4.71238898038469,0.0,1.5707963267948966,5.105088062083414,0.0,0.0,4.71238898038469,1.5707963267948966,3.141592653589793,0.0,1.5707963267948966,0.0,4.71238898038469,4.71238898038469,4.71238898038469,1.5707963267948966,1.5707963267948966,0.0,1.5707963267948966,4.71238898038469,1.5707963267948966,4.71238898038469,0.0
0.0,4.71238898038469,0.0,1.5707963267948966,4.71238898038469,0.39269908169872414,0.0,4.71238898038469,1.5707963267948966,3.141592653589793,0.0,1.5707963267948966,0.0,4.71238898038469,4.71238898038469,4.71238898038469,1.5707963267948966,1.5707963267948966,0.0,1.5707963267948966,4.71238898038469,1.5707963267948966,4.71238898038469,0.0
0.0,4.71238898038469,0.0,1.5707963267948966,4.71238898038469,0.0,0.39269908169872414,4.71238898038469,1.5707963267948966,3.141592653589793,0.0,1.5707963267948966,0.0,4.71238898038469,4.71238898038469,4.71238898038469,1.5707963267948966,1.5707963267948966,0.0,1.5707963267948966,4.71238898038469,1.5707963267948966,4.71238898038469,0.0
0.0,4.71238898038469,0.0,1.5707963267948966,4.71238898038469,0.0,0.0,5.105088062083414,1.5707963267948966,3.141592653589793,0.0,1.5707963267948966,0.0,4.71238898038469,4.71238898038469,4.71238898038469,1.5707963267948966,1.5707963267948966,0.0,1.5707963267948966,4.71238898038469,1.5707963267948966,4.71238898038469,0.0
0.0,4.71238898038469,0.0,1.5707963267948966,4.71238898038469,0.0,0.0,4.71238898038469,1.9634954084936207,3.141592653589793,0.0,1.5707963267948966,0.0,4.71238898038469,4.71238898038469,4.71238898038469,1.5707963267948966,1.5707963267948966,0.0,1.5707963267948966,4.71238898038469,1.5707963267948966,4.71238898038469,0.0
0.0,4.71238898038469,0.0,1.5707963267948966,4.71238898038469,0.0,0.0,4.71238898038469,1.5707963267948966,3.5342917352885173,0.0,1.5707963267948966,0.0,4.71238898038469,4.71238898038469,4.71238898038469,1.5707963267948966,1.5707963267948966,0.0,1.5707963267948966,4.71238898038469,1.5707963267948966,4.71238898038469,0.0
0.0,4.71238898038469,0.0,1.5707963267948966,4.71238898038469,0.0,0.0,4.71238898038469,1.5707963267948966,3.141592653589793,0.39269908169872414,1.5707963267948966,0.0,4.71238898038469,4.71238898038469,4.71238898038469,1.5707963267948966,1.5707963267948966,0.0,1.5707963267948966,4.71238898038469,1.5707963267948966,4.71238898038469,0.0
0.0,4.71238898038469,0.0,1.5707963267948966,4.71238898038469,0.0,0.0,4.71238898038469,1.5707963267948966,3.141592653589793,0.0,1.9634954084936207,0.0,4.71238898038469,4.71238898038469,4.71238898038469,1.5707963267948966,1.5707963267948966,0.0,1.5707963267948966,4.71238898038469,1.5707963267948966,4.71238898038469,0.0
0.0,4.71238898038469,0.0,1.5707963267948966,4.71238898038469,0.0,0.0,4.71238898038469,1.5707963267948966,3.141592653589793,0.0,1.5707963267948966,0.39269908169872414,4.71238898038469,4.71238898038469,4.71238898038469,1.5707963267948966,1.5707963267948966,0.0,1.5707963267948966,4.71238898038469,1.5707963267948966,4.71238898038469,0.0
0.0,4.71238898038469,0.0,1.5707963267948966,4.71238898038469,0.0,0.0,4.71238898038469,1.5707963267948966,3.141592653589793,0.0,1.5707963267948966,0.0,5.105088062083414,4.71238898038469,4.71238898038469,1.5707963267948966,1.5707963267948966,0.0,1.5707963267948966,4.71238898038469,1.5707963267948966,4.71238898038469,0.0
0.0,4.71238898038469,0.0,1.5707963267948966,4.71238898038469,0.0,0.0,4.71238898038469,1.5707963267948966,3.141592653589793,0.0,1.5707963267948966,0.0,4.71238898038469,5.105088062083414,4.71238898038469,1.5707963267948966,1.5707963267948966,0.0,1.5707963267948966,4.71238898038469,1.5707963267948966,4.71238898038469,0.0
0.0,4.71238898038469,0.0,1.5707963267948966,4.71238898038469,0.0,0.0,4.71238898038469,1.5707963267948966,3.141592653589793,0.0,1.5707963267948966,0.0,4.71238898038469,4.71238898038469,5.105088062083414,1.5707963267948966,1.5707963267948966,0.0,1.5707963267948966,4.71238898038469,1.5707963267948966,4.71238898038469,0.0
0.0,4.71238898038469,0.0,1.5707963267948966,4.71238898038469,0.0,0.0,4.71238898038469,1.5707963267948966,3.141592653589793,0.0,1.5707963267948966,0.0,4.71238898038469,4.71238898038469,4.71238898038469,1.9634954084936207,1.5707963267948966,0.0,1.5707963267948966,4.71238898038469,1.5707963267948966,4.71238898038469,0.0
0.0,4.71238898038469,0.0,1.5707963267948966,4.71238898038469,0.0,0.0,4.71238898038469,1.5707963267948966,3.141592653589793,0.0,1.5707963267948966,0.0,4.71238898038469,4.71238898038469,4.71238898038469,1.5707963267948966,1.9634954084936207,0.0,1.5707963267948966,4.71238898038469,1.5707963267948966,4.71238898038469,0.0
0.0,4.71238898038469,0.0,1.5707963267948966,4.71238898038469,0.0,0.0,4.71238898038469,1.5707963267948966,3.141592653589793,0.0,1.5707963267948966,0.0,4.71238898038469,4.71238898038469,4.71238898038469,1.5707963267948966,1.5707963267948966,0.39269908169872414,1.5707963267948966,4.71238898038469,1.5707963267948966,4.71238898038469,0.0
0.0,4.71238898038469,0.0,1.5707963267948966,4.71238898038469,0.0,0.0,4.71238898038469,1.5707963267948966,3.141592653589793,0.0,1.5707963267948966,0.0,4.71238898038469,4.71238898038469,4.71238898038469,1.5707963267948966,1.5707963267948966,0.0,1.9634954084936207,4.71238898038469,1.5707963267948966,4.71238898038469,0.0
0.0,4.71238898038469,0.0,1.5707963267948966,4.71238898038469,0.0,0.0,4.71238898038469,1.5707963267948966,3.141592653589793,0.0,1.5707963267948966,0.0,4.71238898038469,4.71238898038469,4.71238898038469,1.5707963267948966,1.5707963267948966,0.0,1.5707963267948966,5.105088062083414,1.5707963267948966,4.71238898038469,0.0
0.0,4.71238898038469,0.0,1.5707963267948966,4.71238898038469,0.0,0.0,4.71238898038469,1.5707963267948966,3.141592653589793,0.0,1.5707963267948966,0.0,4.71238898038469,4.71238898038469,4.71238898038469,1.5707963267948966,1.5707963267948966,0.0,1.5707963267948966,4.71238898038469,1.9634954084936207,4.71238898038469,0.0
0.0,4.71238898038469,0.0,1.5707963267948966,4.71238898038469,0.0,0.0,4.71238898038469,1.5707963267948966,3.141592653589793,0.0,1.5707963267948966,0.0,4.71238898038469,4.71238898038469,4.71238898038469,1.5707963267948966,1.5707963267948966,0.0,1.5707963267948966,4.71238898038469,1.5707963267948966,5.105088062083414,0.0
0.0,4.71238898038469,0.0,1.5707963267948966,4.71238898038469,0.0,0.0,4.71238898038469,1.5707963267948966,3.141592653589793,0.0,1.5707963267948966,0.0,4.71238898038469,4.71238898038469,4.71238898038469,1.5707963267948966,1.5707963267948966,0.0,1.5707963267948966,4.71238898038469,1.5707963267948966,4.71238898038469,0.39269908169872414
0.0,4.319689898685965,0.0,1.5707963267948966,4.71238898038469,0.0,0.0,4.71238898038469,1.5707963267948966,3.141592653589793,0.0,1.5707963267948966,0.0,4.71238898038469,4.71238898038469,4.71238898038469,1.5707963267948966,1.5707963267948966,0.0,1.5707963267948966,4.71238898038469,1.5707963267948966,4.71238898038469,0.0
0.0,4.71238898038469,0.0,1.1780972450961724,4.71238898038469,0.0,0.0,4.71238898038469,1.5707963267948966,3.141592653589793,0.0,1.5707963267948966,0.0,4.71238898038469,4.71238898038469,4.71238898038469,1.5707963267948966,1.5707963267948966,0.0,1.5707963267948966,4.71238898038469,1.5707963267948966,4.71238898038469,0.0
0.0,4.71238898038469,0.0,1.5707963267948966,4.319689898685965,0.0,0.0,4.71238898038469,1.5707963267948966,3.141592653589793,0.0,1.5707963267948966,0.0,4.71238898038469,4.71238898038469,4.71238898038469,1.5707963267948966,1.5707963267948966,0.0,1.5707963267948966,4.71238898038469,1.5707963267948966,4.71238898038469,0.0
0.0,4.71238898038469,0.0,1.5707963267948966,4.71238898038469,0.0,0.0,4.319689898685965,1.5707963267948966,3.141592653589793,0.0,1.5707963267948966,0.0,4.71238898038469,4.71238898038469,4.71238898038469,1.5707963267948966,1.5707963267948966,0.0,1.5707963267948966,4.71238898038469,1.5707963267948966,4.71238898038469,0.0
0.0,4.71238898038469,0.0,1.5707963267948966,4.71238898038469,0.0,0.0,4.71238898038469,1.1780972450961724,3.141592653589793,0.0,1.5707963267948966,0.0,4.71238898038469,4.71238898038469,4.71238898038469,1.5707963267948966,1.5707963267948966,0.0,1.5707963267948966,4.71238898038469,1.5707963267948966,4.71238898038469,0.0
0.0,4.71238898038469,0.0,1.5707963267948966,4.71238898038469,0.0,0.0,4.71238898038469,1.5707963267948966,2.748893571891069,0.0,1.5707963267948966,0.0,4.71238898038469,4.71238898038469,4.71238898038469,1.5707963267948966,1.5707963267948966,0.0,1.5707963267948966,4.71238898038469,1.5707963267948966,4.71238898038469,0.0
0.0,4.71238898038469,0.0,1.5707963267948966,4.71238898038469,0.0,0.0,4.71238898038469,1.5707963267948966,3.141592653589793,0.0,1.1780972450961724,0.0,4.71238898038469,4.71238898038469,4.71238898038469,1.5707963267948966,1.5707963267948966,0.0,1.5707963267948966,4.71238898038469,1.5707963267948966,4.71238898038469,0.0
0.0,4.71238898038469,0.0,1.5707963267948966,4.71238898038469,0.0,0.0,4.71238898038469,1.5707963267948966,3.141592653589793,0.0,1.5707963267948966,0.0,4.319689898685965,4.71238898038469,4.71238898038469,1.5707963267948966,1.5707963267948966,0.0,1.5707963267948966,4.71238898038469,1.5707963267948966,4.71238898038469,0.0
0.0,4.71238898038469,0.0,1.5707963267948966,4.71238898038469,0.0,0.0,4.71238898038469,1.5707963267948966,3.141592653589793,0.0,1.5707963267948966,0.0,4.71238898038469,4.319689898685965,4.71238898038469,1.5707963267948966,1.5707963267948966,0.0,1.5707963267948966,4.71238898038469,1.5707963267948966,4.71238898038469,0.0
0.0,4.71238898038469,0.0,1.5707963267948966,4.71238898038469,0.0,0.0,4.71238898038469,1.5707963267948966,3.141592653589793,0.0,1.5707963267948966,0.0,4.71238898038469,4.71238898038469,4.319689898685965,1.5707963267948966,1.5707963267948966,0.0,1.5707963267948966,4.71238898038469,1.5707963267948966,4.71238898038469,0.0
0.0,4.71238898038469,0.0,1.5707963267948966,4.71238898038469,0.0,0.0,4.71238898038469,1.5707963267948966,3.141592653589793,0.0,1.5707963267948966,0.0,4.71238898038469,4.71238898038469,4.71238898038469,1.1780972450961724,1.5707963267948966,0.0,1.5707963267948966,4.71238898038469,1.5707963267948966,4.71238898038469,0.0
0.0,4.71238898038469,0.0,1.5707963267948966,4.71238898038469,0.0,0.0,4.71238898038469,1.5707963267948966,3.141592653589793,0.0,1.5707963267948966,0.0,4.71238898038469,4.71238898038469,4.71238898038469,1.5707963267948966,1.1780972450961724,0.0,1.5707963267948966,4.71238898038469,1.5707963267948966,4.71238898038469,0.0
0.0,4.71238898038469,0.0,1.5707963267948966,4.71238898038469,0.0,0.0,4.71238898038469,1.5707963267948966,3.141592653589793,0.0,1.5707963267948966,0.0,4.71238898038469,4.71238898038469,4.71238898038469,1.5707963267948966,1.5707963267948966,0.0,1.1780972450961724,4.71238898038469,1.5707963267948966,4.71238898038469,0.0
0.0,4.71238898038469,0.0,1.5707963267948966,4.71238898038469,0.0,0.0,4.71238898038469,1.5707963267948966,3.141592653589793,0.0,1.5707963267948966,0.0,4.71238898038469,4.71238898038469,4.71238898038469,1.5707963267948966,1.5707963267948966,0.0,1.5707963267948966,4.319689898685965,1.5707963267948966,4.71238898038469,0.0
0.0,4.71238898038469,0.0,1.5707963267948966,4.71238898038469,0.0,0.0,4.71238898038469,1.5707963267948966,3.141592653589793,0.0,1.5707963267948966,0.0,4.71238898038469,4.71238898038469,4.71238898038469,1.5707963267948966,1.5707963267948966,0.0,1.5707963267948966,4.71238898038469,1.1780972450961724,4.71238898038469,0.0
0.0,4.71238898038469,0.0,1.5707963267948966,4.71238898038469,0.0,0.0,4.71238898038469,1.5707963267948966,3.141592653589793,0.0,1.5707963267948966,0.0,4.71238898038469,4.71238898038469,4.71238898038469,1.5707963267948966,1.5707963267948966,0.0,1.5707963267948966,4.71238898038469,1.5707963267948966,4.319689898685965,0.0
0.0,4.694412904478267,0.0,1.5394954600602275,4.703229061275917,0.0,0.0,4.972788985098819,1.438908608743066,3.310282556698132,0.0,1.646113680790587,0.0,4.7708635102059045,4.862384100560371,4.646765121689863,1.6522917235554728,1.5898862454722564,0.0,1.6482925202073135,5.2829417324643035,1.592539841995482,4.678813839617422,0.0
0.0,4.703400942431478,0.0,1.5551458934275622,4.707809020830304,0.0,0.0,4.842588982741755,1.5048524677689812,3.2259376051439625,0.0,1.6084550037927416,0.0,4.741626245295297,4.787386540472531,4.679577051037276,1.6115440251751847,1.5803412861335766,0.0,1.609544423501105,4.997665356424497,1.5816680843951894,4.695601410001055,0.0
0.0,4.707894961408084,0.0,1.5629711101112291,4.710099000607496,0.0,0.0,4.777488981563222,1.5378243972819388,3.183765129366878,0.0,1.5896256652938192,0.0,4.727007612839993,4.74988776042861,4.695983015710983,1.5911701759850405,1.5755688064642366,0.0,1.5901703751480005,4.855027168404593,1.576232205595043,4.7039951951928725,0.0
0.0,4.7101419708963865,0.0,1.5668837184530628,4.711243990496094,0.0,0.0,4.744938980973956,1.5543103620384178,3.1626788914783353,0.0,1.580210996044358,0.0,4.719698296612342,4.73113837040665,4.704185998047836,1.5809832513899686,1.5731825666295667,0.0,1.5804833509714487,4.783708074394641,1.5735142661949697,4.708192087788781,0.0
0.39269908169872414,4.71238898038469,0.0,1.5707963267948966,4.71238898038469,0.0,0.0,4.71238898038469,1.5707963267948966,3.141592653589793,0.0,1.5707963267948966,0.0,4.71238898038469,4.71238898038469,4.71238898038469,1.5707963267948966,1.5707963267948966,0.0,1.5707963267948966,4.71238898038469,1.5707963267948966,4.71238898038469,0.0
0.0,5.105088062083414,0.0,1.5707963267948966,4.71238898038469,0.0,0.0,4.71238898038469,1.5707963267948966,3.141592653589793,0.0,1.5707963267948966,0.0,4.71238898038469,4.71238898038469,4.71238898038469,1.5707963267948966,1.5707963267948966,0.0,1.5707963267948966,4.71238898038469,1.5707963267948966,4.71238898038469,0.0
0.0,4.71238898038469,0.39269908169872414,1.5707963267948966,4.71238898038469,0.0,0.0,4.71238898038469,1.5707963267948966,3.141592653589793,0.0,1.5707963267948966,0.0,4.71238898038469,4.71238898038469,4.71238898038469,1.5707963267948966,1.5707963267948966,0.0,1.5707963267948966,4.71238898038469,1.5707963267948966,4.71238898038469,0.0
0.0,4.71238898038469,0.0,1.9634954084936207,4.71238898038469,0.0,0.0,4.71238898038469,1.5707963267948966,3.141592653589793,0.0,1.5707963267948966,0.0,4.71238898038469,4.71238898038469,4.71238898038469,1.5707963267948966,1.5707963267948966,0.0,1.5707963267948966,4.71238898038469,1.5707963267948966,4.71238898038469,0.0
0.0,4.71238898038469,0.0,1.5707963267948966,5.105088062083414,0.0,0.0,4.71238898038469,1.5707963267948966,3.141592653589793,0.0,1.5707963267948966,0.0,4.71238898038469,4.71238898038469,4.71238898038469,1.5707963267948966,1.5707963267948966,0.0,1.5707963267948966,4.71238898038469,1.5707963267948966,4.71238898038469,0.0
0.0,4.71238898038469,0.0,1.5707963267948966,4.71238898038469,0.39269908169872414,0.0,4.71238898038469,1.5707963267948966,3.141592653589793,0.0,1.5707963267948966,0.0,4.71238898038469,4.71238898038469,4.71238898038469,1.5707963267948966,1.5707963267948966,0.0,1.5707963267948966,4.71238898038469,1.5707963267948966,4.71238898038469,0.0
0.0,4.71238898038469,0.0,1.5707963267948966,4.71238898038469,0.0,0.39269908169872414,4.71238898038469,1.5707963267948966,3.141592653589793,0.0,1.5707963267948966,0.0,4.71238898038469,4.71238898038469,4.71238898038469,1.5707963267948966,1.5707963267948966,0.0,1.5707963267948966,4.71238898038469,1.5707963267948966,4.71238898038469,0.0
0.0,4.71238898038469,0.0,1.5707963267948966,4.71238898038469,0.0,0.0,5.105088062083414,1.5707963267948966,3.141592653589793,0.0,1.5707963267948966,0.0,4.71238898038469,4.71238898038469,4.71238898038469,1.5707963267948966,1.5707963267948966,0.0,1.5707963267948966,4.71238898038469,1.5707963267948966,4.71238898038469,0.0
0.0,4.71238898038469,0.0,1.5707963267948966,4.71238898038469,0.0,0.0,4.71238898038469,1.9634954084936207,3.141592653589793,0.0,1.5707963267948966,0.0,4.71238898038469,4.71238898038469,4.71238898038469,1.5707963267948966,1.5707963267948966,0.0,1.5707963267948966,4.71238898038469,1.5707963267948966,4.71238898038469,0.0
0.0,4.71238898038469,0.0,1.5707963267948966,4.71238898038469,0.0,0.0,4.71238898038469,1.5707963267948966,3.5342917352885173,0.0,1.5707963267948966,0.0,4.71238898038469,4.71238898038469,4.71238898038469,1.5707963267948966,1.5707963267948966,0.0,1.5707963267948966,4.71238898038469,1.5707963267948966,4.71238898038469,0.0
0.0,4.71238898038469,0.0,1.5707963267948966,4.71238898038469,0.0,0.0,4.71238898038469,1.5707963267948966,3.141592653589793,0.39269908169872414,1.5707963267948966,0.0,4.71238898038469,4.71238898038469,4.71238898038469,1.5707963267948966,1.5707963267948966,0.0,1.5707963267948966,4.71238898038469,1.5707963267948966,4.71238898038469,0.0
0.0,4.71238898038469,0.0,1.5707963267948966,4.71238898038469,0.0,0.0,4.71238898038469,1.5707963267948966,3.141592653589793,0.0,1.9634954084936207,0.0,4.71238898038469,4.71238898038469,4.71238898038469,1.5707963267948966,1.5707963267948966,0.0,1.5707963267948966,4.71238898038469,1.5707963267948966,4.71238898038469,0.0
0.0,4.71238898038469,0.0,1.5707963267948966,4.71238898038469,0.0,0.0,4.71238898038469,1.5707963267948966,3.141592653589793,0.0,1.5707963267948966,0.39269908169872414,4.71238898038469,4.71238898038469,4.71238898038469,1.5707963267948966,1.5707963267948966,0.0,1.5707963267948966,4.71238898038469,1.5707963267948966,4.71238898038469,0.0
0.0,4.71238898038469,0.0,1.5707963267948966,4.71238898038469,0.0,0.0,4.71238898038469,1.5707963267948966,3.141592653589793,0.0,1.5707963267948966,0.0,5.105088062083414,4.71238898038469,4.71238898038469,1.5707963267948966,1.5707963267948966,0.0,1.5707963267948966,4.71238898038469,1.5707963267948966,4.71238898038469,0.0
0.0,4.71238898038469,0.0,1.5707963267948966,4.71238898038469,0.0,0.0,4.71238898038469,1.5707963267948966,3.141592653589793,0.0,1.5707963267948966,0.0,4.71238898038469,5.105088062083414,4.71238898038469,1.5707963267948966,1.5707963267948966,0.0,1.5707963267948966,4.71238898038469,1.5707963267948966,4.71238898038469,0.0
0.0,4.71238898038469,0.0,1.5707963267948966,4.71238898038469,0.0,0.0,4.71238898038469,1.5707963267948966,3.141592653589793,0.0,1.5707963267948966,0.0,4.71238898038469,4.71238898038469,5.105088062083414,1.5707963267948966,1.5707963267948966,0.0,1.5707963267948966,4.71238898038469,1.5707963267948966,4.71238898038469,0.0
0.0,4.71238898038469,0.0,1.5707963267948966,4.71238898038469,0.0,0.0,4.71238898038469,1.5707963267948966,3.141592653589793,0.0,1.5707963267948966,0.0,4.71238898038469,4.71238898038469,4.71238898038469,1.9634954084936207,1.5707963267948966,0.0,1.5707963267948966,4.71238898038469,1.5707963267948966,4.71238898038469,0.0
0.0,4.71238898038469,0.0,1.5707963267948966,4.71238898038469,0.0,0.0,4.71238898038469,1.5707963267948966,3.141592653589793,0.0,1.5707963267948966,0.0,4.71238898038469,4.71238898038469,4.71238898038469,1.5707963267948966,1.9634954084936207,0.0,1.5707963267948966,4.71238898038469,1.5707963267948966,4.71238898038469,0.0
0.0,4.71238898038469,0.0,1.5707963267948966,4.71238898038469,0.0,0.0,4.71238898038469,1.5707963267948966,3.141592653589793,0.0,1.5707963267948966,0.0,4.71238898038469,4.71238898038469,4.71238898038469,1.5707963267948966,1.5707963267948966,0.39269908169872414,1.5707963267948966,4.71238898038469,1.5707963267948966,4.71238898038469,0.0
0.0,4.71238898038469,0.0,1.5707963267948966,4.71238898038469,0.0,0.0,4.71238898038469,1.5707963267948966,3.141592653589793,0.0,1.5707963267948966,0.0,4.71238898038469,4.71238898038469,4.71238898038469,1.5707963267948966,1.5707963267948966,0.0,1.9634954084936207,4.71238898038469,1.5707963267948966,4.71238898038469,0.0
0.0,4.71238898038469,0.0,1.5707963267948966,4.71238898038469,0.0,0.0,4.71238898038469,1.5707963267948966,3.141592653589793,0.0,1.5707963267948966,0.0,4.71238898038469,4.71238898038469,4.71238898038469,1.5707963267948966,1.5707963267948966,0.0,1.5707963267948966,5.105088062083414,1.5707963267948966,4.71238898038469,0.0
0.0,4.71238898038469,0.0,1.5707963267948966,4.71238898038469,0.0,0.0,4.71238898038469,1.5707963267948966,3.141592653589793,0.0,1.5707963267948966,0.0,4.71238898038469,4.71238898038469,4.71238898038469,1.5707963267948966,1.5707963267948966,0.0,1.5707963267948966,4.71238898038469,1.9634954084936207,4.71238898038469,0.0
0.0,4.71238898038469,0.0,1.5707963267948966,4.71238898038469,0.0,0.0,4.71238898038469,1.5707963267948966,3.141592653589793,0.0,1.5707963267948966,0.0,4.71238898038469,4.71238898038469,4.71238898038469,1.5707963267948966,1.5707963267948966,0.0,1.5707963267948966,4.71238898038469,1.5707963267948966,5.105088062083414,0.0
0.0,4.71238898038469,0.0,1.5707963267948966,4.71238898038469,0.0,0.0,4.71238898038469,1.5707963267948966,3.141592653589793,0.0,1.5707963267948966,0.0,4.71238898038469,4.71238898038469,4.71238898038469,1.5707963267948966,1.5707963267948966,0.0,1.5707963267948966,4.71238898038469,1.5707963267948966,4.71238898038469,0.39269908169872414
0.0,4.319689898685965,0.0,1.5707963267948966,4.71238898038469,0.0,0.0,4.71238898038469,1.5707963267948966,3.141592653589793,0.0,1.5707963267948966,0.0,4.71238898038469,4.71238898038469,4.71238898038469,1.5707963267948966,1.5707963267948966,0.0,1.5707963267948966,4.71238898038469,1.5707963267948966,4.71238898038469,0.0
0.0,4.71238898038469,0.0,1.1780972450961724,4.71238898038469,0.0,0.0,4.71238898038469,1.5707963267948966,3.141592653589793,0.0,1.5707963267948966,0.0,4.71238898038469,4.71238898038469,4.71238898038469,1.5707963267948966,1.5707963267948966,0.0,1.5707963267948966,4.71238898038469,1.5707963267948966,4.71238898038469,0.0
0.0,4.71238898038469,0.0,1.5707963267948966,4.319689898685965,0.0,0.0,4.71238898038469,1.5707963267948966,3.141592653589793,0.0,1.5707963267948966,0.0,4.71238898038469,4.71238898038469,4.71238898038469,1.5707963267948966,1.5707963267948966,0.0,1.5707963267948966,4.71238898038469,1.5707963267948966,4.71238898038469,0.0
0.0,4.71238898038469,0.0,1.5707963267948966,4.71238898038469,0.0,0.0,4.319689898685965,1.5707963267948966,3.141592653589793,0.0,1.5707963267948966,0.0,4.71238898038469,4.71238898038469,4.71238898038469,1.5707963267948966,1.5707963267948966,0.0,1.5707963267948966,4.71238898038469,1.5707963267948966,4.71238898038469,0.0
0.0,4.71238898038469,0.0,1.5707963267948966,4.71238898038469,0.0,0.0,4.71238898038469,1.1780972450961724,3.141592653589793,0.0,1.5707963267948966,0.0,4.71238898038469,4.71238898038469,4.71238898038469,1.5707963267948966,1.5707963267948966,0.0,1.5707963267948966,4.71238898038469,1.5707963267948966,4.71238898038469,0.0
0.0,4.71238898038469,0.0,1.5707963267948966,4.71238898038469,0.0,0.0,4.71238898038469,1.5707963267948966,2.748893571891069,0.0,1.5707963267948966,0.0,4.71238898038469,4.71238898038469,4.71238898038469,1.5707963267948966,1.5707963267948966,0.0,1.5707963267948966,4.71238898038469,1.5707963267948966,4.71238898038469,0.0
0.0,4.71238898038469,0.0,1.5707963267948966,4.71238898038469,0.0,0.0,4.71238898038469,1.5707963267948966,3.141592653589793,0.0,1.1780972450961724,0.0,4.71238898038469,4.71238898038469,4.71238898038469,1.5707963267948966,1.5707963267948966,0.0,1.5707963267948966,4.71238898038469,1.5707963267948966,4.71238898038469,0.0
0.0,4.71238898038469,0.0,1.5707963267948966,4.71238898038469,0.0,0.0,4.71238898038469,1.5707963267948966,3.141592653589793,0.0,1.5707963267948966,0.0,4.319689898685965,4.71238898038469,4.71238898038469,1.5707963267948966,1.5707963267948966,0.0,1.5707963267948966,4.71238898038469,1.5707963267948966,4.71238898038469,0.0
0.0,4.71238898038469,0.0,1.5707963267948966,4.71238898038469,0.0,0.0,4.71238898038469,1.5707963267948966,3.141592653589793,0.0,1.5707963267948966,0.0,4.71238898038469,4.319689898685965,4.71238898038469,1.5707963267948966,1.5707963267948966,0.0,1.5707963267948966,4.71238898038469,1.5707963267948966,4.71238898038469,0.0
0.0,4.71238898038469,0.0,1.5707963267948966,4.71238898038469,0.0,0.0,4.71238898038469,1.5707963267948966,3.141592653589793,0.0,1.5707963267948966,0.0,4.71238898038469,4.71238898038469,4.319689898685965,1.5707963267948966,1.5707963267948966,0.0,1.5707963267948966,4.71238898038469,1.5707963267948966,4.71238898038469,0.0
0.0,4.71238898038469,0.0,1.5707963267948966,4.71238898038469,0.0,0.0,4.71238898038469,1.5707963267948966,3.141592653589793,0.0,1.5707963267948966,0.0,4.71238898038469,4.71238898038469,4.71238898038469,1.1780972450961724,1.5707963267948966,0.0,1.5707963267948966,4.71238898038469,1.5707963267948966,4.71238898038469,0.0
0.0,4.71238898038469,0.0,1.5707963267948966,4.71238898038469,0.0,0.0,4.71238898038469,1.5707963267948966,3.141592653589793,0.0,1.5707963267948966,0.0,4.71238898038469,4.71238898038469,4.71238898038469,1.5707963267948966,1.1780972450961724,0.0,1.5707963267948966,4.71238898038469,1.5707963267948966,4.71238898038469,0.0
0.0,4.71238898038469,0.0,1.5707963267948966,4.71238898038469,0.0,0.0,4.71238898038469,1.5707963267948966,3.141592653589793,0.0,1.5707963267948966,0.0,4.71238898038469,4.71238898038469,4.71238898038469,1.5707963267948966,1.5707963267948966,0.0,1.1780972450961724,4.71238898038469,1.5707963267948966,4.71238898038469,0.0
0.0,4.71238898038469,0.0,1.5707963267948966,4.71238898038469,0.0,0.0,4.71238898038469,1.5707963267948966,3.141592653589793,0.0,1.5707963267948966,0.0,4.71238898038469,4.71238898038469,4.71238898038469,1.5707963267948966,1.5707963267948966,0.0,1.5707963267948966,4.319689898685965,1.5707963267948966,4.71238898038469,0.0
0.0,4.71238898038469,0.0,1.5707963267948966,4.71238898038469,0.0,0.0,4.71238898038469,1.5707963267948966,3.141592653589793,0.0,1.5707963267948966,0.0,4.71238898038469,4.71238898038469,4.71238898038469,1.5707963267948966,1.5707963267948966,0.0,1.5707963267948966,4.71238898038469,1.1780972450961724,4.71238898038469,0.0
0.0,4.71238898038469,0.0,1.5707963267948966,4.71238898038469,0.0,0.0,4.71238898038469,1.5707963267948966,3.141592653589793,0.0,1.5707963267948966,0.0,4.71238898038469,4.71238898038469,4.71238898038469,1.5707963267948966,1.5707963267948966,0.0,1.5707963267948966,4.71238898038469,1.5707963267948966,4.319689898685965,0.0
0.19634954084936207,4.71238898038469,0.0,1.5707963267948966,4.71238898038469,0.0,0.0,4.71238898038469,1.5707963267948966,3.141592653589793,0.0,1.5707963267948966,0.0,4.71238898038469,4.71238898038469,4.71238898038469,1.5707963267948966,1.5707963267948966,0.0,1.5707963267948966,5.105088062083414,1.5707963267948966,4.71238898038469,0.0
0.0,4.908738521234052,0.0,1.5707963267948966,4.71238898038469,0.0,0.0,4.71238898038469,1.5707963267948966,3.141592653589793,0.0,1.5707963267948966,0.0,4.71238898038469,4.71238898038469,4.71238898038469,1.5707963267948966,1.5707963267948966,0.0,1.5707963267948966,5.105088062083414,1.5707963267948966,4.71238898038469,0.0
0.0,4.71238898038469,0.19634954084936207,1.5707963267948966,4.71238898038469,0.0,0.0,4.71238898038469,1.5707963267948966,3.141592653589793,0.0,1.5707963267948966,0.0,4.71238898038469,4.71238898038469,4.71238898038469,1.5707963267948966,1.5707963267948966,0.0,1.5707963267948966,5.105088062083414,1.5707963267948966,4.71238898038469,0.0
0.0,4.71238898038469,0.0,1.7671458676442586,4.71238898038469,0.0,0.0,4.71238898038469,1.5707963267948966,3.141592653589793,0.0,1.5707963267948966,0.0,4.71238898038469,4.71238898038469,4.71238898038469,1.5707963267948966,1.5707963267948966,0.0,1.5707963267948966,5.105088062083414,1.5707963267948966,4.71238898038469,0.0
0.0,4.71238898038469,0.0,1.5707963267948966,4.908738521234052,0.0,0.0,4.71238898038469,1.5707963267948966,3.141592653589793,0.0,1.5707963267948966,0.0,4.71238898038469,4.71238898038469,4.71238898038469,1.5707963267948966,1.5707963267948966,0.0,1.5707963267948966,5.105088062083414,1.5707963267948966,4.71238898038469,0.0
0.0,4.71238898038469,0.0,1.5707963267948966,4.71238898038469,0.19634954084936207,0.0,4.71238898038469,1.5707963267948966,3.141592653589793,0.0,1.5707963267948966,0.0,4.71238898038469,4.71238898038469,4.71238898038469,1.5707963267948966,1.5707963267948966,0.0,1.5707963267948966,5.105088062083414,1.5707963267948966,4.71238898038469,0.0
0.0,4.71238898038469,0.0,1.5707963267948966,4.71238898038469,0.0,0.19634954084936207,4.71238898038469,1.5707963267948966,3.141592653589793,0.0,1.5707963267948966,0.0,4.71238898038469,4.71238898038469,4.71238898038469,1.5707963267948966,1.5707963267948966,0.0,1.5707963267948966,5.105088062083414,1.5707963267948966,4.71238898038469,0.0
0.0,4.71238898038469,0.0,1.5707963267948966,4.71238898038469,0.0,0.0,4.908738521234052,1.5707963267948966,3.141592653589793,0.0,1.5707963267948966,0.0,4.71238898038469,4.71238898038469,4.71238898038469,1.5707963267948966,1.5707963267948966,0.0,1.5707963267948966,5.105088062083414,1.5707963267948966,4.71238898038469,0.0
0.0,4.71238898038469,0.0,1.5707963267948966,4.71238898038469,0.0,0.0,4.71238898038469,1.7671458676442586,3.141592653589793,0.0,1.5707963267948966,0.0,4.71238898038469,4.71238898038469,4.71238898038469,1.5707963267948966,1.5707963267948966,0.0,1.5707963267948966,5.105088062083414,1.5707963267948966,4.71238898038469,0.0
0.0,4.71238898038469,0.0,1.5707963267948966,4.71238898038469,0.0,0.0,4.71238898038469,1.5707963267948966,3.3379421944391554,0.0,1.5707963267948966,0.0,4.71238898038469,4.71238898038469,4.71238898038469,1.5707963267948966,1.5707963267948966,0.0,1.5707963267948966,5.105088062083414,1.5707963267948966,4.71238898038469,0.0
0.0,4.71238898038469,0.0,1.5707963267948966,4.71238898038469,0.0,0.0,4.71238898038469,1.5707963267948966,3.141592653589793,0.19634954084936207,1.5707963267948966,0.0,4.71238898038469,4.71238898038469,4.71238898038469,1.5707963267948966,1.5707963267948966,0.0,1.5707963267948966,5.105088062083414,1.5707963267948966,4.71238898038469,0.0
0.0,4.71238898038469,0.0,1.5707963267948966,4.71238898038469,0.0,0.0,4.71238898038469,1.5707963267948966,3.141592653589793,0.0,1.7671458676442586,0.0,4.71238898038469,4.71238898038469,4.71238898038469,1.5707963267948966,1.5707963267948966,0.0,1.5707963267948966,5.105088062083414,1.5707963267948966,4.71238898038469,0.0
0.0,4.71238898038469,0.0,1.5707963267948966,4.71238898038469,0.0,0.0,4.71238898038469,1.5707963267948966,3.141592653589793,0.0,1.5707963267948966,0.19634954084936207,4.71238898038469,4.71238898038469,4.71238898038469,1.5707963267948966,1.5707963267948966,0.0,1.5707963267948966,5.105088062083414,1.5707963267948966,4.71238898038469,0.0
0.0,4.71238898038469,0.0,1.5707963267948966,4.71238898038469,0.0,0.0,4.71238898038469,1.5707963267948966,3.141592653589793,0.0,1.5707963267948966,0.0,4.908738521234052,4.71238898038469,4.71238898038469,1.5707963267948966,1.5707963267948966,0.0,1.5707963267948966,5.105088062083414,1.5707963267948966,4.71238898038469,0.0
0.0,4.71238898038469,0.0,1.5707963267948966,4.71238898038469,0.0,0.0,4.71238898038469,1.5707963267948966,3.141592653589793,0.0,1.5707963267948966,0.0,4.71238898038469,4.908738521234052,4.71238898038469,1.5707963267948966,1.5707963267948966,0.0,1.5707963267948966,5.105088062083414,1.5707963267948966,4.71238898038469,0.0
0.0,4.71238898038469,0.0,1.5707963267948966,4.71238898038469,0.0,0.0,4.71238898038469,1.5707963267948966,3.141592653589793,0.0,1.5707963267948966,0.0,4.71238898038469,4.71238898038469,4.908738521234052,1.5707963267948966,1.5707963267948966,0.0,1.5707963267948966,5.105088062083414,1.5707963267948966,4.71238898038469,0.0
0.0,4.71238898038469,0.0,1.5707963267948966,4.71238898038469,0.0,0.0,4.71238898038469,1.5707963267948966,3.141592653589793,0.0,1.5707963267948966,0.0,4.71238898038469,4.71238898038469,4.71238898038469,1.7671458676442586,1.5707963267948966,0.0,1.5707963267948966,5.105088062083414,1.5707963267948966,4.71238898038469,0.0
0.0,4.71238898038469,0.0,1.5707963267948966,4.71238898038469,0.0,0.0,4.71238898038469,1.5707963267948966,3.141592653589793,0.0,1.5707963267948966,0.0,4.71238898038469,4.71238898038469,4.71238898038469,1.5707963267948966,1.7671458676442586,0.0,1.5707963267948966,5.105088062083414,1.5707963267948966,4.71238898038469,0.0
0.0,4.71238898038469,0.0,1.5707963267948966,4.71238898038469,0.0,0.0,4.71238898038469,1.5707963267948966,3.141592653589793,0.0,1.5707963267948966,0.0,4.71238898038469,4.71238898038469,4.71238898038469,1.5707963267948966,1.5707963267948966,0.19634954084936207,1.5707963267948966,5.105088062083414,1.5707963267948966,4.71238898038469,0.0
0.0,4.71238898038469,0.0,1.5707963267948966,4.71238898038469,0.0,0.0,4.71238898038469,1.5707963267948966,3.141592653589793,0.0,1.5707963267948966,0.0,4.71238898038469,4.71238898038469,4.71238898038469,1.5707963267948966,1.5707963267948966,0.0,1.7671458676442586,5.105088062083414,1.5707963267948966,4.71238898038469,0.0
0.0,4.71238898038469,0.0,1.5707963267948966,4.71238898038469,0.0,0.0,4.71238898038469,1.5707963267948966,3.141592653589793,0.0,1.5707963267948966,0.0,4.71238898038469,4.71238898038469,4.71238898038469,1.5707963267948966,1.5707963267948966,0.0,1.5707963267948966,5.301437602932776,1.5707963267948966,4.71238898038469,0.0
0.0,4.71238898038469,0.0,1.5707963267948966,4.71238898038469,0.0,0.0,4.71238898038469,1.5707963267948966,3.141592653589793,0.0,1.5707963267948966,0.0,4.71238898038469,4.71238898038469,4.71238898038469,1.5707963267948966,1.5707963267948966,0.0,1.5707963267948966,5.105088062083414,1.7671458676442586,4.71238898038469,0.0
0.0,4.71238898038469,0.0,1.5707963267948966,4.71238898038469,0.0,0.0,4.71238898038469,1.5707963267948966,3.141592653589793,0.0,1.5707963267948966,0.0,4.71238898038469,4.71238898038469,4.71238898038469,1.5707963267948966,1.5707963267948966,0.0,1.5707963267948966,5.105088062083414,1.5707963267948966,4.908738521234052,0.0
0.0,4.71238898038469,0.0,1.5707963267948966,4.71238898038469,0.0,0.0,4.71238898038469,1.5707963267948966,3.141592653589793,0.0,1.5707963267948966,0.0,4.71238898038469,4.71238898038469,4.71238898038469,1.5707963267948966,1.5707963267948966,0.0,1.5707963267948966,5.105088062083414,1.5707963267948966,4.71238898038469,0.19634954084936207
0.0,4.516039439535327,0.0,1.5707963267948966,4.71238898038469,0.0,0.0,4.71238898038469,1.5707963267948966,3.141592653589793,0.0,1.5707963267948966,0.0,4.71238898038469,4.71238898038469,4.71238898038469,1.5707963267948966,1.5707963267948966,0.0,1.5707963267948966,5.105088062083414,1.5707963267948966,4.71238898038469,0.0
0.0,4.71238898038469,0.0,1.3744467859455345,4.71238898038469,0.0,0.0,4.71238898038469,1.5707963267948966,3.141592653589793,0.0,1.5707963267948966,0.0,4.71238898038469,4.71238898038469,4.71238898038469,1.5707963267948966,1.5707963267948966,0.0,1.5707963267948966,5.105088062083414,1.5707963267948966,4.71238898038469,0.0
0.0,4.71238898038469,0.0,1.5707963267948966,4.516039439535327,0.0,0.0,4.71238898038469,1.5707963267948966,3.141592653589793,0.0,1.5707963267948966,0.0,4.71238898038469,4.71238898038469,4.71238898038469,1.5707963267948966,1.5707963267948966,0.0,1.5707963267948966,5.105088062083414,1.5707963267948966,4.71238898038469,0.0
0.0,4.71238898038469,0.0,1.5707963267948966,4.71238898038469,0.0,0.0,4.516039439535327,1.5707963267948966,3.141592653589793,0.0,1.5707963267948966,0.0,4.71238898038469,4.71238898038469,4.71238898038469,1.5707963267948966,1.5707963267948966,0.0,1.5707963267948966,5.105088062083414,1.5707963267948966,4.71238898038469,0.0
0.0,4.71238898038469,0.0,1.5707963267948966,4.71238898038469,0.0,0.0,4.71238898038469,1.3744467859455345,3.141592653589793,0.0,1.5707963267948966,0.0,4.71238898038469,4.71238898038469,4.71238898038469,1.5707963267948966,1.5707963267948966,0.0,1.5707963267948966,5.105088062083414,1.5707963267948966,4.71238898038469,0.0
0.0,4.71238898038469,0.0,1.5707963267948966,4.71238898038469,0.0,0.0,4.71238898038469,1.5707963267948966,2.945243112740431,0.0,1.5707963267948966,0.0,4.71238898038469,4.71238898038469,4.71238898038469,1.5707963267948966,1.5707963267948966,0.0,1.5707963267948966,5.105088062083414,1.5707963267948966,4.71238898038469,0.0
0.0,4.71238898038469,0.0,1.5707963267948966,4.71238898038469,0.0,0.0,4.71238898038469,1.5707963267948966,3.141592653589793,0.0,1.3744467859455345,0.0,4.71238898038469,4.71238898038469,4.71238898038469,1.5707963267948966,1.5707963267948966,0.0,1.5707963267948966,5.105088062083414,1.5707963267948966,4.71238898038469,0.0
0.0,4.71238898038469,0.0,1.5707963267948966,4.71238898038469,0.0,0.0,4.71238898038469,1.5707963267948966,3.141592653589793,0.0,1.5707963267948966,0.0,4.516039439535327,4.71238898038469,4.71238898038469,1.5707963267948966,1.5707963267948966,0.0,1.5707963267948966,5.105088062083414,1.5707963267948966,4.71238898038469,0.0
0.0,4.71238898038469,0.0,1.5707963267948966,4.71238898038469,0.0,0.0,4.71238898038469,1.5707963267948966,3.141592653589793,0.0,1.5707963267948966,0.0,4.71238898038469,4.516039439535327,4.71238898038469,1.5707963267948966,1.5707963267948966,0.0,1.5707963267948966,5.105088062083414,1.5707963267948966,4.71238898038469,0.0
0.0,4.71238898038469,0.0,1.5707963267948966,4.71238898038469,0.0,0.0,4.71238898038469,1.5707963267948966,3.141592653589793,0.0,1.5707963267948966,0.0,4.71238898038469,4.71238898038469,4.516039439535327,1.5707963267948966,1.5707963267948966,0.0,1.5707963267948966,5.105088062083414,1.5707963267948966,4.71238898038469,0.0
0.0,4.71238898038469,0.0,1.5707963267948966,4.71238898038469,0.0,0.0,4.71238898038469,1.5707963267948966,3.141592653589793,0.0,1.5707963267948966,0.0,4.71238898038469,4.71238898038469,4.71238898038469,1.3744467859455345,1.5707963267948966,0.0,1.5707963267948966,5.105088062083414,1.5707963267948966,4.71238898038469,0.0
0.0,4.71238898038469,0.0,1.5707963267948966,4.71238898038469,0.0,0.0,4.71238898038469,1.5707963267948966,3.141592653589793,0.0,1.5707963267948966,0.0,4.71238898038469,4.71238898038469,4.71238898038469,1.5707963267948966,1.3744467859455345,0.0,1.5707963267948966,5.105088062083414,1.5707963267948966,4.71238898038469,0.0
0.0,4.71238898038469,0.0,1.5707963267948966,4.71238898038469,0.0,0.0,4.71238898038469,1.5707963267948966,3.141592653589793,0.0,1.5707963267948966,0.0,4.71238898038469,4.71238898038469,4.71238898038469,1.5707963267948966,1.5707963267948966,0.0,1.3744467859455345,5.105088062083414,1.5707963267948966,4.71238898038469,0.0
0.0,4.71238898038469,0.0,1.5707963267948966,4.71238898038469,0.0,0.0,4.71238898038469,1.5707963267948966,3.141592653589793,0.0,1.5707963267948966,0.0,4.71238898038469,4.71238898038469,4.71238898038469,1.5707963267948966,1.5707963267948966,0.0,1.5707963267948966,4.908738521234052,1.5707963267948966,4.71238898038469,0.0
0.0,4.71238898038469,0.0,1.5707963267948966,4.71238898038469,0.0,0.0,4.71238898038469,1.5707963267948966,3.141592653589793,0.0,1.5707963267948966,0.0,4.71238898038469,4.71238898038469,4.71238898038469,1.5707963267948966,1.5707963267948966,0.0,1.5707963267948966,5.105088062083414,1.3744467859455345,4.71238898038469,0.0
0.0,4.71238898038469,0.0,1.5707963267948966,4.71238898038469,0.0,0.0,4.71238898038469,1.5707963267948966,3.141592653589793,0.0,1.5707963267948966,0.0,4.71238898038469,4.71238898038469,4.71238898038469,1.5707963267948966,1.5707963267948966,0.0,1.5707963267948966,5.105088062083414,1.5707963267948966,4.516039439535327,0.0
0.09817477042468103,4.71238898038469,0.0,1.5707963267948966,4.71238898038469,0.0,0.0,4.71238898038469,1.5707963267948966,3.141592653589793,0.0,1.5707963267948966,0.0,4.71238898038469,4.71238898038469,4.71238898038469,1.5707963267948966,1.5707963267948966,0.0,1.5707963267948966,5.105088062083414,1.5707963267948966,4.71238898038469,0.0
0.0,4.81056375080937,0.0,1.5707963267948966,4.71238898038469,0.0,0.0,4.71238898038469,1.5707963267948966,3.141592653589793,0.0,1.5707963267948966,0.0,4.71238898038469,4.71238898038469,4.71238898038469,1.5707963267948966,1.5707963267948966,0.0,1.5707963267948966,5.105088062083414,1.5707963267948966,4.71238898038469,0.0
0.0,4.71238898038469,0.09817477042468103,1.5707963267948966,4.71238898038469,0.0,0.0,4.71238898038469,1.5707963267948966,3.141592653589793,0.0,1.5707963267948966,0.0,4.71238898038469,4.71238898038469,4.71238898038469,1.5707963267948966,1.5707963267948966,0.0,1.5707963267948966,5.105088062083414,1.5707963267948966,4.71238898038469,0.0
0.0,4.71238898038469,0.0,1.6689710972195777,4.71238898038469,0.0,0.0,4.71238898038469,1.5707963267948966,3.141592653589793,0.0,1.5707963267948966,0.0,4.71238898038469,4.71238898038469,4.71238898038469,1.5707963267948966,1.5707963267948966,0.0,1.5707963267948966,5.105088062083414,1.5707963267948966,4.71238898038469,0.0
0.0,4.71238898038469,0.0,1.5707963267948966,4.81056375080937,0.0,0.0,4.71238898038469,1.5707963267948966,3.141592653589793,0.0,1.5707963267948966,0.0,4.71238898038469,4.71238898038469,4.71238898038469,1.5707963267948966,1.5707963267948966,0.0,1.5707963267948966,5.105088062083414,1.5707963267948966,4.71238898038469,0.0
0.0,4.71238898038469,0.0,1.5707963267948966,4.71238898038469,0.09817477042468103,0.0,4.71238898038469,1.5707963267948966,3.141592653589793,0.0,1.5707963267948966,0.0,4.71238898038469,4.71238898038469,4.71238898038469,1.5707963267948966,1.5707963267948966,0.0,1.5707963267948966,5.105088062083414,1.5707963267948966,4.71238898038469,0.0
0.0,4.71238898038469,0.0,1.5707963267948966,4.71238898038469,0.0,0.09817477042468103,4.71238898038469,1.5707963267948966,3.141592653589793,0.0,1.5707963267948966,0.0,4.71238898038469,4.71238898038469,4.71238898038469,1.5707963267948966,1.5707963267948966,0.0,1.5707963267948966,5.105088062083414,1.5707963267948966,4.71238898038469,0.0
0.0,4.71238898038469,0.0,1.5707963267948966,4.71238898038469,0.0,0.0,4.81056375080937,1.5707963267948966,3.141592653589793,0.0,1.5707963267948966,0.0,4.71238898038469,4.71238898038469,4.71238898038469,1.5707963267948966,1.5707963267948966,0.0,1.5707963267948966,5.105088062083414,1.5707963267948966,4.71238898038469,0.0
0.0,4.71238898038469,0.0,1.5707963267948966,4.71238898038469,0.0,0.0,4.71238898038469,1.6689710972195777,3.141592653589793,0.0,1.5707963267948966,0.0,4.71238898038469,4.71238898038469,4.71238898038469,1.5707963267948966,1.5707963267948966,0.0,1.5707963267948966,5.105088062083414,1.5707963267948966,4.71238898038469,0.0
0.0,4.71238898038469,0.0,1.5707963267948966,4.71238898038469,0.0,0.0,4.71238898038469,1.5707963267948966,3.2397674240144743,0.0,1.5707963267948966,0.0,4.71238898038469,4.71238898038469,4.71238898038469,1.5707963267948966,1.5707963267948966,0.0,1.5707963267948966,5.105088062083414,1.5707963267948966,4.71238898038469,0.0
0.0,4.71238898038469,0.0,1.5707963267948966,4.71238898038469,0.0,0.0,4.71238898038469,1.5707963267948966,3.141592653589793,0.09817477042468103,1.5707963267948966,0.0,4.71238898038469,4.71238898038469,4.71238898038469,1.5707963267948966,1.5707963267948966,0.0,1.5707963267948966,5.105088062083414,1.5707963267948966,4.71238898038469,0.0
0.0,4.71238898038469,0.0,1.5707963267948966,4.71238898038469,0.0,0.0,4.71238898038469,1.5707963267948966,3.141592653589793,0.0,1.6689710972195777,0.0,4.71238898038469,4.71238898038469,4.71238898038469,1.5707963267948966,1.5707963267948966,0.0,1.5707963267948966,5.105088062083414,1.5707963267948966,4.71238898038469,0.0
0.0,4.71238898038469,0.0,1.5707963267948966,4.71238898038469,0.0,0.0,4.71238898038469,1.5707963267948966,3.141592653589793,0.0,1.5707963267948966,0.09817477042468103,4.71238898038469,4.71238898038469,4.71238898038469,1.5707963267948966,1.5707963267948966,0.0,1.5707963267948966,5.105088062083414,1.5707963267948966,4.71238898038469,0.0
0.0,4.71238898038469,0.0,1.5707963267948966,4.71238898038469,0.0,0.0,4.71238898038469,1.5707963267948966,3.141592653589793,0.0,1.5707963267948966,0.0,4.81056375080937,4.71238898038469,4.71238898038469,1.5707963267948966,1.5707963267948966,0.0,1.5707963267948966,5.105088062083414,1.5707963267948966,4.71238898038469,0.0
0.0,4.71238898038469,0.0,1.5707963267948966,4.71238898038469,0.0,0.0,4.71238898038469,1.5707963267948966,3.141592653589793,0.0,1.5707963267948966,0.0,4.71238898038469,4.81056375080937,4.71238898038469,1.5707963267948966,1.5707963267948966,0.0,1.5707963267948966,5.105088062083414,1.5707963267948966,4.71238898038469,0.0
0.0,4.71238898038469,0.0,1.5707963267948966,4.71238898038469,0.0,0.0,4.71238898038469,1.5707963267948966,3.141592653589793,0.0,1.5707963267948966,0.0,4.71238898038469,4.71238898038469,4.81056375080937,1.5707963267948966,1.5707963267948966,0.0,1.5707963267948966,5.105088062083414,1.5707963267948966,4.71238898038469,0.0
0.0,4.71238898038469,0.0,1.5707963267948966,4.71238898038469,0.0,0.0,4.71238898038469,1.5707963267948966,3.141592653589793,0.0,1.5707963267948966,0.0,4.71238898038469,4.71238898038469,4.71238898038469,1.6689710972195777,1.5707963267948966,0.0,1.5707963267948966,5.105088062083414,1.5707963267948966,4.71238898038469,0.0
0.0,4.71238898038469,0.0,1.5707963267948966,4.71238898038469,0.0,0.0,4.71238898038469,1.5707963267948966,3.141592653589793,0.0,1.5707963267948966,0.0,4.71238898038469,4.71238898038469,4.71238898038469,1.5707963267948966,1.6689710972195777,0.0,1.5707963267948966,5.105088062083414,1.5707963267948966,4.71238898038469,0.0
0.0,4.71238898038469,0.0,1.5707963267948966,4.71238898038469,0.0,0.0,4.71238898038469,1.5707963267948966,3.141592653589793,0.0,1.5707963267948966,0.0,4.71238898038469,4.71238898038469,4.71238898038469,1.5707963267948966,1.5707963267948966,0.09817477042468103,1.5707963267948966,5.105088062083414,1.5707963267948966,4.71238898038469,0.0
0.0,4.71238898038469,0.0,1.5707963267948966,4.71238898038469,0.0,0.0,4.71238898038469,1.5707963267948966,3.141592653589793,0.0,1.5707963267948966,0.0,4.71238898038469,4.71238898038469,4.71238898038469,1.5707963267948966,1.5707963267948966,0.0,1.6689710972195777,5.105088062083414,1.5707963267948966,4.71238898038469,0.0
0.0,4.71238898038469,0.0,1.5707963267948966,4.71238898038469,0.0,0.0,4.71238898038469,1.5707963267948966,3.141592653589793,0.0,1.5707963267948966,0.0,4.71238898038469,4.71238898038469,4.71238898038469,1.5707963267948966,1.5707963267948966,0.0,1.5707963267948966,5.203262832508095,1.5707963267948966,4.71238898038469,0.0
0.0,4.71238898038469,0.0,1.5707963267948966,4.71238898038469,0.0,0.0,4.71238898038469,1.5707963267948966,3.141592653589793,0.0,1.5707963267948966,0.0,4.71238898038469,4.71238898038469,4.71238898038469,1.5707963267948966,1.5707963267948966,0.0,1.5707963267948966,5.105088062083414,1.6689710972195777,4.71238898038469,0.0
0.0,4.71238898038469,0.0,1.5707963267948966,4.71238898038469,0.0,0.0,4.71238898038469,1.5707963267948966,3.141592653589793,0.0,1.5707963267948966,0.0,4.71238898038469,4.71238898038469,4.71238898038469,1.5707963267948966,1.5707963267948966,0.0,1.5707963267948966,5.105088062083414,1.5707963267948966,4.81056375080937,0.0
0.0,4.71238898038469,0.0,1.5707963267948966,4.71238898038469,0.0,0.0,4.71238898038469,1.5707963267948966,3.141592653589793,0.0,1.5707963267948966,0.0,4.71238898038469,4.71238898038469,4.71238898038469,1.5707963267948966,1.5707963267948966,0.0,1.5707963267948966,5.105088062083414,1.5707963267948966,4.71238898038469,0.09817477042468103
0.0,4.614214209960009,0.0,1.5707963267948966,4.71238898038469,0.0,0.0,4.71238898038469,1.5707963267948966,3.141592653589793,0.0,1.5707963267948966,0.0,4.71238898038469,4.71238898038469,4.71238898038469,1.5707963267948966,1.5707963267948966,0.0,1.5707963267948966,5.105088062083414,1.5707963267948966,4.71238898038469,0.0
0.0,4.71238898038469,0.0,1.4726215563702154,4.71238898038469,0.0,0.0,4.71238898038469,1.5707963267948966,3.141592653589793,0.0,1.5707963267948966,0.0,4.71238898038469,4.71238898038469,4.71238898038469,1.5707963267948966,1.5707963267948966,0.0,1.5707963267948966,5.105088062083414,1.5707963267948966,4.71238898038469,0.0
0.0,4.71238898038469,0.0,1.5707963267948966,4.614214209960009,0.0,0.0,4.71238898038469,1.5707963267948966,3.141592653589793,0.0,1.5707963267948966,0.0,4.71238898038469,4.71238898038469,4.71238898038469,1.5707963267948966,1.5707963267948966,0.0,1.5707963267948966,5.105088062083414,1.5707963267948966,4.71238898038469,0.0
0.0,4.71238898038469,0.0,1.5707963267948966,4.71238898038469,0.0,0.0,4.614214209960009,1.5707963267948966,3.141592653589793,0.0,1.5707963267948966,0.0,4.71238898038469,4.71238898038469,4.71238898038469,1.5707963267948966,1.5707963267948966,0.0,1.5707963267948966,5.105088062083414,1.5707963267948966,4.71238898038469,0.0
0.0,4.71238898038469,0.0,1.5707963267948966,4.71238898038469,0.0,0.0,4.71238898038469,1.4726215563702154,3.141592653589793,0.0,1.5707963267948966,0.0,4.71238898038469,4.71238898038469,4.71238898038469,1.5707963267948966,1.5707963267948966,0.0,1.5707963267948966,5.105088062083414,1.5707963267948966,4.71238898038469,0.0
0.0,4.71238898038469,0.0,1.5707963267948966,4.71238898038469,0.0,0.0,4.71238898038469,1.5707963267948966,3.043417883165112,0.0,1.5707963267948966,0.0,4.71238898038469,4.71238898038469,4.71238898038469,1.5707963267948966,1.5707963267948966,0.0,1.5707963267948966,5.105088062083414,1.5707963267948966,4.71238898038469,0.0
0.0,4.71238898038469,0.0,1.5707963267948966,4.71238898038469,0.0,0.0,4.71238898038469,1.5707963267948966,3.141592653589793,0.0,1.4726215563702154,0.0,4.71238898038469,4.71238898038469,4.71238898038469,1.5707963267948966,1.5707963267948966,0.0,1.5707963267948966,5.105088062083414,1.5707963267948966,4.71238898038469,0.0
0.0,4.71238898038469,0.0,1.5707963267948966,4.71238898038469,0.0,0.0,4.71238898038469,1.5707963267948966,3.141592653589793,0.0,1.5707963267948966,0.0,4.614214209960009,4.71238898038469,4.71238898038469,1.5707963267948966,1.5707963267948966,0.0,1.5707963267948966,5.105088062083414,1.5707963267948966,4.71238898038469,0.0
0.0,4.71238898038469,0.0,1.5707963267948966,4.71238898038469,0.0,0.0,4.71238898038469,1.5707963267948966,3.141592653589793,0.0,1.5707963267948966,0.0,4.71238898038469,4.614214209960009,4.71238898038469,1.5707963267948966,1.5707963267948966,0.0,1.5707963267948966,5.105088062083414,1.5707963267948966,4.71238898038469,0.0
0.0,4.71238898038469,0.0,1.5707963267948966,4.71238898038469,0.0,0.0,4.71238898038469,1.5707963267948966,3.141592653589793,0.0,1.5707963267948966,0.0,4.71238898038469,4.71238898038469,4.614214209960009,1.5707963267948966,1.5707963267948966,0.0,1.5707963267948966,5.105088062083414,1.5707963267948966,4.71238898038469,0.0
0.0,4.71238898038469,0.0,1.5707963267948966,4.71238898038469,0.0,0.0,4.71238898038469,1.5707963267948966,3.141592653589793,0.0,1.5707963267948966,0.0,4.71238898038469,4.71238898038469,4.71238898038469,1.4726215563702154,1.5707963267948966,0.0,1.5707963267948966,5.105088062083414,1.5707963267948966,4.71238898038469,0.0
0.0,4.71238898038469,0.0,1.5707963267948966,4.71238898038469,0.0,0.0,4.71238898038469,1.5707963267948966,3.141592653589793,0.0,1.5707963267948966,0.0,4.71238898038469,4.71238898038469,4.71238898038469,1.5707963267948966,1.4726215563702154,0.0,1.5707963267948966,5.105088062083414,1.5707963267948966,4.71238898038469,0.0
0.0,4.71238898038469,0.0,1.5707963267948966,4.71238898038469,0.0,0.0,4.71238898038469,1.5707963267948966,3.141592653589793,0.0,1.5707963267948966,0.0,4.71238898038469,4.71238898038469,4.71238898038469,1.5707963267948966,1.5707963267948966,0.0,1.4726215563702154,5.105088062083414,1.5707963267948966,4.71238898038469,0.0
0.0,4.71238898038469,0.0,1.5707963267948966,4.71238898038469,0.0,0.0,4.71238898038469,1.5707963267948966,3.141592653589793,0.0,1.5707963267948966,0.0,4.71238898038469,4.71238898038469,4.71238898038469,1.5707963267948966,1.5707963267948966,0.0,1.5707963267948966,5.006913291658733,1.5707963267948966,4.71238898038469,0.0
0.0,4.71238898038469,0.0,1.5707963267948966,4.71238898038469,0.0,0.0,4.71238898038469,1.5707963267948966,3.141592653589793,0.0,1.5707963267948966,0.0,4.71238898038469,4.71238898038469,4.71238898038469,1.5707963267948966,1.5707963267948966,0.0,1.5707963267948966,5.105088062083414,1.4726215563702154,4.71238898038469,0.0
0.0,4.71238898038469,0.0,1.5707963267948966,4.71238898038469,0.0,0.0,4.71238898038469,1.5707963267948966,3.141592653589793,0.0,1.5707963267948966,0.0,4.71238898038469,4.71238898038469,4.71238898038469,1.5707963267948966,1.5707963267948966,0.0,1.5707963267948966,5.105088062083414,1.5707963267948966,4.614214209960009,0.0
0.04908738521234052,4.71238898038469,0.0,1.5707963267948966,4.71238898038469,0.0,0.0,4.71238898038469,1.5707963267948966,3.141592653589793,0.0,1.5707963267948966,0.0,4.71238898038469,4.71238898038469,4.71238898038469,1.5707963267948966,1.5707963267948966,0.0,1.5707963267948966,5.105088062083414,1.5707963267948966,4.71238898038469,0.0
0.0,4.76147636559703,0.0,1.5707963267948966,4.71238898038469,0.0,0.0,4.71238898038469,1.5707963267948966,3.141592653589793,0.0,1.5707963267948966,0.0,4.71238898038469,4.71238898038469,4.71238898038469,1.5707963267948966,1.5707963267948966,0.0,1.5707963267948966,5.105088062083414,1.5707963267948966,4.71238898038469,0.0
0.0,4.71238898038469,0.04908738521234052,1.5707963267948966,4.71238898038469,0.0,0.0,4.71238898038469,1.5707963267948966,3.141592653589793,0.0,1.5707963267948966,0.0,4.71238898038469,4.71238898038469,4.71238898038469,1.5707963267948966,1.5707963267948966,0.0,1.5707963267948966,5.105088062083414,1.5707963267948966,4.71238898038469,0.0
0.0,4.71238898038469,0.0,1.6198837120072371,4.71238898038469,0.0,0.0,4.71238898038469,1.5707963267948966,3.141592653589793,0.0,1.5707963267948966,0.0,4.71238898038469,4.71238898038469,4.71238898038469,1.5707963267948966,1.5707963267948966,0.0,1.5707963267948966,5.105088062083414,1.5707963267948966,4.71238898038469,0.0
0.0,4.71238898038469,0.0,1.5707963267948966,4.76147636559703,0.0,0.0,4.71238898038469,1.5707963267948966,3.141592653589793,0.0,1.5707963267948966,0.0,4.71238898038469,4.71238898038469,4.71238898038469,1.5707963267948966,1.5707963267948966,0.0,1.5707963267948966,5.105088062083414,1.5707963267948966,4.71238898038469,0.0
0.0,4.71238898038469,0.0,1.5707963267948966,4.71238898038469,0.04908738521234052,0.0,4.71238898038469,1.5707963267948966,3.141592653589793,0.0,1.5707963267948966,0.0,4.71238898038469,4.71238898038469,4.71238898038469,1.5707963267948966,1.5707963267948966,0.0,1.5707963267948966,5.105088062083414,1.5707963267948966,4.71238898038469,0.0
0.0,4.71238898038469,0.0,1.5707963267948966,4.71238898038469,0.0,0.04908738521234052,4.71238898038469,1.5707963267948966,3.141592653589793,0.0,1.5707963267948966,0.0,4.71238898038469,4.71238898038469,4.71238898038469,1.5707963267948966,1.5707963267948966,0.0,1.5707963267948966,5.105088062083414,1.5707963267948966,4.71238898038469,0.0
0.0,4.71238898038469,0.0,1.5707963267948966,4.71238898038469,0.0,0.0,4.76147636559703,1.5707963267948966,3.141592653589793,0.0,1.5707963267948966,0.0,4.71238898038469,4.71238898038469,4.71238898038469,1.5707963267948966,1.5707963267948966,0.0,1.5707963267948966,5.105088062083414,1.5707963267948966,4.71238898038469,0.0
0.0,4.71238898038469,0.0,1.5707963267948966,4.71238898038469,0.0,0.0,4.71238898038469,1.6198837120072371,3.141592653589793,0.0,1.5707963267948966,0.0,4.71238898038469,4.71238898038469,4.71238898038469,1.5707963267948966,1.5707963267948966,0.0,1.5707963267948966,5.105088062083414,1.5707963267948966,4.71238898038469,0.0
0.0,4.71238898038469,0.0,1.5707963267948966,4.71238898038469,0.0,0.0,4.71238898038469,1.5707963267948966,3.1906800388021335,0.0,1.5707963267948966,0.0,4.71238898038469,4.71238898038469,4.71238898038469,1.5707963267948966,1.5707963267948966,0.0,1.5707963267948966,5.105088062083414,1.5707963267948966,4.71238898038469,0.0
0.0,4.71238898038469,0.0,1.5707963267948966,4.71238898038469,0.0,0.0,4.71238898038469,1.5707963267948966,3.141592653589793,0.04908738521234052,1.5707963267948966,0.0,4.71238898038469,4.71238898038469,4.71238898038469,1.5707963267948966,1.5707963267948966,0.0,1.5707963267948966,5.105088062083414,1.5707963267948966,4.71238898038469,0.0
0.0,4.71238898038469,0.0,1.5707963267948966,4.71238898038469,0.0,0.0,4.71238898038469,1.5707963267948966,3.141592653589793,0.0,1.6198837120072371,0.0,4.71238898038469,4.71238898038469,4.71238898038469,1.5707963267948966,1.5707963267948966,0.0,1.5707963267948966,5.105088062083414,1.5707963267948966,4.71238898038469,0.0
0.0,4.71238898038469,0.0,1.5707963267948966,4.71238898038469,0.0,0.0,4.71238898038469,1.5707963267948966,3.141592653589793,0.0,1.5707963267948966,0.04908738521234052,4.71238898038469,4.71238898038469,4.71238898038469,1.5707963267948966,1.5707963267948966,0.0,1.5707963267948966,5.105088062083414,1.5707963267948966,4.71238898038469,0.0
0.0,4.71238898038469,0.0,1.5707963267948966,4.71238898038469,0.0,0.0,4.71238898038469,1.5707963267948966,3.141592653589793,0.0,1.5707963267948966,0.0,4.76147636559703,4.71238898038469,4.71238898038469,1.5707963267948966,1.5707963267948966,0.0,1.5707963267948966,5.105088062083414,1.5707963267948966,4.71238898038469,0.0
0.0,4.71238898038469,0.0,1.5707963267948966,4.71238898038469,0.0,0.0,4.71238898038469,1.5707963267948966,3.141592653589793,0.0,1.5707963267948966,0.0,4.71238898038469,4.76147636559703,4.71238898038469,1.5707963267948966,1.5707963267948966,0.0,1.5707963267948966,5.105088062083414,1.5707963267948966,4.71238898038469,0.0
0.0,4.71238898038469,0.0,1.5707963267948966,4.71238898038469,0.0,0.0,4.71238898038469,1.5707963267948966,3.141592653589793,0.0,1.5707963267948966,0.0,4.71238898038469,4.71238898038469,4.76147636559703,1.5707963267948966,1.5707963267948966,0.0,1.5707963267948966,5.105088062083414,1.5707963267948966,4.71238898038469,0.0
0.0,4.71238898038469,0.0,1.5707963267948966,4.71238898038469,0.0,0.0,4.71238898038469,1.5707963267948966,3.141592653589793,0.0,1.5707963267948966,0.0,4.71238898038469,4.71238898038469,4.71238898038469,1.6198837120072371,1.5707963267948966,0.0,1.5707963267948966,5.105088062083414,1.5707963267948966,4.71238898038469,0.0
0.0,4.71238898038469,0.0,1.5707963267948966,4.71238898038469,0.0,0.0,4.71238898038469,1.5707963267948966,3.141592653589793,0.0,1.5707963267948966,0.0,4.71238898038469,4.71238898038469,4.71238898038469,1.5707963267948966,1.6198837120072371,0.0,1.5707963267948966,5.105088062083414,1.5707963267948966,4.71238898038469,0.0
0.0,4.71238898038469,0.0,1.5707963267948966,4.71238898038469,0.0,0.0,4.71238898038469,1.5707963267948966,3.141592653589793,0.0,1.5707963267948966,0.0,4.71238898038469,4.71238898038469,4.71238898038469,1.5707963267948966,1.5707963267948966,0.04908738521234052,1.5707963267948966,5.105088062083414,1.5707963267948966,4.71238898038469,0.0
0.0,4.71238898038469,0.0,1.5707963267948966,4.71238898038469,0.0,0.0,4.71238898038469,1.5707963267948966,3.141592653589793,0.0,1.5707963267948966,0.0,4.71238898038469,4.71238898038469,4.71238898038469,1.5707963267948966,1.5707963267948966,0.0,1.6198837120072371,5.105088062083414,1.5707963267948966,4.71238898038469,0.0
0.0,4.71238898038469,0.0,1.5707963267948966,4.71238898038469,0.0,0.0,4.71238898038469,1.5707963267948966,3.141592653589793,0.0,1.5707963267948966,0.0,4.71238898038469,4.71238898038469,4.71238898038469,1.5707963267948966,1.5707963267948966,0.0,1.5707963267948966,5.154175447295755,1.5707963267948966,4.71238898038469,0.0
0.0,4.71238898038469,0.0,1.5707963267948966,4.71238898038469,0.0,0.0,4.71238898038469,1.5707963267948966,3.141592653589793,0.0,1.5707963267948966,0.0,4.71238898038469,4.71238898038469,4.71238898038469,1.5707963267948966,1.5707963267948966,0.0,1.5707963267948966,5.105088062083414,1.6198837120072371,4.71238898038469,0.0
0.0,4.71238898038469,0.0,1.5707963267948966,4.71238898038469,0.0,0.0,4.71238898038469,1.5707963267948966,3.141592653589793,0.0,1.5707963267948966,0.0,4.71238898038469,4.71238898038469,4.71238898038469,1.5707963267948966,1.5707963267948966,0.0,1.5707963267948966,5.105088062083414,1.5707963267948966,4.76147636559703,0.0
0.0,4.71238898038469,0.0,1.5707963267948966,4.71238898038469,0.0,0.0,4.71238898038469,1.5707963267948966,3.141592653589793,0.0,1.5707963267948966,0.0,4.71238898038469,4.71238898038469,4.71238898038469,1.5707963267948966,1.5707963267948966,0.0,1.5707963267948966,5.105088062083414,1.5707963267948966,4.71238898038469,0.04908738521234052
0.0,4.663301595172349,0.0,1.5707963267948966,4.71238898038469,0.0,0.0,4.71238898038469,1.5707963267948966,3.141592653589793,0.0,1.5707963267948966,0.0,4.71238898038469,4.71238898038469,4.71238898038469,1.5707963267948966,1.5707963267948966,0.0,1.5707963267948966,5.105088062083414,1.5707963267948966,4.71238898038469,0.0
0.0,4.71238898038469,0.0,1.521708941582556,4.71238898038469,0.0,0.0,4.71238898038469,1.5707963267948966,3.141592653589793,0.0,1.5707963267948966,0.0,4.71238898038469,4.71238898038469,4.71238898038469,1.5707963267948966,1.5707963267948966,0.0,1.5707963267948966,5.105088062083414,1.5707963267948966,4.71238898038469,0.0
0.0,4.71238898038469,0.0,1.5707963267948966,4.663301595172349,0.0,0.0,4.71238898038469,1.5707963267948966,3.141592653589793,0.0,1.5707963267948966,0.0,4.71238898038469,4.71238898038469,4.71238898038469,1.5707963267948966,1.5707963267948966,0.0,1.5707963267948966,5.105088062083414,1.5707963267948966,4.71238898038469,0.0
0.0,4.71238898038469,0.0,1.5707963267948966,4.71238898038469,0.0,0.0,4.663301595172349,1.5707963267948966,3.141592653589793,0.0,1.5707963267948966,0.0,4.71238898038469,4.71238898038469,4.71238898038469,1.5707963267948966,1.5707963267948966,0.0,1.5707963267948966,5.105088062083414,1.5707963267948966,4.71238898038469,0.0
0.0,4.71238898038469,0.0,1.5707963267948966,4.71238898038469,0.0,0.0,4.71238898038469,1.521708941582556,3.141592653589793,0.0,1.5707963267948966,0.0,4.71238898038469,4.71238898038469,4.71238898038469,1.5707963267948966,1.5707963267948966,0.0,1.5707963267948966,5.105088062083414,1.5707963267948966,4.71238898038469,0.0
0.0,4.71238898038469,0.0,1.5707963267948966,4.71238898038469,0.0,0.0,4.71238898038469,1.5707963267948966,3.0925052683774528,0.0,1.5707963267948966,0.0,4.71238898038469,4.71238898038469,4.71238898038469,1.5707963267948966,1.5707963267948966,0.0,1.5707963267948966,5.105088062083414,1.5707963267948966,4.71238898038469,0.0
0.0,4.71238898038469,0.0,1.5707963267948966,4.71238898038469,0.0,0.0,4.71238898038469,1.5707963267948966,3.141592653589793,0.0,1.521708941582556,0.0,4.71238898038469,4.71238898038469,4.71238898038469,1.5707963267948966,1.5707963267948966,0.0,1.5707963267948966,5.105088062083414,1.5707963267948966,4.71238898038469,0.0
0.0,4.71238898038469,0.0,1.5707963267948966,4.71238898038469,0.0,0.0,4.71238898038469,1.5707963267948966,3.141592653589793,0.0,1.5707963267948966,0.0,4.663301595172349,4.71238898038469,4.71238898038469,1.5707963267948966,1.5707963267948966,0.0,1.5707963267948966,5.105088062083414,1.5707963267948966,4.71238898038469,0.0
0.0,4.71238898038469,0.0,1.5707963267948966,4.71238898038469,0.0,0.0,4.71238898038469,1.5707963267948966,3.141592653589793,0.0,1.5707963267948966,0.0,4.71238898038469,4.663301595172349,4.71238898038469,1.5707963267948966,1.5707963267948966,0.0,1.5707963267948966,5.105088062083414,1.5707963267948966,4.71238898038469,0.0
0.0,4.71238898038469,0.0,1.5707963267948966,4.71238898038469,0.0,0.0,4.71238898038469,1.5707963267948966,3.141592653589793,0.0,1.5707963267948966,0.0,4.71238898038469,4.71238898038469,4.663301595172349,1.5707963267948966,1.5707963267948966,0.0,1.5707963267948966,5.105088062083414,1.5707963267948966,4.71238898038469,0.0
0.0,4.71238898038469,0.0,1.5707963267948966,4.71238898038469,0.0,0.0,4.71238898038469,1.5707963267948966,3.141592653589793,0.0,1.5707963267948966,0.0,4.71238898038469,4.71238898038469,4.71238898038469,1.521708941582556,1.5707963267948966,0.0,1.5707963267948966,5.105088062083414,1.5707963267948966,4.71238898038469,0.0
0.0,4.71238898038469,0.0,1.5707963267948966,4.71238898038469,0.0,0.0,4.71238898038469,1.5707963267948966,3.141592653589793,0.0,1.5707963267948966,0.0,4.71238898038469,4.71238898038469,4.71238898038469,1.5707963267948966,1.521708941582556,0.0,1.5707963267948966,5.105088062083414,1.5707963267948966,4.71238898038469,0.0
0.0,4.71238898038469,0.0,1.5707963267948966,4.71238898038469,0.0,0.0,4.71238898038469,1.5707963267948966,3.141592653589793,0.0,1.5707963267948966,0.0,4.71238898038469,4.71238898038469,4.71238898038469,1.5707963267948966,1.5707963267948966,0.0,1.521708941582556,5.105088062083414,1.5707963267948966,4.71238898038469,0.0
0.0,4.71238898038469,0.0,1.5707963267948966,4.71238898038469,0.0,0.0,4.71238898038469,1.5707963267948966,3.141592653589793,0.0,1.5707963267948966,0.0,4.71238898038469,4.71238898038469,4.71238898038469,1.5707963267948966,1.5707963267948966,0.0,1.5707963267948966,5.056000676871073,1.5707963267948966,4.71238898038469,0.0
0.0,4.71238898038469,0.0,1.5707963267948966,4.71238898038469,0.0,0.0,4.71238898038469,1.5707963267948966,3.141592653589793,0.0,1.5707963267948966,0.0,4.71238898038469,4.71238898038469,4.71238898038469,1.5707963267948966,1.5707963267948966,0.0,1.5707963267948966,5.105088062083414,1.521708941582556,4.71238898038469,0.0
0.0,4.71238898038469,0.0,1.5707963267948966,4.71238898038469,0.0,0.0,4.71238898038469,1.5707963267948966,3.141592653589793,0.0,1.5707963267948966,0.0,4.71238898038469,4.71238898038469,4.71238898038469,1.5707963267948966,1.5707963267948966,0.0,1.5707963267948966,5.105088062083414,1.5707963267948966,4.663301595172349,0.0
0.02454369260617026,4.71238898038469,0.0,1.5707963267948966,4.71238898038469,0.0,0.0,4.71238898038469,1.5707963267948966,3.141592653589793,0.0,1.5707963267948966,0.0,4.71238898038469,4.71238898038469,4.71238898038469,1.5707963267948966,1.5707963267948966,0.0,1.5707963267948966,5.105088062083414,1.5707963267948966,4.71238898038469,0.0
0.0,4.73693267299086,0.0,1.5707963267948966,4.71238898038469,0.0,0.0,4.71238898038469,1.5707963267948966,3.141592653589793,0.0,1.5707963267948966,0.0,4.71238898038469,4.71238898038469,4.71238898038469,1.5707963267948966,1.5707963267948966,0.0,1.5707963267948966,5.105088062083414,1.5707963267948966,4.71238898038469,0.0
0.0,4.71238898038469,0.02454369260617026,1.5707963267948966,4.71238898038469,0.0,0.0,4.71238898038469,1.5707963267948966,3.141592653589793,0.0,1.5707963267948966,0.0,4.71238898038469,4.71238898038469,4.71238898038469,1.5707963267948966,1.5707963267948966,0.0,1.5707963267948966,5.105088062083414,1.5707963267948966,4.71238898038469,0.0
0.0,4.71238898038469,0.0,1.5953400194010667,4.71238898038469,0.0,0.0,4.71238898038469,1.5707963267948966,3.141592653589793,0.0,1.5707963267948966,0.0,4.71238898038469,4.71238898038469,4.71238898038469,1.5707963267948966,1.5707963267948966,0.0,1.5707963267948966,5.105088062083414,1.5707963267948966,4.71238898038469,0.0
0.0,4.71238898038469,0.0,1.5707963267948966,4.73693267299086,0.0,0.0,4.71238898038469,1.5707963267948966,3.141592653589793,0.0,1.5707963267948966,0.0,4.71238898038469,4.71238898038469,4.71238898038469,1.5707963267948966,1.5707963267948966,0.0,1.5707963267948966,5.105088062083414,1.5707963267948966,4.71238898038469,0.0
0.0,4.71238898038469,0.0,1.5707963267948966,4.71238898038469,0.02454369260617026,0.0,4.71238898038469,1.5707963267948966,3.141592653589793,0.0,1.5707963267948966,0.0,4.71238898038469,4.71238898038469,4.71238898038469,1.5707963267948966,1.5707963267948966,0.0,1.5707963267948966,5.105088062083414,1.5707963267948966,4.71238898038469,0.0
0.0,4.71238898038469,0.0,1.5707963267948966,4.71238898038469,0.0,0.02454369260617026,4.71238898038469,1.5707963267948966,3.141592653589793,0.0,1.5707963267948966,0.0,4.71238898038469,4.71238898038469,4.71238898038469,1.5707963267948966,1.5707963267948966,0.0,1.5707963267948966,5.105088062083414,1.5707963267948966,4.71238898038469,0.0
0.0,4.71238898038469,0.0,1.5707963267948966,4.71238898038469,0.0,0.0,4.73693267299086,1.5707963267948966,3.141592653589793,0.0,1.5707963267948966,0.0,4.71238898038469,4.71238898038469,4.71238898038469,1.5707963267948966,1.5707963267948966,0.0,1.5707963267948966,5.105088062083414,1.5707963267948966,4.71238898038469,0.0
0.0,4.71238898038469,0.0,1.5707963267948966,4.71238898038469,0.0,0.0,4.71238898038469,1.5953400194010667,3.141592653589793,0.0,1.5707963267948966,0.0,4.71238898038469,4.71238898038469,4.71238898038469,1.5707963267948966,1.5707963267948966,0.0,1.5707963267948966,5.105088062083414,1.5707963267948966,4.71238898038469,0.0
0.0,4.71238898038469,0.0,1.5707963267948966,4.71238898038469,0.0,0.0,4.71238898038469,1.5707963267948966,3.1661363461959633,0.0,1.5707963267948966,0.0,4.71238898038469,4.71238898038469,4.71238898038469,1.5707963267948966,1.5707963267948966,0.0,1.5707963267948966,5.105088062083414,1.5707963267948966,4.71238898038469,0.0
0.0,4.71238898038469,0.0,1.5707963267948966,4.71238898038469,0.0,0.0,4.71238898038469,1.5707963267948966,3.141592653589793,0.02454369260617026,1.5707963267948966,0.0,4.71238898038469,4.71238898038469,4.71238898038469,1.5707963267948966,1.5707963267948966,0.0,1.5707963267948966,5.105088062083414,1.5707963267948966,4.71238898038469,0.0
0.0,4.71238898038469,0.0,1.5707963267948966,4.71238898038469,0.0,0.0,4.71238898038469,1.5707963267948966,3.141592653589793,0.0,1.5953400194010667,0.0,4.71238898038469,4.71238898038469,4.71238898038469,1.5707963267948966,1.5707963267948966,0.0,1.5707963267948966,5.105088062083414,1.5707963267948966,4.71238898038469,0.0
0.0,4.71238898038469,0.0,1.5707963267948966,4.71238898038469,0.0,0.0,4.71238898038469,1.5707963267948966,3.141592653589793,0.0,1.5707963267948966,0.02454369260617026,4.71238898038469,4.71238898038469,4.71238898038469,1.5707963267948966,1.5707963267948966,0.0,1.5707963267948966,5.105088062083414,1.5707963267948966,4.71238898038469,0.0
0.0,4.71238898038469,0.0,1.5707963267948966,4.71238898038469,0.0,0.0,4.71238898038469,1.5707963267948966,3.141592653589793,0.0,1.5707963267948966,0.0,4.73693267299086,4.71238898038469,4.71238898038469,1.5707963267948966,1.5707963267948966,0.0,1.5707963267948966,5.105088062083414,1.5707963267948966,4.71238898038469,0.0
0.0,4.71238898038469,0.0,1.5707963267948966,4.71238898038469,0.0,0.0,4.71238898038469,1.5707963267948966,3.141592653589793,0.0,1.5707963267948966,0.0,4.71238898038469,4.73693267299086,4.71238898038469,1.5707963267948966,1.5707963267948966,0.0,1.5707963267948966,5.105088062083414,1.5707963267948966,4.71238898038469,0.0
0.0,4.71238898038469,0.0,1.5707963267948966,4.71238898038469,0.0,0.0,4.71238898038469,1.5707963267948966,3.141592653589793,0.0,1.5707963267948966,0.0,4.71238898038469,4.71238898038469,4.73693267299086,1.5707963267948966,1.5707963267948966,0.0,1.5707963267948966,5.105088062083414,1.5707963267948966,4.71238898038469,0.0
0.0,4.71238898038469,0.0,1.5707963267948966,4.71238898038469,0.0,0.0,4.71238898038469,1.5707963267948966,3.141592653589793,0.0,1.5707963267948966,0.0,4.71238898038469,4.71238898038469,4.71238898038469,1.5953400194010667,1.5707963267948966,0.0,1.5707963267948966,5.105088062083414,1.5707963267948966,4.71238898038469,0.0
0.0,4.71238898038469,0.0,1.5707963267948966,4.71238898038469,0.0,0.0,4.71238898038469,1.5707963267948966,3.141592653589793,0.0,1.5707963267948966,0.0,4.71238898038469,4.71238898038469,4.71238898038469,1.5707963267948966,1.5953400194010667,0.0,1.5707963267948966,5.105088062083414,1.5707963267948966,4.71238898038469,0.0
0.0,4.71238898038469,0.0,1.5707963267948966,4.71238898038469,0.0,0.0,4.71238898038469,1.5707963267948966,3.141592653589793,0.0,1.5707963267948966,0.0,4.71238898038469,4.71238898038469,4.71238898038469,1.5707963267948966,1.5707963267948966,0.02454369260617026,1.5707963267948966,5.105088062083414,1.5707963267948966,4.71238898038469,0.0
0.0,4.71238898038469,0.0,1.5707963267948966,4.71238898038469,0.0,0.0,4.71238898038469,1.5707963267948966,3.141592653589793,0.0,1.5707963267948966,0.0,4.71238898038469,4.71238898038469,4.71238898038469,1.5707963267948966,1.5707963267948966,0.0,1.5953400194010667,5.105088062083414,1.5707963267948966,4.71238898038469,0.0
0.0,4.71238898038469,0.0,1.5707963267948966,4.71238898038469,0.0,0.0,4.71238898038469,1.5707963267948966,3.141592653589793,0.0,1.5707963267948966,0.0,4.71238898038469,4.71238898038469,4.71238898038469,1.5707963267948966,1.5707963267948966,0.0,1.5707963267948966,5.129631754689584,1.5707963267948966,4.71238898038469,0.0
0.0,4.71238898038469,0.0,1.5707963267948966,4.71238898038469,0.0,0.0,4.71238898038469,1.5707963267948966,3.141592653589793,0.0,1.5707963267948966,0.0,4.71238898038469,4.71238898038469,4.71238898038469,1.5707963267948966,1.5707963267948966,0.0,1.5707963267948966,5.105088062083414,1.5953400194010667,4.71238898038469,0.0
0.0,4.71238898038469,0.0,1.5707963267948966,4.71238898038469,0.0,0.0,4.71238898038469,1.5707963267948966,3.141592653589793,0.0,1.5707963267948966,0.0,4.71238898038469,4.71238898038469,4.71238898038469,1.5707963267948966,1.5707963267948966,0.0,1.5707963267948966,5.105088062083414,1.5707963267948966,4.73693267299086,0.0
0.0,4.71238898038469,0.0,1.5707963267948966,4.71238898038469,0.0,0.0,4.71238898038469,1.5707963267948966,3.141592653589793,0.0,1.5707963267948966,0.0,4.71238898038469,4.71238898038469,4.71238898038469,1.5707963267948966,1.5707963267948966,0.0,1.5707963267948966,5.105088062083414,1.5707963267948966,4.71238898038469,0.02454369260617026
0.0,4.6878452877785195,0.0,1.5707963267948966,4.71238898038469,0.0,0.0,4.71238898038469,1.5707963267948966,3.141592653589793,0.0,1.5707963267948966,0.0,4.71238898038469,4.71238898038469,4.71238898038469,1.5707963267948966,1.5707963267948966,0.0,1.5707963267948966,5.105088062083414,1.5707963267948966,4.71238898038469,0.0
0.0,4.71238898038469,0.0,1.5462526341887264,4.71238898038469,0.0,0.0,4.71238898038469,1.5707963267948966,3.141592653589793,0.0,1.5707963267948966,0.0,4.71238898038469,4.71238898038469,4.71238898038469,1.5707963267948966,1.5707963267948966,0.0,1.5707963267948966,5.105088062083414,1.5707963267948966,4.71238898038469,0.0
0.0,4.71238898038469,0.0,1.5707963267948966,4.6878452877785195,0.0,0.0,4.71238898038469,1.5707963267948966,3.141592653589793,0.0,1.5707963267948966,0.0,4.71238898038469,4.71238898038469,4.71238898038469,1.5707963267948966,1.5707963267948966,0.0,1.5707963267948966,5.105088062083414,1.5707963267948966,4.71238898038469,0.0
0.0,4.71238898038469,0.0,1.5707963267948966,4.71238898038469,0.0,0.0,4.6878452877785195,1.5707963267948966,3.141592653589793,0.0,1.5707963267948966,0.0,4.71238898038469,4.71238898038469,4.71238898038469,1.5707963267948966,1.5707963267948966,0.0,1.5707963267948966,5.105088062083414,1.5707963267948966,4.71238898038469,0.0
0.0,4.71238898038469,0.0,1.5707963267948966,4.71238898038469,0.0,0.0,4.71238898038469,1.5462526341887264,3.141592653589793,0.0,1.5707963267948966,0.0,4.71238898038469,4.71238898038469,4.71238898038469,1.5707963267948966,1.5707963267948966,0.0,1.5707963267948966,5.105088062083414,1.5707963267948966,4.71238898038469,0.0
0.0,4.71238898038469,0.0,1.5707963267948966,4.71238898038469,0.0,0.0,4.71238898038469,1.5707963267948966,3.117048960983623,0.0,1.5707963267948966,0.0,4.71238898038469,4.71238898038469,4.71238898038469,1.5707963267948966,1.5707963267948966,0.0,1.5707963267948966,5.105088062083414,1.5707963267948966,4.71238898038469,0.0
0.0,4.71238898038469,0.0,1.5707963267948966,4.71238898038469,0.0,0.0,4.71238898038469,1.5707963267948966,3.141592653589793,0.0,1.5462526341887264,0.0,4.71238898038469,4.71238898038469,4.71238898038469,1.5707963267948966,1.5707963267948966,0.0,1.5707963267948966,5.105088062083414,1.5707963267948966,4.71238898038469,0.0
0.0,4.71238898038469,0.0,1.5707963267948966,4.71238898038469,0.0,0.0,4.71238898038469,1.5707963267948966,3.141592653589793,0.0,1.5707963267948966,0.0,4.6878452877785195,4.71238898038469,4.71238898038469,1.5707963267948966,1.5707963267948966,0.0,1.5707963267948966,5.105088062083414,1.5707963267948966,4.71238898038469,0.0
0.0,4.71238898038469,0.0,1.5707963267948966,4.71238898038469,0.0,0.0,4.71238898038469,1.5707963267948966,3.141592653589793,0.0,1.5707963267948966,0.0,4.71238898038469,4.6878452877785195,4.71238898038469,1.5707963267948966,1.5707963267948966,0.0,1.5707963267948966,5.105088062083414,1.5707963267948966,4.71238898038469,0.0
0.0,4.71238898038469,0.0,1.5707963267948966,4.71238898038469,0.0,0.0,4.71238898038469,1.5707963267948966,3.141592653589793,0.0,1.5707963267948966,0.0,4.71238898038469,4.71238898038469,4.6878452877785195,1.5707963267948966,1.5707963267948966,0.0,1.5707963267948966,5.105088062083414,1.5707963267948966,4.71238898038469,0.0
0.0,4.71238898038469,0.0,1.5707963267948966,4.71238898038469,0.0,0.0,4.71238898038469,1.5707963267948966,3.141592653589793,0.0,1.5707963267948966,0.0,4.71238898038469,4.71238898038469,4.71238898038469,1.5462526341887264,1.5707963267948966,0.0,1.5707963267948966,5.105088062083414,1.5707963267948966,4.71238898038469,0.0
0.0,4.71238898038469,0.0,1.5707963267948966,4.71238898038469,0.0,0.0,4.71238898038469,1.5707963267948966,3.141592653589793,0.0,1.5707963267948966,0.0,4.71238898038469,4.71238898038469,4.71238898038469,1.5707963267948966,1.5462526341887264,0.0,1.5707963267948966,5.105088062083414,1.5707963267948966,4.71238898038469,0.0
0.0,4.71238898038469,0.0,1.5707963267948966,4.71238898038469,0.0,0.0,4.71238898038469,1.5707963267948966,3.141592653589793,0.0,1.5707963267948966,0.0,4.71238898038469,4.71238898038469,4.71238898038469,1.5707963267948966,1.5707963267948966,0.0,1.5462526341887264,5.105088062083414,1.5707963267948966,4.71238898038469,0.0
0.0,4.71238898038469,0.0,1.5707963267948966,4.71238898038469,0.0,0.0,4.71238898038469,1.5707963267948966,3.141592653589793,0.0,1.5707963267948966,0.0,4.71238898038469,4.71238898038469,4.71238898038469,1.5707963267948966,1.5707963267948966,0.0,1.5707963267948966,5.080544369477243,1.5707963267948966,4.71238898038469,0.0
0.0,4.71238898038469,0.0,1.5707963267948966,4.71238898038469,0.0,0.0,4.71238898038469,1.5707963267948966,3.141592653589793,0.0,1.5707963267948966,0.0,4.71238898038469,4.71238898038469,4.71238898038469,1.5707963267948966,1.5707963267948966,0.0,1.5707963267948966,5.105088062083414,1.5462526341887264,4.71238898038469,0.0
0.0,4.71238898038469,0.0,1.5707963267948966,4.71238898038469,0.0,0.0,4.71238898038469,1.5707963267948966,3.141592653589793,0.0,1.5707963267948966,0.0,4.71238898038469,4.71238898038469,4.71238898038469,1.5707963267948966,1.5707963267948966,0.0,1.5707963267948966,5.105088062083414,1.5707963267948966,4.6878452877785195,0.0
