3.141592653589793,0.0,0.0,0.0,1.5707963267948966,4.71238898038469,0.0,4.71238898038469,0.0,0.0,3.141592653589793,3.141592653589793,3.141592653589793,4.71238898038469,3.141592653589793,3.141592653589793,3.141592653589793,0.0,3.141592653589793,0.0,4.71238898038469,3.141592653589793,0.0,4.71238898038469
6.283185307179586,0.0,0.0,0.0,1.5707963267948966,4.71238898038469,0.0,4.71238898038469,0.0,0.0,3.141592653589793,3.141592653589793,3.141592653589793,4.71238898038469,3.141592653589793,3.141592653589793,3.141592653589793,0.0,3.141592653589793,0.0,4.71238898038469,3.141592653589793,0.0,4.71238898038469
3.141592653589793,3.141592653589793,0.0,0.0,1.5707963267948966,4.71238898038469,0.0,4.71238898038469,0.0,0.0,3.141592653589793,3.141592653589793,3.141592653589793,4.71238898038469,3.141592653589793,3.141592653589793,3.141592653589793,0.0,3.141592653589793,0.0,4.71238898038469,3.141592653589793,0.0,4.71238898038469
3.141592653589793,0.0,3.141592653589793,0.0,1.5707963267948966,4.71238898038469,0.0,4.71238898038469,0.0,0.0,3.141592653589793,3.141592653589793,3.141592653589793,4.71238898038469,3.141592653589793,3.141592653589793,3.141592653589793,0.0,3.141592653589793,0.0,4.71238898038469,3.141592653589793,0.0,4.71238898038469
3.141592653589793,0.0,0.0,3.141592653589793,1.5707963267948966,4.71238898038469,0.0,4.71238898038469,0.0,0.0,3.141592653589793,3.141592653589793,3.141592653589793,4.71238898038469,3.141592653589793,3.141592653589793,3.141592653589793,0.0,3.141592653589793,0.0,4.71238898038469,3.141592653589793,0.0,4.71238898038469
3.141592653589793,0.0,0.0,0.0,4.71238898038469,4.71238898038469,0.0,4.71238898038469,0.0,0.0,3.141592653589793,3.141592653589793,3.141592653589793,4.71238898038469,3.141592653589793,3.141592653589793,3.141592653589793,0.0,3.141592653589793,0.0,4.71238898038469,3.141592653589793,0.0,4.71238898038469
3.141592653589793,0.0,0.0,0.0,1.5707963267948966,4.71238898038469,3.141592653589793,4.71238898038469,0.0,0.0,3.141592653589793,3.141592653589793,3.141592653589793,4.71238898038469,3.141592653589793,3.141592653589793,3.141592653589793,0.0,3.141592653589793,0.0,4.71238898038469,3.141592653589793,0.0,4.71238898038469
3.141592653589793,0.0,0.0,0.0,1.5707963267948966,4.71238898038469,0.0,4.71238898038469,3.141592653589793,0.0,3.141592653589793,3.141592653589793,3.141592653589793,4.71238898038469,3.141592653589793,3.141592653589793,3.141592653589793,0.0,3.141592653589793,0.0,4.71238898038469,3.141592653589793,0.0,4.71238898038469
3.141592653589793,0.0,0.0,0.0,1.5707963267948966,4.71238898038469,0.0,4.71238898038469,0.0,3.141592653589793,3.141592653589793,3.141592653589793,3.141592653589793,4.71238898038469,3.141592653589793,3.141592653589793,3.141592653589793,0.0,3.141592653589793,0.0,4.71238898038469,3.141592653589793,0.0,4.71238898038469
3.141592653589793,0.0,0.0,0.0,1.5707963267948966,4.71238898038469,0.0,4.71238898038469,0.0,0.0,6.283185307179586,3.141592653589793,3.141592653589793,4.71238898038469,3.141592653589793,3.141592653589793,3.141592653589793,0.0,3.141592653589793,0.0,4.71238898038469,3.141592653589793,0.0,4.71238898038469
3.141592653589793,0.0,0.0,0.0,1.5707963267948966,4.71238898038469,0.0,4.71238898038469,0.0,0.0,3.141592653589793,6.283185307179586,3.141592653589793,4.71238898038469,3.141592653589793,3.141592653589793,3.141592653589793,0.0,3.141592653589793,0.0,4.71238898038469,3.141592653589793,0.0,4.71238898038469
3.141592653589793,0.0,0.0,0.0,1.5707963267948966,4.71238898038469,0.0,4.71238898038469,0.0,0.0,3.141592653589793,3.141592653589793,6.283185307179586,4.71238898038469,3.141592653589793,3.141592653589793,3.141592653589793,0.0,3.141592653589793,0.0,4.71238898038469,3.141592653589793,0.0,4.71238898038469
3.141592653589793,0.0,0.0,0.0,1.5707963267948966,4.71238898038469,0.0,4.71238898038469,0.0,0.0,3.141592653589793,3.141592653589793,3.141592653589793,4.71238898038469,6.283185307179586,3.141592653589793,3.141592653589793,0.0,3.141592653589793,0.0,4.71238898038469,3.141592653589793,0.0,4.71238898038469
3.141592653589793,0.0,0.0,0.0,1.5707963267948966,4.71238898038469,0.0,4.71238898038469,0.0,0.0,3.141592653589793,3.141592653589793,3.141592653589793,4.71238898038469,3.141592653589793,6.283185307179586,3.141592653589793,0.0,3.141592653589793,0.0,4.71238898038469,3.141592653589793,0.0,4.71238898038469
3.141592653589793,0.0,0.0,0.0,1.5707963267948966,4.71238898038469,0.0,4.71238898038469,0.0,0.0,3.141592653589793,3.141592653589793,3.141592653589793,4.71238898038469,3.141592653589793,3.141592653589793,6.283185307179586,0.0,3.141592653589793,0.0,4.71238898038469,3.141592653589793,0.0,4.71238898038469
3.141592653589793,0.0,0.0,0.0,1.5707963267948966,4.71238898038469,0.0,4.71238898038469,0.0,0.0,3.141592653589793,3.141592653589793,3.141592653589793,4.71238898038469,3.141592653589793,3.141592653589793,3.141592653589793,3.141592653589793,3.141592653589793,0.0,4.71238898038469,3.141592653589793,0.0,4.71238898038469
3.141592653589793,0.0,0.0,0.0,1.5707963267948966,4.71238898038469,0.0,4.71238898038469,0.0,0.0,3.141592653589793,3.141592653589793,3.141592653589793,4.71238898038469,3.141592653589793,3.141592653589793,3.141592653589793,0.0,6.283185307179586,0.0,4.71238898038469,3.141592653589793,0.0,4.71238898038469
3.141592653589793,0.0,0.0,0.0,1.5707963267948966,4.71238898038469,0.0,4.71238898038469,0.0,0.0,3.141592653589793,3.141592653589793,3.141592653589793,4.71238898038469,3.141592653589793,3.141592653589793,3.141592653589793,0.0,3.141592653589793,3.141592653589793,4.71238898038469,3.141592653589793,0.0,4.71238898038469
3.141592653589793,0.0,0.0,0.0,1.5707963267948966,4.71238898038469,0.0,4.71238898038469,0.0,0.0,3.141592653589793,3.141592653589793,3.141592653589793,4.71238898038469,3.141592653589793,3.141592653589793,3.141592653589793,0.0,3.141592653589793,0.0,4.71238898038469,6.283185307179586,0.0,4.71238898038469
3.141592653589793,0.0,0.0,0.0,1.5707963267948966,4.71238898038469,0.0,4.71238898038469,0.0,0.0,3.141592653589793,3.141592653589793,3.141592653589793,4.71238898038469,3.141592653589793,3.141592653589793,3.141592653589793,0.0,3.141592653589793,0.0,4.71238898038469,3.141592653589793,3.141592653589793,4.71238898038469
0.0,0.0,0.0,0.0,1.5707963267948966,4.71238898038469,0.0,4.71238898038469,0.0,0.0,3.141592653589793,3.141592653589793,3.141592653589793,4.71238898038469,3.141592653589793,3.141592653589793,3.141592653589793,0.0,3.141592653589793,0.0,4.71238898038469,3.141592653589793,0.0,4.71238898038469
3.141592653589793,0.0,0.0,0.0,1.5707963267948966,1.5707963267948966,0.0,4.71238898038469,0.0,0.0,3.141592653589793,3.141592653589793,3.141592653589793,4.71238898038469,3.141592653589793,3.141592653589793,3.141592653589793,0.0,3.141592653589793,0.0,4.71238898038469,3.141592653589793,0.0,4.71238898038469
3.141592653589793,0.0,0.0,0.0,1.5707963267948966,4.71238898038469,0.0,1.5707963267948966,0.0,0.0,3.141592653589793,3.141592653589793,3.141592653589793,4.71238898038469,3.141592653589793,3.141592653589793,3.141592653589793,0.0,3.141592653589793,0.0,4.71238898038469,3.141592653589793,0.0,4.71238898038469
3.141592653589793,0.0,0.0,0.0,1.5707963267948966,4.71238898038469,0.0,4.71238898038469,0.0,0.0,0.0,3.141592653589793,3.141592653589793,4.71238898038469,3.141592653589793,3.141592653589793,3.141592653589793,0.0,3.141592653589793,0.0,4.71238898038469,3.141592653589793,0.0,4.71238898038469
3.141592653589793,0.0,0.0,0.0,1.5707963267948966,4.71238898038469,0.0,4.71238898038469,0.0,0.0,3.141592653589793,0.0,3.141592653589793,4.71238898038469,3.141592653589793,3.141592653589793,3.141592653589793,0.0,3.141592653589793,0.0,4.71238898038469,3.141592653589793,0.0,4.71238898038469
3.141592653589793,0.0,0.0,0.0,1.5707963267948966,4.71238898038469,0.0,4.71238898038469,0.0,0.0,3.141592653589793,3.141592653589793,0.0,4.71238898038469,3.141592653589793,3.141592653589793,3.141592653589793,0.0,3.141592653589793,0.0,4.71238898038469,3.141592653589793,0.0,4.71238898038469
3.141592653589793,0.0,0.0,0.0,1.5707963267948966,4.71238898038469,0.0,4.71238898038469,0.0,0.0,3.141592653589793,3.141592653589793,3.141592653589793,1.5707963267948966,3.141592653589793,3.141592653589793,3.141592653589793,0.0,3.141592653589793,0.0,4.71238898038469,3.141592653589793,0.0,4.71238898038469
3.141592653589793,0.0,0.0,0.0,1.5707963267948966,4.71238898038469,0.0,4.71238898038469,0.0,0.0,3.141592653589793,3.141592653589793,3.141592653589793,4.71238898038469,0.0,3.141592653589793,3.141592653589793,0.0,3.141592653589793,0.0,4.71238898038469,3.141592653589793,0.0,4.71238898038469
3.141592653589793,0.0,0.0,0.0,1.5707963267948966,4.71238898038469,0.0,4.71238898038469,0.0,0.0,3.141592653589793,3.141592653589793,3.141592653589793,4.71238898038469,3.141592653589793,0.0,3.141592653589793,0.0,3.141592653589793,0.0,4.71238898038469,3.141592653589793,0.0,4.71238898038469
3.141592653589793,0.0,0.0,0.0,1.5707963267948966,4.71238898038469,0.0,4.71238898038469,0.0,0.0,3.141592653589793,3.141592653589793,3.141592653589793,4.71238898038469,3.141592653589793,3.141592653589793,0.0,0.0,3.141592653589793,0.0,4.71238898038469,3.141592653589793,0.0,4.71238898038469
3.141592653589793,0.0,0.0,0.0,1.5707963267948966,4.71238898038469,0.0,4.71238898038469,0.0,0.0,3.141592653589793,3.141592653589793,3.141592653589793,4.71238898038469,3.141592653589793,3.141592653589793,3.141592653589793,0.0,0.0,0.0,4.71238898038469,3.141592653589793,0.0,4.71238898038469
3.141592653589793,0.0,0.0,0.0,1.5707963267948966,4.71238898038469,0.0,4.71238898038469,0.0,0.0,3.141592653589793,3.141592653589793,3.141592653589793,4.71238898038469,3.141592653589793,3.141592653589793,3.141592653589793,0.0,3.141592653589793,0.0,1.5707963267948966,3.141592653589793,0.0,4.71238898038469
3.141592653589793,0.0,0.0,0.0,1.5707963267948966,4.71238898038469,0.0,4.71238898038469,0.0,0.0,3.141592653589793,3.141592653589793,3.141592653589793,4.71238898038469,3.141592653589793,3.141592653589793,3.141592653589793,0.0,3.141592653589793,0.0,4.71238898038469,0.0,0.0,4.71238898038469
3.141592653589793,0.0,0.0,0.0,1.5707963267948966,4.71238898038469,0.0,4.71238898038469,0.0,0.0,3.141592653589793,3.141592653589793,3.141592653589793,4.71238898038469,3.141592653589793,3.141592653589793,3.141592653589793,0.0,3.141592653589793,0.0,4.71238898038469,3.141592653589793,0.0,1.5707963267948966
3.1485829157774123,0.0,0.0,0.0,1.5380232801410114,4.685823345392866,0.0,4.715554938213711,0.0,0.0,3.112576012443511,3.1302308785227737,3.1333720657983766,4.662045862908484,3.147172148751869,3.1592250261178183,3.1446773101040635,0.0,3.135800347060384,0.0,4.660705797279087,3.130127899829572,0.0,4.667016971348817
3.1450877846836027,0.0,0.0,0.0,1.5544098034679539,4.699106162888778,0.0,4.7139719592992,0.0,0.0,3.127084333016652,3.1359117660562834,3.137482359694085,4.687217421646587,3.144382401170831,3.1504088398538053,3.1431349818469285,0.0,3.138696500325089,0.0,4.6865473888318885,3.135860276709683,0.0,4.689702975866753
3.1433402191366975,0.0,0.0,0.0,1.5626030651314253,4.705747571636733,0.0,4.713180469841944,0.0,0.0,3.134338493303223,3.1387522098230383,3.1395375066419393,4.699803201015638,3.1429875273803125,3.1460007467217994,3.142363817718361,0.0,3.140144576957441,0.0,4.699468184608289,3.138726465149738,0.0,4.7010459781257214
3.1424664363632453,0.0,0.0,0.0,1.566699695963161,4.709068276010711,0.0,4.712784725113317,0.0,0.0,3.137965573446508,3.1401724317064157,3.140565080115866,4.706096090700163,3.1422900904850524,3.143796700155796,3.1419782356540766,0.0,3.1408686152736167,0.0,4.705928582496489,3.1401595593697658,0.0,4.706717479255206
6.283185307179586,0.0,0.0,0.0,1.5707963267948966,4.71238898038469,0.0,4.71238898038469,0.0,0.0,3.141592653589793,3.141592653589793,3.141592653589793,4.71238898038469,3.141592653589793,3.141592653589793,3.141592653589793,0.0,3.141592653589793,0.0,4.71238898038469,3.141592653589793,0.0,4.71238898038469
3.141592653589793,3.141592653589793,0.0,0.0,1.5707963267948966,4.71238898038469,0.0,4.71238898038469,0.0,0.0,3.141592653589793,3.141592653589793,3.141592653589793,4.71238898038469,3.141592653589793,3.141592653589793,3.141592653589793,0.0,3.141592653589793,0.0,4.71238898038469,3.141592653589793,0.0,4.71238898038469
3.141592653589793,0.0,3.141592653589793,0.0,1.5707963267948966,4.71238898038469,0.0,4.71238898038469,0.0,0.0,3.141592653589793,3.141592653589793,3.141592653589793,4.71238898038469,3.141592653589793,3.141592653589793,3.141592653589793,0.0,3.141592653589793,0.0,4.71238898038469,3.141592653589793,0.0,4.71238898038469
3.141592653589793,0.0,0.0,3.141592653589793,1.5707963267948966,4.71238898038469,0.0,4.71238898038469,0.0,0.0,3.141592653589793,3.141592653589793,3.141592653589793,4.71238898038469,3.141592653589793,3.141592653589793,3.141592653589793,0.0,3.141592653589793,0.0,4.71238898038469,3.141592653589793,0.0,4.71238898038469
3.141592653589793,0.0,0.0,0.0,4.71238898038469,4.71238898038469,0.0,4.71238898038469,0.0,0.0,3.141592653589793,3.141592653589793,3.141592653589793,4.71238898038469,3.141592653589793,3.141592653589793,3.141592653589793,0.0,3.141592653589793,0.0,4.71238898038469,3.141592653589793,0.0,4.71238898038469
3.141592653589793,0.0,0.0,0.0,1.5707963267948966,4.71238898038469,3.141592653589793,4.71238898038469,0.0,0.0,3.141592653589793,3.141592653589793,3.141592653589793,4.71238898038469,3.141592653589793,3.141592653589793,3.141592653589793,0.0,3.141592653589793,0.0,4.71238898038469,3.141592653589793,0.0,4.71238898038469
3.141592653589793,0.0,0.0,0.0,1.5707963267948966,4.71238898038469,0.0,4.71238898038469,3.141592653589793,0.0,3.141592653589793,3.141592653589793,3.141592653589793,4.71238898038469,3.141592653589793,3.141592653589793,3.141592653589793,0.0,3.141592653589793,0.0,4.71238898038469,3.141592653589793,0.0,4.71238898038469
3.141592653589793,0.0,0.0,0.0,1.5707963267948966,4.71238898038469,0.0,4.71238898038469,0.0,3.141592653589793,3.141592653589793,3.141592653589793,3.141592653589793,4.71238898038469,3.141592653589793,3.141592653589793,3.141592653589793,0.0,3.141592653589793,0.0,4.71238898038469,3.141592653589793,0.0,4.71238898038469
3.141592653589793,0.0,0.0,0.0,1.5707963267948966,4.71238898038469,0.0,4.71238898038469,0.0,0.0,6.283185307179586,3.141592653589793,3.141592653589793,4.71238898038469,3.141592653589793,3.141592653589793,3.141592653589793,0.0,3.141592653589793,0.0,4.71238898038469,3.141592653589793,0.0,4.71238898038469
3.141592653589793,0.0,0.0,0.0,1.5707963267948966,4.71238898038469,0.0,4.71238898038469,0.0,0.0,3.141592653589793,6.283185307179586,3.141592653589793,4.71238898038469,3.141592653589793,3.141592653589793,3.141592653589793,0.0,3.141592653589793,0.0,4.71238898038469,3.141592653589793,0.0,4.71238898038469
3.141592653589793,0.0,0.0,0.0,1.5707963267948966,4.71238898038469,0.0,4.71238898038469,0.0,0.0,3.141592653589793,3.141592653589793,6.283185307179586,4.71238898038469,3.141592653589793,3.141592653589793,3.141592653589793,0.0,3.141592653589793,0.0,4.71238898038469,3.141592653589793,0.0,4.71238898038469
3.141592653589793,0.0,0.0,0.0,1.5707963267948966,4.71238898038469,0.0,4.71238898038469,0.0,0.0,3.141592653589793,3.141592653589793,3.141592653589793,4.71238898038469,6.283185307179586,3.141592653589793,3.141592653589793,0.0,3.141592653589793,0.0,4.71238898038469,3.141592653589793,0.0,4.71238898038469
3.141592653589793,0.0,0.0,0.0,1.5707963267948966,4.71238898038469,0.0,4.71238898038469,0.0,0.0,3.141592653589793,3.141592653589793,3.141592653589793,4.71238898038469,3.141592653589793,6.283185307179586,3.141592653589793,0.0,3.141592653589793,0.0,4.71238898038469,3.141592653589793,0.0,4.71238898038469
3.141592653589793,0.0,0.0,0.0,1.5707963267948966,4.71238898038469,0.0,4.71238898038469,0.0,0.0,3.141592653589793,3.141592653589793,3.141592653589793,4.71238898038469,3.141592653589793,3.141592653589793,6.283185307179586,0.0,3.141592653589793,0.0,4.71238898038469,3.141592653589793,0.0,4.71238898038469
3.141592653589793,0.0,0.0,0.0,1.5707963267948966,4.71238898038469,0.0,4.71238898038469,0.0,0.0,3.141592653589793,3.141592653589793,3.141592653589793,4.71238898038469,3.141592653589793,3.141592653589793,3.141592653589793,3.141592653589793,3.141592653589793,0.0,4.71238898038469,3.141592653589793,0.0,4.71238898038469
3.141592653589793,0.0,0.0,0.0,1.5707963267948966,4.71238898038469,0.0,4.71238898038469,0.0,0.0,3.141592653589793,3.141592653589793,3.141592653589793,4.71238898038469,3.141592653589793,3.141592653589793,3.141592653589793,0.0,6.283185307179586,0.0,4.71238898038469,3.141592653589793,0.0,4.71238898038469
3.141592653589793,0.0,0.0,0.0,1.5707963267948966,4.71238898038469,0.0,4.71238898038469,0.0,0.0,3.141592653589793,3.141592653589793,3.141592653589793,4.71238898038469,3.141592653589793,3.141592653589793,3.141592653589793,0.0,3.141592653589793,3.141592653589793,4.71238898038469,3.141592653589793,0.0,4.71238898038469
3.141592653589793,0.0,0.0,0.0,1.5707963267948966,4.71238898038469,0.0,4.71238898038469,0.0,0.0,3.141592653589793,3.141592653589793,3.141592653589793,4.71238898038469,3.141592653589793,3.141592653589793,3.141592653589793,0.0,3.141592653589793,0.0,4.71238898038469,6.283185307179586,0.0,4.71238898038469
3.141592653589793,0.0,0.0,0.0,1.5707963267948966,4.71238898038469,0.0,4.71238898038469,0.0,0.0,3.141592653589793,3.141592653589793,3.141592653589793,4.71238898038469,3.141592653589793,3.141592653589793,3.141592653589793,0.0,3.141592653589793,0.0,4.71238898038469,3.141592653589793,3.141592653589793,4.71238898038469
0.0,0.0,0.0,0.0,1.5707963267948966,4.71238898038469,0.0,4.71238898038469,0.0,0.0,3.141592653589793,3.141592653589793,3.141592653589793,4.71238898038469,3.141592653589793,3.141592653589793,3.141592653589793,0.0,3.141592653589793,0.0,4.71238898038469,3.141592653589793,0.0,4.71238898038469
3.141592653589793,0.0,0.0,0.0,1.5707963267948966,1.5707963267948966,0.0,4.71238898038469,0.0,0.0,3.141592653589793,3.141592653589793,3.141592653589793,4.71238898038469,3.141592653589793,3.141592653589793,3.141592653589793,0.0,3.141592653589793,0.0,4.71238898038469,3.141592653589793,0.0,4.71238898038469
3.141592653589793,0.0,0.0,0.0,1.5707963267948966,4.71238898038469,0.0,1.5707963267948966,0.0,0.0,3.141592653589793,3.141592653589793,3.141592653589793,4.71238898038469,3.141592653589793,3.141592653589793,3.141592653589793,0.0,3.141592653589793,0.0,4.71238898038469,3.141592653589793,0.0,4.71238898038469
3.141592653589793,0.0,0.0,0.0,1.5707963267948966,4.71238898038469,0.0,4.71238898038469,0.0,0.0,0.0,3.141592653589793,3.141592653589793,4.71238898038469,3.141592653589793,3.141592653589793,3.141592653589793,0.0,3.141592653589793,0.0,4.71238898038469,3.141592653589793,0.0,4.71238898038469
3.141592653589793,0.0,0.0,0.0,1.5707963267948966,4.71238898038469,0.0,4.71238898038469,0.0,0.0,3.141592653589793,0.0,3.141592653589793,4.71238898038469,3.141592653589793,3.141592653589793,3.141592653589793,0.0,3.141592653589793,0.0,4.71238898038469,3.141592653589793,0.0,4.71238898038469
3.141592653589793,0.0,0.0,0.0,1.5707963267948966,4.71238898038469,0.0,4.71238898038469,0.0,0.0,3.141592653589793,3.141592653589793,0.0,4.71238898038469,3.141592653589793,3.141592653589793,3.141592653589793,0.0,3.141592653589793,0.0,4.71238898038469,3.141592653589793,0.0,4.71238898038469
3.141592653589793,0.0,0.0,0.0,1.5707963267948966,4.71238898038469,0.0,4.71238898038469,0.0,0.0,3.141592653589793,3.141592653589793,3.141592653589793,1.5707963267948966,3.141592653589793,3.141592653589793,3.141592653589793,0.0,3.141592653589793,0.0,4.71238898038469,3.141592653589793,0.0,4.71238898038469
3.141592653589793,0.0,0.0,0.0,1.5707963267948966,4.71238898038469,0.0,4.71238898038469,0.0,0.0,3.141592653589793,3.141592653589793,3.141592653589793,4.71238898038469,0.0,3.141592653589793,3.141592653589793,0.0,3.141592653589793,0.0,4.71238898038469,3.141592653589793,0.0,4.71238898038469
3.141592653589793,0.0,0.0,0.0,1.5707963267948966,4.71238898038469,0.0,4.71238898038469,0.0,0.0,3.141592653589793,3.141592653589793,3.141592653589793,4.71238898038469,3.141592653589793,0.0,3.141592653589793,0.0,3.141592653589793,0.0,4.71238898038469,3.141592653589793,0.0,4.71238898038469
3.141592653589793,0.0,0.0,0.0,1.5707963267948966,4.71238898038469,0.0,4.71238898038469,0.0,0.0,3.141592653589793,3.141592653589793,3.141592653589793,4.71238898038469,3.141592653589793,3.141592653589793,0.0,0.0,3.141592653589793,0.0,4.71238898038469,3.141592653589793,0.0,4.71238898038469
3.141592653589793,0.0,0.0,0.0,1.5707963267948966,4.71238898038469,0.0,4.71238898038469,0.0,0.0,3.141592653589793,3.141592653589793,3.141592653589793,4.71238898038469,3.141592653589793,3.141592653589793,3.141592653589793,0.0,0.0,0.0,4.71238898038469,3.141592653589793,0.0,4.71238898038469
3.141592653589793,0.0,0.0,0.0,1.5707963267948966,4.71238898038469,0.0,4.71238898038469,0.0,0.0,3.141592653589793,3.141592653589793,3.141592653589793,4.71238898038469,3.141592653589793,3.141592653589793,3.141592653589793,0.0,3.141592653589793,0.0,1.5707963267948966,3.141592653589793,0.0,4.71238898038469
3.141592653589793,0.0,0.0,0.0,1.5707963267948966,4.71238898038469,0.0,4.71238898038469,0.0,0.0,3.141592653589793,3.141592653589793,3.141592653589793,4.71238898038469,3.141592653589793,3.141592653589793,3.141592653589793,0.0,3.141592653589793,0.0,4.71238898038469,0.0,0.0,4.71238898038469
3.141592653589793,0.0,0.0,0.0,1.5707963267948966,4.71238898038469,0.0,4.71238898038469,0.0,0.0,3.141592653589793,3.141592653589793,3.141592653589793,4.71238898038469,3.141592653589793,3.141592653589793,3.141592653589793,0.0,3.141592653589793,0.0,4.71238898038469,3.141592653589793,0.0,1.5707963267948966
4.71238898038469,0.0,0.0,0.0,1.5707963267948966,4.71238898038469,0.0,4.71238898038469,0.0,0.0,3.141592653589793,3.141592653589793,3.141592653589793,4.71238898038469,3.141592653589793,3.141592653589793,3.141592653589793,0.0,3.141592653589793,0.0,1.5707963267948966,3.141592653589793,0.0,4.71238898038469
3.141592653589793,1.5707963267948966,0.0,0.0,1.5707963267948966,4.71238898038469,0.0,4.71238898038469,0.0,0.0,3.141592653589793,3.141592653589793,3.141592653589793,4.71238898038469,3.141592653589793,3.141592653589793,3.141592653589793,0.0,3.141592653589793,0.0,1.5707963267948966,3.141592653589793,0.0,4.71238898038469
3.141592653589793,0.0,1.5707963267948966,0.0,1.5707963267948966,4.71238898038469,0.0,4.71238898038469,0.0,0.0,3.141592653589793,3.141592653589793,3.141592653589793,4.71238898038469,3.141592653589793,3.141592653589793,3.141592653589793,0.0,3.141592653589793,0.0,1.5707963267948966,3.141592653589793,0.0,4.71238898038469
3.141592653589793,0.0,0.0,1.5707963267948966,1.5707963267948966,4.71238898038469,0.0,4.71238898038469,0.0,0.0,3.141592653589793,3.141592653589793,3.141592653589793,4.71238898038469,3.141592653589793,3.141592653589793,3.141592653589793,0.0,3.141592653589793,0.0,1.5707963267948966,3.141592653589793,0.0,4.71238898038469
3.141592653589793,0.0,0.0,0.0,3.141592653589793,4.71238898038469,0.0,4.71238898038469,0.0,0.0,3.141592653589793,3.141592653589793,3.141592653589793,4.71238898038469,3.141592653589793,3.141592653589793,3.141592653589793,0.0,3.141592653589793,0.0,1.5707963267948966,3.141592653589793,0.0,4.71238898038469
3.141592653589793,0.0,0.0,0.0,1.5707963267948966,6.283185307179586,0.0,4.71238898038469,0.0,0.0,3.141592653589793,3.141592653589793,3.141592653589793,4.71238898038469,3.141592653589793,3.141592653589793,3.141592653589793,0.0,3.141592653589793,0.0,1.5707963267948966,3.141592653589793,0.0,4.71238898038469
3.141592653589793,0.0,0.0,0.0,1.5707963267948966,4.71238898038469,1.5707963267948966,4.71238898038469,0.0,0.0,3.141592653589793,3.141592653589793,3.141592653589793,4.71238898038469,3.141592653589793,3.141592653589793,3.141592653589793,0.0,3.141592653589793,0.0,1.5707963267948966,3.141592653589793,0.0,4.71238898038469
3.141592653589793,0.0,0.0,0.0,1.5707963267948966,4.71238898038469,0.0,6.283185307179586,0.0,0.0,3.141592653589793,3.141592653589793,3.141592653589793,4.71238898038469,3.141592653589793,3.141592653589793,3.141592653589793,0.0,3.141592653589793,0.0,1.5707963267948966,3.141592653589793,0.0,4.71238898038469
3.141592653589793,0.0,0.0,0.0,1.5707963267948966,4.71238898038469,0.0,4.71238898038469,1.5707963267948966,0.0,3.141592653589793,3.141592653589793,3.141592653589793,4.71238898038469,3.141592653589793,3.141592653589793,3.141592653589793,0.0,3.141592653589793,0.0,1.5707963267948966,3.141592653589793,0.0,4.71238898038469
3.141592653589793,0.0,0.0,0.0,1.5707963267948966,4.71238898038469,0.0,4.71238898038469,0.0,1.5707963267948966,3.141592653589793,3.141592653589793,3.141592653589793,4.71238898038469,3.141592653589793,3.141592653589793,3.141592653589793,0.0,3.141592653589793,0.0,1.5707963267948966,3.141592653589793,0.0,4.71238898038469
3.141592653589793,0.0,0.0,0.0,1.5707963267948966,4.71238898038469,0.0,4.71238898038469,0.0,0.0,4.71238898038469,3.141592653589793,3.141592653589793,4.71238898038469,3.141592653589793,3.141592653589793,3.141592653589793,0.0,3.141592653589793,0.0,1.5707963267948966,3.141592653589793,0.0,4.71238898038469
3.141592653589793,0.0,0.0,0.0,1.5707963267948966,4.71238898038469,0.0,4.71238898038469,0.0,0.0,3.141592653589793,4.71238898038469,3.141592653589793,4.71238898038469,3.141592653589793,3.141592653589793,3.141592653589793,0.0,3.141592653589793,0.0,1.5707963267948966,3.141592653589793,0.0,4.71238898038469
3.141592653589793,0.0,0.0,0.0,1.5707963267948966,4.71238898038469,0.0,4.71238898038469,0.0,0.0,3.141592653589793,3.141592653589793,4.71238898038469,4.71238898038469,3.141592653589793,3.141592653589793,3.141592653589793,0.0,3.141592653589793,0.0,1.5707963267948966,3.141592653589793,0.0,4.71238898038469
3.141592653589793,0.0,0.0,0.0,1.5707963267948966,4.71238898038469,0.0,4.71238898038469,0.0,0.0,3.141592653589793,3.141592653589793,3.141592653589793,6.283185307179586,3.141592653589793,3.141592653589793,3.141592653589793,0.0,3.141592653589793,0.0,1.5707963267948966,3.141592653589793,0.0,4.71238898038469
3.141592653589793,0.0,0.0,0.0,1.5707963267948966,4.71238898038469,0.0,4.71238898038469,0.0,0.0,3.141592653589793,3.141592653589793,3.141592653589793,4.71238898038469,4.71238898038469,3.141592653589793,3.141592653589793,0.0,3.141592653589793,0.0,1.5707963267948966,3.141592653589793,0.0,4.71238898038469
3.141592653589793,0.0,0.0,0.0,1.5707963267948966,4.71238898038469,0.0,4.71238898038469,0.0,0.0,3.141592653589793,3.141592653589793,3.141592653589793,4.71238898038469,3.141592653589793,4.71238898038469,3.141592653589793,0.0,3.141592653589793,0.0,1.5707963267948966,3.141592653589793,0.0,4.71238898038469
3.141592653589793,0.0,0.0,0.0,1.5707963267948966,4.71238898038469,0.0,4.71238898038469,0.0,0.0,3.141592653589793,3.141592653589793,3.141592653589793,4.71238898038469,3.141592653589793,3.141592653589793,4.71238898038469,0.0,3.141592653589793,0.0,1.5707963267948966,3.141592653589793,0.0,4.71238898038469
3.141592653589793,0.0,0.0,0.0,1.5707963267948966,4.71238898038469,0.0,4.71238898038469,0.0,0.0,3.141592653589793,3.141592653589793,3.141592653589793,4.71238898038469,3.141592653589793,3.141592653589793,3.141592653589793,1.5707963267948966,3.141592653589793,0.0,1.5707963267948966,3.141592653589793,0.0,4.71238898038469
3.141592653589793,0.0,0.0,0.0,1.5707963267948966,4.71238898038469,0.0,4.71238898038469,0.0,0.0,3.141592653589793,3.141592653589793,3.141592653589793,4.71238898038469,3.141592653589793,3.141592653589793,3.141592653589793,0.0,4.71238898038469,0.0,1.5707963267948966,3.141592653589793,0.0,4.71238898038469
3.141592653589793,0.0,0.0,0.0,1.5707963267948966,4.71238898038469,0.0,4.71238898038469,0.0,0.0,3.141592653589793,3.141592653589793,3.141592653589793,4.71238898038469,3.141592653589793,3.141592653589793,3.141592653589793,0.0,3.141592653589793,1.5707963267948966,1.5707963267948966,3.141592653589793,0.0,4.71238898038469
3.141592653589793,0.0,0.0,0.0,1.5707963267948966,4.71238898038469,0.0,4.71238898038469,0.0,0.0,3.141592653589793,3.141592653589793,3.141592653589793,4.71238898038469,3.141592653589793,3.141592653589793,3.141592653589793,0.0,3.141592653589793,0.0,3.141592653589793,3.141592653589793,0.0,4.71238898038469
3.141592653589793,0.0,0.0,0.0,1.5707963267948966,4.71238898038469,0.0,4.71238898038469,0.0,0.0,3.141592653589793,3.141592653589793,3.141592653589793,4.71238898038469,3.141592653589793,3.141592653589793,3.141592653589793,0.0,3.141592653589793,0.0,1.5707963267948966,4.71238898038469,0.0,4.71238898038469
3.141592653589793,0.0,0.0,0.0,1.5707963267948966,4.71238898038469,0.0,4.71238898038469,0.0,0.0,3.141592653589793,3.141592653589793,3.141592653589793,4.71238898038469,3.141592653589793,3.141592653589793,3.141592653589793,0.0,3.141592653589793,0.0,1.5707963267948966,3.141592653589793,1.5707963267948966,4.71238898038469
3.141592653589793,0.0,0.0,0.0,1.5707963267948966,4.71238898038469,0.0,4.71238898038469,0.0,0.0,3.141592653589793,3.141592653589793,3.141592653589793,4.71238898038469,3.141592653589793,3.141592653589793,3.141592653589793,0.0,3.141592653589793,0.0,1.5707963267948966,3.141592653589793,0.0,6.283185307179586
1.5707963267948966,0.0,0.0,0.0,1.5707963267948966,4.71238898038469,0.0,4.71238898038469,0.0,0.0,3.141592653589793,3.141592653589793,3.141592653589793,4.71238898038469,3.141592653589793,3.141592653589793,3.141592653589793,0.0,3.141592653589793,0.0,1.5707963267948966,3.141592653589793,0.0,4.71238898038469
3.141592653589793,0.0,0.0,0.0,0.0,4.71238898038469,0.0,4.71238898038469,0.0,0.0,3.141592653589793,3.141592653589793,3.141592653589793,4.71238898038469,3.141592653589793,3.141592653589793,3.141592653589793,0.0,3.141592653589793,0.0,1.5707963267948966,3.141592653589793,0.0,4.71238898038469
3.141592653589793,0.0,0.0,0.0,1.5707963267948966,3.141592653589793,0.0,4.71238898038469,0.0,0.0,3.141592653589793,3.141592653589793,3.141592653589793,4.71238898038469,3.141592653589793,3.141592653589793,3.141592653589793,0.0,3.141592653589793,0.0,1.5707963267948966,3.141592653589793,0.0,4.71238898038469
3.141592653589793,0.0,0.0,0.0,1.5707963267948966,4.71238898038469,0.0,3.141592653589793,0.0,0.0,3.141592653589793,3.141592653589793,3.141592653589793,4.71238898038469,3.141592653589793,3.141592653589793,3.141592653589793,0.0,3.141592653589793,0.0,1.5707963267948966,3.141592653589793,0.0,4.71238898038469
3.141592653589793,0.0,0.0,0.0,1.5707963267948966,4.71238898038469,0.0,4.71238898038469,0.0,0.0,1.5707963267948966,3.141592653589793,3.141592653589793,4.71238898038469,3.141592653589793,3.141592653589793,3.141592653589793,0.0,3.141592653589793,0.0,1.5707963267948966,3.141592653589793,0.0,4.71238898038469
3.141592653589793,0.0,0.0,0.0,1.5707963267948966,4.71238898038469,0.0,4.71238898038469,0.0,0.0,3.141592653589793,1.5707963267948966,3.141592653589793,4.71238898038469,3.141592653589793,3.141592653589793,3.141592653589793,0.0,3.141592653589793,0.0,1.5707963267948966,3.141592653589793,0.0,4.71238898038469
3.141592653589793,0.0,0.0,0.0,1.5707963267948966,4.71238898038469,0.0,4.71238898038469,0.0,0.0,3.141592653589793,3.141592653589793,1.5707963267948966,4.71238898038469,3.141592653589793,3.141592653589793,3.141592653589793,0.0,3.141592653589793,0.0,1.5707963267948966,3.141592653589793,0.0,4.71238898038469
3.141592653589793,0.0,0.0,0.0,1.5707963267948966,4.71238898038469,0.0,4.71238898038469,0.0,0.0,3.141592653589793,3.141592653589793,3.141592653589793,3.141592653589793,3.141592653589793,3.141592653589793,3.141592653589793,0.0,3.141592653589793,0.0,1.5707963267948966,3.141592653589793,0.0,4.71238898038469
3.141592653589793,0.0,0.0,0.0,1.5707963267948966,4.71238898038469,0.0,4.71238898038469,0.0,0.0,3.141592653589793,3.141592653589793,3.141592653589793,4.71238898038469,1.5707963267948966,3.141592653589793,3.141592653589793,0.0,3.141592653589793,0.0,1.5707963267948966,3.141592653589793,0.0,4.71238898038469
3.141592653589793,0.0,0.0,0.0,1.5707963267948966,4.71238898038469,0.0,4.71238898038469,0.0,0.0,3.141592653589793,3.141592653589793,3.141592653589793,4.71238898038469,3.141592653589793,1.5707963267948966,3.141592653589793,0.0,3.141592653589793,0.0,1.5707963267948966,3.141592653589793,0.0,4.71238898038469
3.141592653589793,0.0,0.0,0.0,1.5707963267948966,4.71238898038469,0.0,4.71238898038469,0.0,0.0,3.141592653589793,3.141592653589793,3.141592653589793,4.71238898038469,3.141592653589793,3.141592653589793,1.5707963267948966,0.0,3.141592653589793,0.0,1.5707963267948966,3.141592653589793,0.0,4.71238898038469
3.141592653589793,0.0,0.0,0.0,1.5707963267948966,4.71238898038469,0.0,4.71238898038469,0.0,0.0,3.141592653589793,3.141592653589793,3.141592653589793,4.71238898038469,3.141592653589793,3.141592653589793,3.141592653589793,0.0,1.5707963267948966,0.0,1.5707963267948966,3.141592653589793,0.0,4.71238898038469
3.141592653589793,0.0,0.0,0.0,1.5707963267948966,4.71238898038469,0.0,4.71238898038469,0.0,0.0,3.141592653589793,3.141592653589793,3.141592653589793,4.71238898038469,3.141592653589793,3.141592653589793,3.141592653589793,0.0,3.141592653589793,0.0,0.0,3.141592653589793,0.0,4.71238898038469
3.141592653589793,0.0,0.0,0.0,1.5707963267948966,4.71238898038469,0.0,4.71238898038469,0.0,0.0,3.141592653589793,3.141592653589793,3.141592653589793,4.71238898038469,3.141592653589793,3.141592653589793,3.141592653589793,0.0,3.141592653589793,0.0,1.5707963267948966,1.5707963267948966,0.0,4.71238898038469
3.141592653589793,0.0,0.0,0.0,1.5707963267948966,4.71238898038469,0.0,4.71238898038469,0.0,0.0,3.141592653589793,3.141592653589793,3.141592653589793,4.71238898038469,3.141592653589793,3.141592653589793,3.141592653589793,0.0,3.141592653589793,0.0,1.5707963267948966,3.141592653589793,0.0,3.141592653589793
3.9269908169872414,0.0,0.0,0.0,1.5707963267948966,4.71238898038469,0.0,4.71238898038469,0.0,0.0,3.141592653589793,3.141592653589793,3.141592653589793,4.71238898038469,3.141592653589793,3.141592653589793,3.141592653589793,0.0,3.141592653589793,0.0,1.5707963267948966,3.141592653589793,0.0,4.71238898038469
3.141592653589793,0.7853981633974483,0.0,0.0,1.5707963267948966,4.71238898038469,0.0,4.71238898038469,0.0,0.0,3.141592653589793,3.141592653589793,3.141592653589793,4.71238898038469,3.141592653589793,3.141592653589793,3.141592653589793,0.0,3.141592653589793,0.0,1.5707963267948966,3.141592653589793,0.0,4.71238898038469
3.141592653589793,0.0,0.7853981633974483,0.0,1.5707963267948966,4.71238898038469,0.0,4.71238898038469,0.0,0.0,3.141592653589793,3.141592653589793,3.141592653589793,4.71238898038469,3.141592653589793,3.141592653589793,3.141592653589793,0.0,3.141592653589793,0.0,1.5707963267948966,3.141592653589793,0.0,4.71238898038469
3.141592653589793,0.0,0.0,0.7853981633974483,1.5707963267948966,4.71238898038469,0.0,4.71238898038469,0.0,0.0,3.141592653589793,3.141592653589793,3.141592653589793,4.71238898038469,3.141592653589793,3.141592653589793,3.141592653589793,0.0,3.141592653589793,0.0,1.5707963267948966,3.141592653589793,0.0,4.71238898038469
3.141592653589793,0.0,0.0,0.0,2.356194490192345,4.71238898038469,0.0,4.71238898038469,0.0,0.0,3.141592653589793,3.141592653589793,3.141592653589793,4.71238898038469,3.141592653589793,3.141592653589793,3.141592653589793,0.0,3.141592653589793,0.0,1.5707963267948966,3.141592653589793,0.0,4.71238898038469
3.141592653589793,0.0,0.0,0.0,1.5707963267948966,5.497787143782138,0.0,4.71238898038469,0.0,0.0,3.141592653589793,3.141592653589793,3.141592653589793,4.71238898038469,3.141592653589793,3.141592653589793,3.141592653589793,0.0,3.141592653589793,0.0,1.5707963267948966,3.141592653589793,0.0,4.71238898038469
3.141592653589793,0.0,0.0,0.0,1.5707963267948966,4.71238898038469,0.7853981633974483,4.71238898038469,0.0,0.0,3.141592653589793,3.141592653589793,3.141592653589793,4.71238898038469,3.141592653589793,3.141592653589793,3.141592653589793,0.0,3.141592653589793,0.0,1.5707963267948966,3.141592653589793,0.0,4.71238898038469
3.141592653589793,0.0,0.0,0.0,1.5707963267948966,4.71238898038469,0.0,5.497787143782138,0.0,0.0,3.141592653589793,3.141592653589793,3.141592653589793,4.71238898038469,3.141592653589793,3.141592653589793,3.141592653589793,0.0,3.141592653589793,0.0,1.5707963267948966,3.141592653589793,0.0,4.71238898038469
3.141592653589793,0.0,0.0,0.0,1.5707963267948966,4.71238898038469,0.0,4.71238898038469,0.7853981633974483,0.0,3.141592653589793,3.141592653589793,3.141592653589793,4.71238898038469,3.141592653589793,3.141592653589793,3.141592653589793,0.0,3.141592653589793,0.0,1.5707963267948966,3.141592653589793,0.0,4.71238898038469
3.141592653589793,0.0,0.0,0.0,1.5707963267948966,4.71238898038469,0.0,4.71238898038469,0.0,0.7853981633974483,3.141592653589793,3.141592653589793,3.141592653589793,4.71238898038469,3.141592653589793,3.141592653589793,3.141592653589793,0.0,3.141592653589793,0.0,1.5707963267948966,3.141592653589793,0.0,4.71238898038469
3.141592653589793,0.0,0.0,0.0,1.5707963267948966,4.71238898038469,0.0,4.71238898038469,0.0,0.0,3.9269908169872414,3.141592653589793,3.141592653589793,4.71238898038469,3.141592653589793,3.141592653589793,3.141592653589793,0.0,3.141592653589793,0.0,1.5707963267948966,3.141592653589793,0.0,4.71238898038469
3.141592653589793,0.0,0.0,0.0,1.5707963267948966,4.71238898038469,0.0,4.71238898038469,0.0,0.0,3.141592653589793,3.9269908169872414,3.141592653589793,4.71238898038469,3.141592653589793,3.141592653589793,3.141592653589793,0.0,3.141592653589793,0.0,1.5707963267948966,3.141592653589793,0.0,4.71238898038469
3.141592653589793,0.0,0.0,0.0,1.5707963267948966,4.71238898038469,0.0,4.71238898038469,0.0,0.0,3.141592653589793,3.141592653589793,3.9269908169872414,4.71238898038469,3.141592653589793,3.141592653589793,3.141592653589793,0.0,3.141592653589793,0.0,1.5707963267948966,3.141592653589793,0.0,4.71238898038469
3.141592653589793,0.0,0.0,0.0,1.5707963267948966,4.71238898038469,0.0,4.71238898038469,0.0,0.0,3.141592653589793,3.141592653589793,3.141592653589793,5.497787143782138,3.141592653589793,3.141592653589793,3.141592653589793,0.0,3.141592653589793,0.0,1.5707963267948966,3.141592653589793,0.0,4.71238898038469
3.141592653589793,0.0,0.0,0.0,1.5707963267948966,4.71238898038469,0.0,4.71238898038469,0.0,0.0,3.141592653589793,3.141592653589793,3.141592653589793,4.71238898038469,3.9269908169872414,3.141592653589793,3.141592653589793,0.0,3.141592653589793,0.0,1.5707963267948966,3.141592653589793,0.0,4.71238898038469
3.141592653589793,0.0,0.0,0.0,1.5707963267948966,4.71238898038469,0.0,4.71238898038469,0.0,0.0,3.141592653589793,3.141592653589793,3.141592653589793,4.71238898038469,3.141592653589793,3.9269908169872414,3.141592653589793,0.0,3.141592653589793,0.0,1.5707963267948966,3.141592653589793,0.0,4.71238898038469
3.141592653589793,0.0,0.0,0.0,1.5707963267948966,4.71238898038469,0.0,4.71238898038469,0.0,0.0,3.141592653589793,3.141592653589793,3.141592653589793,4.71238898038469,3.141592653589793,3.141592653589793,3.9269908169872414,0.0,3.141592653589793,0.0,1.5707963267948966,3.141592653589793,0.0,4.71238898038469
3.141592653589793,0.0,0.0,0.0,1.5707963267948966,4.71238898038469,0.0,4.71238898038469,0.0,0.0,3.141592653589793,3.141592653589793,3.141592653589793,4.71238898038469,3.141592653589793,3.141592653589793,3.141592653589793,0.7853981633974483,3.141592653589793,0.0,1.5707963267948966,3.141592653589793,0.0,4.71238898038469
3.141592653589793,0.0,0.0,0.0,1.5707963267948966,4.71238898038469,0.0,4.71238898038469,0.0,0.0,3.141592653589793,3.141592653589793,3.141592653589793,4.71238898038469,3.141592653589793,3.141592653589793,3.141592653589793,0.0,3.9269908169872414,0.0,1.5707963267948966,3.141592653589793,0.0,4.71238898038469
3.141592653589793,0.0,0.0,0.0,1.5707963267948966,4.71238898038469,0.0,4.71238898038469,0.0,0.0,3.141592653589793,3.141592653589793,3.141592653589793,4.71238898038469,3.141592653589793,3.141592653589793,3.141592653589793,0.0,3.141592653589793,0.7853981633974483,1.5707963267948966,3.141592653589793,0.0,4.71238898038469
3.141592653589793,0.0,0.0,0.0,1.5707963267948966,4.71238898038469,0.0,4.71238898038469,0.0,0.0,3.141592653589793,3.141592653589793,3.141592653589793,4.71238898038469,3.141592653589793,3.141592653589793,3.141592653589793,0.0,3.141592653589793,0.0,2.356194490192345,3.141592653589793,0.0,4.71238898038469
3.141592653589793,0.0,0.0,0.0,1.5707963267948966,4.71238898038469,0.0,4.71238898038469,0.0,0.0,3.141592653589793,3.141592653589793,3.141592653589793,4.71238898038469,3.141592653589793,3.141592653589793,3.141592653589793,0.0,3.141592653589793,0.0,1.5707963267948966,3.9269908169872414,0.0,4.71238898038469
3.141592653589793,0.0,0.0,0.0,1.5707963267948966,4.71238898038469,0.0,4.71238898038469,0.0,0.0,3.141592653589793,3.141592653589793,3.141592653589793,4.71238898038469,3.141592653589793,3.141592653589793,3.141592653589793,0.0,3.141592653589793,0.0,1.5707963267948966,3.141592653589793,0.7853981633974483,4.71238898038469
3.141592653589793,0.0,0.0,0.0,1.5707963267948966,4.71238898038469,0.0,4.71238898038469,0.0,0.0,3.141592653589793,3.141592653589793,3.141592653589793,4.71238898038469,3.141592653589793,3.141592653589793,3.141592653589793,0.0,3.141592653589793,0.0,1.5707963267948966,3.141592653589793,0.0,5.497787143782138
2.356194490192345,0.0,0.0,0.0,1.5707963267948966,4.71238898038469,0.0,4.71238898038469,0.0,0.0,3.141592653589793,3.141592653589793,3.141592653589793,4.71238898038469,3.141592653589793,3.141592653589793,3.141592653589793,0.0,3.141592653589793,0.0,1.5707963267948966,3.141592653589793,0.0,4.71238898038469
3.141592653589793,0.0,0.0,0.0,0.7853981633974483,4.71238898038469,0.0,4.71238898038469,0.0,0.0,3.141592653589793,3.141592653589793,3.141592653589793,4.71238898038469,3.141592653589793,3.141592653589793,3.141592653589793,0.0,3.141592653589793,0.0,1.5707963267948966,3.141592653589793,0.0,4.71238898038469
3.141592653589793,0.0,0.0,0.0,1.5707963267948966,3.9269908169872414,0.0,4.71238898038469,0.0,0.0,3.141592653589793,3.141592653589793,3.141592653589793,4.71238898038469,3.141592653589793,3.141592653589793,3.141592653589793,0.0,3.141592653589793,0.0,1.5707963267948966,3.141592653589793,0.0,4.71238898038469
3.141592653589793,0.0,0.0,0.0,1.5707963267948966,4.71238898038469,0.0,3.9269908169872414,0.0,0.0,3.141592653589793,3.141592653589793,3.141592653589793,4.71238898038469,3.141592653589793,3.141592653589793,3.141592653589793,0.0,3.141592653589793,0.0,1.5707963267948966,3.141592653589793,0.0,4.71238898038469
3.141592653589793,0.0,0.0,0.0,1.5707963267948966,4.71238898038469,0.0,4.71238898038469,0.0,0.0,2.356194490192345,3.141592653589793,3.141592653589793,4.71238898038469,3.141592653589793,3.141592653589793,3.141592653589793,0.0,3.141592653589793,0.0,1.5707963267948966,3.141592653589793,0.0,4.71238898038469
3.141592653589793,0.0,0.0,0.0,1.5707963267948966,4.71238898038469,0.0,4.71238898038469,0.0,0.0,3.141592653589793,2.356194490192345,3.141592653589793,4.71238898038469,3.141592653589793,3.141592653589793,3.141592653589793,0.0,3.141592653589793,0.0,1.5707963267948966,3.141592653589793,0.0,4.71238898038469
3.141592653589793,0.0,0.0,0.0,1.5707963267948966,4.71238898038469,0.0,4.71238898038469,0.0,0.0,3.141592653589793,3.141592653589793,2.356194490192345,4.71238898038469,3.141592653589793,3.141592653589793,3.141592653589793,0.0,3.141592653589793,0.0,1.5707963267948966,3.141592653589793,0.0,4.71238898038469
3.141592653589793,0.0,0.0,0.0,1.5707963267948966,4.71238898038469,0.0,4.71238898038469,0.0,0.0,3.141592653589793,3.141592653589793,3.141592653589793,3.9269908169872414,3.141592653589793,3.141592653589793,3.141592653589793,0.0,3.141592653589793,0.0,1.5707963267948966,3.141592653589793,0.0,4.71238898038469
3.141592653589793,0.0,0.0,0.0,1.5707963267948966,4.71238898038469,0.0,4.71238898038469,0.0,0.0,3.141592653589793,3.141592653589793,3.141592653589793,4.71238898038469,2.356194490192345,3.141592653589793,3.141592653589793,0.0,3.141592653589793,0.0,1.5707963267948966,3.141592653589793,0.0,4.71238898038469
3.141592653589793,0.0,0.0,0.0,1.5707963267948966,4.71238898038469,0.0,4.71238898038469,0.0,0.0,3.141592653589793,3.141592653589793,3.141592653589793,4.71238898038469,3.141592653589793,2.356194490192345,3.141592653589793,0.0,3.141592653589793,0.0,1.5707963267948966,3.141592653589793,0.0,4.71238898038469
3.141592653589793,0.0,0.0,0.0,1.5707963267948966,4.71238898038469,0.0,4.71238898038469,0.0,0.0,3.141592653589793,3.141592653589793,3.141592653589793,4.71238898038469,3.141592653589793,3.141592653589793,2.356194490192345,0.0,3.141592653589793,0.0,1.5707963267948966,3.141592653589793,0.0,4.71238898038469
3.141592653589793,0.0,0.0,0.0,1.5707963267948966,4.71238898038469,0.0,4.71238898038469,0.0,0.0,3.141592653589793,3.141592653589793,3.141592653589793,4.71238898038469,3.141592653589793,3.141592653589793,3.141592653589793,0.0,2.356194490192345,0.0,1.5707963267948966,3.141592653589793,0.0,4.71238898038469
3.141592653589793,0.0,0.0,0.0,1.5707963267948966,4.71238898038469,0.0,4.71238898038469,0.0,0.0,3.141592653589793,3.141592653589793,3.141592653589793,4.71238898038469,3.141592653589793,3.141592653589793,3.141592653589793,0.0,3.141592653589793,0.0,0.7853981633974483,3.141592653589793,0.0,4.71238898038469
3.141592653589793,0.0,0.0,0.0,1.5707963267948966,4.71238898038469,0.0,4.71238898038469,0.0,0.0,3.141592653589793,3.141592653589793,3.141592653589793,4.71238898038469,3.141592653589793,3.141592653589793,3.141592653589793,0.0,3.141592653589793,0.0,1.5707963267948966,2.356194490192345,0.0,4.71238898038469
3.141592653589793,0.0,0.0,0.0,1.5707963267948966,4.71238898038469,0.0,4.71238898038469,0.0,0.0,3.141592653589793,3.141592653589793,3.141592653589793,4.71238898038469,3.141592653589793,3.141592653589793,3.141592653589793,0.0,3.141592653589793,0.0,1.5707963267948966,3.141592653589793,0.0,3.9269908169872414
3.1780615720205647,0.0,0.0,0.0,1.5661468938732455,4.624540228818423,0.0,4.697300274944953,0.0,0.0,3.2476285722940466,3.1808808644316557,3.0816265165609438,4.717393150143239,3.213828957640311,3.2271839102328244,3.3546824384819094,0.0,3.102988619672091,0.0,1.5670597193105793,3.194329366524126,0.0,4.691911159458014
3.1598271128051785,0.0,0.0,0.0,1.568471610334071,4.6684646046015565,0.0,4.704844627664822,0.0,0.0,3.19461061294192,3.1612367590107247,3.1116095850753687,4.714891065263964,3.1777108056150523,3.1843882819113087,3.248137546035851,0.0,3.122290636630942,0.0,1.568928023052738,3.1679610100569593,0.0,4.702150069921352
3.1507098831974862,0.0,0.0,0.0,1.5696339685644838,4.690426792493123,0.0,4.708616804024755,0.0,0.0,3.1681016332658567,3.1514147063002587,3.1266011193325807,4.713640022824326,3.1596517296024227,3.1629904677505514,3.1948650998128225,0.0,3.1319416451103677,0.0,1.5698621749238173,3.154776831823377,0.0,4.707269525153021
3.1461512683936395,0.0,0.0,0.0,1.5702151476796902,4.701407886438906,0.0,4.7105028922047225,0.0,0.0,3.154847143427825,3.146503679945026,3.134096886461187,4.713014501604508,3.1506221915961077,3.152291560670172,3.1682288767013076,0.0,3.13676714935008,0.0,1.570329250859357,3.1481847427065848,0.0,4.709829252768856
3.9269908169872414,0.0,0.0,0.0,1.5707963267948966,4.71238898038469,0.0,4.71238898038469,0.0,0.0,3.141592653589793,3.141592653589793,3.141592653589793,4.71238898038469,3.141592653589793,3.141592653589793,3.141592653589793,0.0,3.141592653589793,0.0,1.5707963267948966,3.141592653589793,0.0,4.71238898038469
3.141592653589793,0.7853981633974483,0.0,0.0,1.5707963267948966,4.71238898038469,0.0,4.71238898038469,0.0,0.0,3.141592653589793,3.141592653589793,3.141592653589793,4.71238898038469,3.141592653589793,3.141592653589793,3.141592653589793,0.0,3.141592653589793,0.0,1.5707963267948966,3.141592653589793,0.0,4.71238898038469
3.141592653589793,0.0,0.7853981633974483,0.0,1.5707963267948966,4.71238898038469,0.0,4.71238898038469,0.0,0.0,3.141592653589793,3.141592653589793,3.141592653589793,4.71238898038469,3.141592653589793,3.141592653589793,3.141592653589793,0.0,3.141592653589793,0.0,1.5707963267948966,3.141592653589793,0.0,4.71238898038469
3.141592653589793,0.0,0.0,0.7853981633974483,1.5707963267948966,4.71238898038469,0.0,4.71238898038469,0.0,0.0,3.141592653589793,3.141592653589793,3.141592653589793,4.71238898038469,3.141592653589793,3.141592653589793,3.141592653589793,0.0,3.141592653589793,0.0,1.5707963267948966,3.141592653589793,0.0,4.71238898038469
3.141592653589793,0.0,0.0,0.0,2.356194490192345,4.71238898038469,0.0,4.71238898038469,0.0,0.0,3.141592653589793,3.141592653589793,3.141592653589793,4.71238898038469,3.141592653589793,3.141592653589793,3.141592653589793,0.0,3.141592653589793,0.0,1.5707963267948966,3.141592653589793,0.0,4.71238898038469
3.141592653589793,0.0,0.0,0.0,1.5707963267948966,5.497787143782138,0.0,4.71238898038469,0.0,0.0,3.141592653589793,3.141592653589793,3.141592653589793,4.71238898038469,3.141592653589793,3.141592653589793,3.141592653589793,0.0,3.141592653589793,0.0,1.5707963267948966,3.141592653589793,0.0,4.71238898038469
3.141592653589793,0.0,0.0,0.0,1.5707963267948966,4.71238898038469,0.7853981633974483,4.71238898038469,0.0,0.0,3.141592653589793,3.141592653589793,3.141592653589793,4.71238898038469,3.141592653589793,3.141592653589793,3.141592653589793,0.0,3.141592653589793,0.0,1.5707963267948966,3.141592653589793,0.0,4.71238898038469
3.141592653589793,0.0,0.0,0.0,1.5707963267948966,4.71238898038469,0.0,5.497787143782138,0.0,0.0,3.141592653589793,3.141592653589793,3.141592653589793,4.71238898038469,3.141592653589793,3.141592653589793,3.141592653589793,0.0,3.141592653589793,0.0,1.5707963267948966,3.141592653589793,0.0,4.71238898038469
3.141592653589793,0.0,0.0,0.0,1.5707963267948966,4.71238898038469,0.0,4.71238898038469,0.7853981633974483,0.0,3.141592653589793,3.141592653589793,3.141592653589793,4.71238898038469,3.141592653589793,3.141592653589793,3.141592653589793,0.0,3.141592653589793,0.0,1.5707963267948966,3.141592653589793,0.0,4.71238898038469
3.141592653589793,0.0,0.0,0.0,1.5707963267948966,4.71238898038469,0.0,4.71238898038469,0.0,0.7853981633974483,3.141592653589793,3.141592653589793,3.141592653589793,4.71238898038469,3.141592653589793,3.141592653589793,3.141592653589793,0.0,3.141592653589793,0.0,1.5707963267948966,3.141592653589793,0.0,4.71238898038469
3.141592653589793,0.0,0.0,0.0,1.5707963267948966,4.71238898038469,0.0,4.71238898038469,0.0,0.0,3.9269908169872414,3.141592653589793,3.141592653589793,4.71238898038469,3.141592653589793,3.141592653589793,3.141592653589793,0.0,3.141592653589793,0.0,1.5707963267948966,3.141592653589793,0.0,4.71238898038469
3.141592653589793,0.0,0.0,0.0,1.5707963267948966,4.71238898038469,0.0,4.71238898038469,0.0,0.0,3.141592653589793,3.9269908169872414,3.141592653589793,4.71238898038469,3.141592653589793,3.141592653589793,3.141592653589793,0.0,3.141592653589793,0.0,1.5707963267948966,3.141592653589793,0.0,4.71238898038469
3.141592653589793,0.0,0.0,0.0,1.5707963267948966,4.71238898038469,0.0,4.71238898038469,0.0,0.0,3.141592653589793,3.141592653589793,3.9269908169872414,4.71238898038469,3.141592653589793,3.141592653589793,3.141592653589793,0.0,3.141592653589793,0.0,1.5707963267948966,3.141592653589793,0.0,4.71238898038469
3.141592653589793,0.0,0.0,0.0,1.5707963267948966,4.71238898038469,0.0,4.71238898038469,0.0,0.0,3.141592653589793,3.141592653589793,3.141592653589793,5.497787143782138,3.141592653589793,3.141592653589793,3.141592653589793,0.0,3.141592653589793,0.0,1.5707963267948966,3.141592653589793,0.0,4.71238898038469
3.141592653589793,0.0,0.0,0.0,1.5707963267948966,4.71238898038469,0.0,4.71238898038469,0.0,0.0,3.141592653589793,3.141592653589793,3.141592653589793,4.71238898038469,3.9269908169872414,3.141592653589793,3.141592653589793,0.0,3.141592653589793,0.0,1.5707963267948966,3.141592653589793,0.0,4.71238898038469
3.141592653589793,0.0,0.0,0.0,1.5707963267948966,4.71238898038469,0.0,4.71238898038469,0.0,0.0,3.141592653589793,3.141592653589793,3.141592653589793,4.71238898038469,3.141592653589793,3.9269908169872414,3.141592653589793,0.0,3.141592653589793,0.0,1.5707963267948966,3.141592653589793,0.0,4.71238898038469
3.141592653589793,0.0,0.0,0.0,1.5707963267948966,4.71238898038469,0.0,4.71238898038469,0.0,0.0,3.141592653589793,3.141592653589793,3.141592653589793,4.71238898038469,3.141592653589793,3.141592653589793,3.9269908169872414,0.0,3.141592653589793,0.0,1.5707963267948966,3.141592653589793,0.0,4.71238898038469
3.141592653589793,0.0,0.0,0.0,1.5707963267948966,4.71238898038469,0.0,4.71238898038469,0.0,0.0,3.141592653589793,3.141592653589793,3.141592653589793,4.71238898038469,3.141592653589793,3.141592653589793,3.141592653589793,0.7853981633974483,3.141592653589793,0.0,1.5707963267948966,3.141592653589793,0.0,4.71238898038469
3.141592653589793,0.0,0.0,0.0,1.5707963267948966,4.71238898038469,0.0,4.71238898038469,0.0,0.0,3.141592653589793,3.141592653589793,3.141592653589793,4.71238898038469,3.141592653589793,3.141592653589793,3.141592653589793,0.0,3.9269908169872414,0.0,1.5707963267948966,3.141592653589793,0.0,4.71238898038469
3.141592653589793,0.0,0.0,0.0,1.5707963267948966,4.71238898038469,0.0,4.71238898038469,0.0,0.0,3.141592653589793,3.141592653589793,3.141592653589793,4.71238898038469,3.141592653589793,3.141592653589793,3.141592653589793,0.0,3.141592653589793,0.7853981633974483,1.5707963267948966,3.141592653589793,0.0,4.71238898038469
3.141592653589793,0.0,0.0,0.0,1.5707963267948966,4.71238898038469,0.0,4.71238898038469,0.0,0.0,3.141592653589793,3.141592653589793,3.141592653589793,4.71238898038469,3.141592653589793,3.141592653589793,3.141592653589793,0.0,3.141592653589793,0.0,2.356194490192345,3.141592653589793,0.0,4.71238898038469
3.141592653589793,0.0,0.0,0.0,1.5707963267948966,4.71238898038469,0.0,4.71238898038469,0.0,0.0,3.141592653589793,3.141592653589793,3.141592653589793,4.71238898038469,3.141592653589793,3.141592653589793,3.141592653589793,0.0,3.141592653589793,0.0,1.5707963267948966,3.9269908169872414,0.0,4.71238898038469
3.141592653589793,0.0,0.0,0.0,1.5707963267948966,4.71238898038469,0.0,4.71238898038469,0.0,0.0,3.141592653589793,3.141592653589793,3.141592653589793,4.71238898038469,3.141592653589793,3.141592653589793,3.141592653589793,0.0,3.141592653589793,0.0,1.5707963267948966,3.141592653589793,0.7853981633974483,4.71238898038469
3.141592653589793,0.0,0.0,0.0,1.5707963267948966,4.71238898038469,0.0,4.71238898038469,0.0,0.0,3.141592653589793,3.141592653589793,3.141592653589793,4.71238898038469,3.141592653589793,3.141592653589793,3.141592653589793,0.0,3.141592653589793,0.0,1.5707963267948966,3.141592653589793,0.0,5.497787143782138
2.356194490192345,0.0,0.0,0.0,1.5707963267948966,4.71238898038469,0.0,4.71238898038469,0.0,0.0,3.141592653589793,3.141592653589793,3.141592653589793,4.71238898038469,3.141592653589793,3.141592653589793,3.141592653589793,0.0,3.141592653589793,0.0,1.5707963267948966,3.141592653589793,0.0,4.71238898038469
3.141592653589793,0.0,0.0,0.0,0.7853981633974483,4.71238898038469,0.0,4.71238898038469,0.0,0.0,3.141592653589793,3.141592653589793,3.141592653589793,4.71238898038469,3.141592653589793,3.141592653589793,3.141592653589793,0.0,3.141592653589793,0.0,1.5707963267948966,3.141592653589793,0.0,4.71238898038469
3.141592653589793,0.0,0.0,0.0,1.5707963267948966,3.9269908169872414,0.0,4.71238898038469,0.0,0.0,3.141592653589793,3.141592653589793,3.141592653589793,4.71238898038469,3.141592653589793,3.141592653589793,3.141592653589793,0.0,3.141592653589793,0.0,1.5707963267948966,3.141592653589793,0.0,4.71238898038469
3.141592653589793,0.0,0.0,0.0,1.5707963267948966,4.71238898038469,0.0,3.9269908169872414,0.0,0.0,3.141592653589793,3.141592653589793,3.141592653589793,4.71238898038469,3.141592653589793,3.141592653589793,3.141592653589793,0.0,3.141592653589793,0.0,1.5707963267948966,3.141592653589793,0.0,4.71238898038469
3.141592653589793,0.0,0.0,0.0,1.5707963267948966,4.71238898038469,0.0,4.71238898038469,0.0,0.0,2.356194490192345,3.141592653589793,3.141592653589793,4.71238898038469,3.141592653589793,3.141592653589793,3.141592653589793,0.0,3.141592653589793,0.0,1.5707963267948966,3.141592653589793,0.0,4.71238898038469
3.141592653589793,0.0,0.0,0.0,1.5707963267948966,4.71238898038469,0.0,4.71238898038469,0.0,0.0,3.141592653589793,2.356194490192345,3.141592653589793,4.71238898038469,3.141592653589793,3.141592653589793,3.141592653589793,0.0,3.141592653589793,0.0,1.5707963267948966,3.141592653589793,0.0,4.71238898038469
3.141592653589793,0.0,0.0,0.0,1.5707963267948966,4.71238898038469,0.0,4.71238898038469,0.0,0.0,3.141592653589793,3.141592653589793,2.356194490192345,4.71238898038469,3.141592653589793,3.141592653589793,3.141592653589793,0.0,3.141592653589793,0.0,1.5707963267948966,3.141592653589793,0.0,4.71238898038469
3.141592653589793,0.0,0.0,0.0,1.5707963267948966,4.71238898038469,0.0,4.71238898038469,0.0,0.0,3.141592653589793,3.141592653589793,3.141592653589793,3.9269908169872414,3.141592653589793,3.141592653589793,3.141592653589793,0.0,3.141592653589793,0.0,1.5707963267948966,3.141592653589793,0.0,4.71238898038469
3.141592653589793,0.0,0.0,0.0,1.5707963267948966,4.71238898038469,0.0,4.71238898038469,0.0,0.0,3.141592653589793,3.141592653589793,3.141592653589793,4.71238898038469,2.356194490192345,3.141592653589793,3.141592653589793,0.0,3.141592653589793,0.0,1.5707963267948966,3.141592653589793,0.0,4.71238898038469
3.141592653589793,0.0,0.0,0.0,1.5707963267948966,4.71238898038469,0.0,4.71238898038469,0.0,0.0,3.141592653589793,3.141592653589793,3.141592653589793,4.71238898038469,3.141592653589793,2.356194490192345,3.141592653589793,0.0,3.141592653589793,0.0,1.5707963267948966,3.141592653589793,0.0,4.71238898038469
3.141592653589793,0.0,0.0,0.0,1.5707963267948966,4.71238898038469,0.0,4.71238898038469,0.0,0.0,3.141592653589793,3.141592653589793,3.141592653589793,4.71238898038469,3.141592653589793,3.141592653589793,2.356194490192345,0.0,3.141592653589793,0.0,1.5707963267948966,3.141592653589793,0.0,4.71238898038469
3.141592653589793,0.0,0.0,0.0,1.5707963267948966,4.71238898038469,0.0,4.71238898038469,0.0,0.0,3.141592653589793,3.141592653589793,3.141592653589793,4.71238898038469,3.141592653589793,3.141592653589793,3.141592653589793,0.0,2.356194490192345,0.0,1.5707963267948966,3.141592653589793,0.0,4.71238898038469
3.141592653589793,0.0,0.0,0.0,1.5707963267948966,4.71238898038469,0.0,4.71238898038469,0.0,0.0,3.141592653589793,3.141592653589793,3.141592653589793,4.71238898038469,3.141592653589793,3.141592653589793,3.141592653589793,0.0,3.141592653589793,0.0,0.7853981633974483,3.141592653589793,0.0,4.71238898038469
3.141592653589793,0.0,0.0,0.0,1.5707963267948966,4.71238898038469,0.0,4.71238898038469,0.0,0.0,3.141592653589793,3.141592653589793,3.141592653589793,4.71238898038469,3.141592653589793,3.141592653589793,3.141592653589793,0.0,3.141592653589793,0.0,1.5707963267948966,2.356194490192345,0.0,4.71238898038469
3.141592653589793,0.0,0.0,0.0,1.5707963267948966,4.71238898038469,0.0,4.71238898038469,0.0,0.0,3.141592653589793,3.141592653589793,3.141592653589793,4.71238898038469,3.141592653589793,3.141592653589793,3.141592653589793,0.0,3.141592653589793,0.0,1.5707963267948966,3.141592653589793,0.0,3.9269908169872414
3.5342917352885173,0.0,0.0,0.0,1.5707963267948966,4.71238898038469,0.0,4.71238898038469,0.0,0.0,3.141592653589793,3.141592653589793,3.141592653589793,4.71238898038469,3.141592653589793,3.9269908169872414,3.141592653589793,0.0,3.141592653589793,0.0,1.5707963267948966,3.141592653589793,0.0,4.71238898038469
3.141592653589793,0.39269908169872414,0.0,0.0,1.5707963267948966,4.71238898038469,0.0,4.71238898038469,0.0,0.0,3.141592653589793,3.141592653589793,3.141592653589793,4.71238898038469,3.141592653589793,3.9269908169872414,3.141592653589793,0.0,3.141592653589793,0.0,1.5707963267948966,3.141592653589793,0.0,4.71238898038469
3.141592653589793,0.0,0.39269908169872414,0.0,1.5707963267948966,4.71238898038469,0.0,4.71238898038469,0.0,0.0,3.141592653589793,3.141592653589793,3.141592653589793,4.71238898038469,3.141592653589793,3.9269908169872414,3.141592653589793,0.0,3.141592653589793,0.0,1.5707963267948966,3.141592653589793,0.0,4.71238898038469
3.141592653589793,0.0,0.0,0.39269908169872414,1.5707963267948966,4.71238898038469,0.0,4.71238898038469,0.0,0.0,3.141592653589793,3.141592653589793,3.141592653589793,4.71238898038469,3.141592653589793,3.9269908169872414,3.141592653589793,0.0,3.141592653589793,0.0,1.5707963267948966,3.141592653589793,0.0,4.71238898038469
3.141592653589793,0.0,0.0,0.0,1.9634954084936207,4.71238898038469,0.0,4.71238898038469,0.0,0.0,3.141592653589793,3.141592653589793,3.141592653589793,4.71238898038469,3.141592653589793,3.9269908169872414,3.141592653589793,0.0,3.141592653589793,0.0,1.5707963267948966,3.141592653589793,0.0,4.71238898038469
3.141592653589793,0.0,0.0,0.0,1.5707963267948966,5.105088062083414,0.0,4.71238898038469,0.0,0.0,3.141592653589793,3.141592653589793,3.141592653589793,4.71238898038469,3.141592653589793,3.9269908169872414,3.141592653589793,0.0,3.141592653589793,0.0,1.5707963267948966,3.141592653589793,0.0,4.71238898038469
3.141592653589793,0.0,0.0,0.0,1.5707963267948966,4.71238898038469,0.39269908169872414,4.71238898038469,0.0,0.0,3.141592653589793,3.141592653589793,3.141592653589793,4.71238898038469,3.141592653589793,3.9269908169872414,3.141592653589793,0.0,3.141592653589793,0.0,1.5707963267948966,3.141592653589793,0.0,4.71238898038469
3.141592653589793,0.0,0.0,0.0,1.5707963267948966,4.71238898038469,0.0,5.105088062083414,0.0,0.0,3.141592653589793,3.141592653589793,3.141592653589793,4.71238898038469,3.141592653589793,3.9269908169872414,3.141592653589793,0.0,3.141592653589793,0.0,1.5707963267948966,3.141592653589793,0.0,4.71238898038469
3.141592653589793,0.0,0.0,0.0,1.5707963267948966,4.71238898038469,0.0,4.71238898038469,0.39269908169872414,0.0,3.141592653589793,3.141592653589793,3.141592653589793,4.71238898038469,3.141592653589793,3.9269908169872414,3.141592653589793,0.0,3.141592653589793,0.0,1.5707963267948966,3.141592653589793,0.0,4.71238898038469
3.141592653589793,0.0,0.0,0.0,1.5707963267948966,4.71238898038469,0.0,4.71238898038469,0.0,0.39269908169872414,3.141592653589793,3.141592653589793,3.141592653589793,4.71238898038469,3.141592653589793,3.9269908169872414,3.141592653589793,0.0,3.141592653589793,0.0,1.5707963267948966,3.141592653589793,0.0,4.71238898038469
3.141592653589793,0.0,0.0,0.0,1.5707963267948966,4.71238898038469,0.0,4.71238898038469,0.0,0.0,3.5342917352885173,3.141592653589793,3.141592653589793,4.71238898038469,3.141592653589793,3.9269908169872414,3.141592653589793,0.0,3.141592653589793,0.0,1.5707963267948966,3.141592653589793,0.0,4.71238898038469
3.141592653589793,0.0,0.0,0.0,1.5707963267948966,4.71238898038469,0.0,4.71238898038469,0.0,0.0,3.141592653589793,3.5342917352885173,3.141592653589793,4.71238898038469,3.141592653589793,3.9269908169872414,3.141592653589793,0.0,3.141592653589793,0.0,1.5707963267948966,3.141592653589793,0.0,4.71238898038469
3.141592653589793,0.0,0.0,0.0,1.5707963267948966,4.71238898038469,0.0,4.71238898038469,0.0,0.0,3.141592653589793,3.141592653589793,3.5342917352885173,4.71238898038469,3.141592653589793,3.9269908169872414,3.141592653589793,0.0,3.141592653589793,0.0,1.5707963267948966,3.141592653589793,0.0,4.71238898038469
3.141592653589793,0.0,0.0,0.0,1.5707963267948966,4.71238898038469,0.0,4.71238898038469,0.0,0.0,3.141592653589793,3.141592653589793,3.141592653589793,5.105088062083414,3.141592653589793,3.9269908169872414,3.141592653589793,0.0,3.141592653589793,0.0,1.5707963267948966,3.141592653589793,0.0,4.71238898038469
3.141592653589793,0.0,0.0,0.0,1.5707963267948966,4.71238898038469,0.0,4.71238898038469,0.0,0.0,3.141592653589793,3.141592653589793,3.141592653589793,4.71238898038469,3.5342917352885173,3.9269908169872414,3.141592653589793,0.0,3.141592653589793,0.0,1.5707963267948966,3.141592653589793,0.0,4.71238898038469
3.141592653589793,0.0,0.0,0.0,1.5707963267948966,4.71238898038469,0.0,4.71238898038469,0.0,0.0,3.141592653589793,3.141592653589793,3.141592653589793,4.71238898038469,3.141592653589793,4.319689898685965,3.141592653589793,0.0,3.141592653589793,0.0,1.5707963267948966,3.141592653589793,0.0,4.71238898038469
3.141592653589793,0.0,0.0,0.0,1.5707963267948966,4.71238898038469,0.0,4.71238898038469,0.0,0.0,3.141592653589793,3.141592653589793,3.141592653589793,4.71238898038469,3.141592653589793,3.9269908169872414,3.5342917352885173,0.0,3.141592653589793,0.0,1.5707963267948966,3.141592653589793,0.0,4.71238898038469
3.141592653589793,0.0,0.0,0.0,1.5707963267948966,4.71238898038469,0.0,4.71238898038469,0.0,0.0,3.141592653589793,3.141592653589793,3.141592653589793,4.71238898038469,3.141592653589793,3.9269908169872414,3.141592653589793,0.39269908169872414,3.141592653589793,0.0,1.5707963267948966,3.141592653589793,0.0,4.71238898038469
3.141592653589793,0.0,0.0,0.0,1.5707963267948966,4.71238898038469,0.0,4.71238898038469,0.0,0.0,3.141592653589793,3.141592653589793,3.141592653589793,4.71238898038469,3.141592653589793,3.9269908169872414,3.141592653589793,0.0,3.5342917352885173,0.0,1.5707963267948966,3.141592653589793,0.0,4.71238898038469
3.141592653589793,0.0,0.0,0.0,1.5707963267948966,4.71238898038469,0.0,4.71238898038469,0.0,0.0,3.141592653589793,3.141592653589793,3.141592653589793,4.71238898038469,3.141592653589793,3.9269908169872414,3.141592653589793,0.0,3.141592653589793,0.39269908169872414,1.5707963267948966,3.141592653589793,0.0,4.71238898038469
3.141592653589793,0.0,0.0,0.0,1.5707963267948966,4.71238898038469,0.0,4.71238898038469,0.0,0.0,3.141592653589793,3.141592653589793,3.141592653589793,4.71238898038469,3.141592653589793,3.9269908169872414,3.141592653589793,0.0,3.141592653589793,0.0,1.9634954084936207,3.141592653589793,0.0,4.71238898038469
3.141592653589793,0.0,0.0,0.0,1.5707963267948966,4.71238898038469,0.0,4.71238898038469,0.0,0.0,3.141592653589793,3.141592653589793,3.141592653589793,4.71238898038469,3.141592653589793,3.9269908169872414,3.141592653589793,0.0,3.141592653589793,0.0,1.5707963267948966,3.5342917352885173,0.0,4.71238898038469
3.141592653589793,0.0,0.0,0.0,1.5707963267948966,4.71238898038469,0.0,4.71238898038469,0.0,0.0,3.141592653589793,3.141592653589793,3.141592653589793,4.71238898038469,3.141592653589793,3.9269908169872414,3.141592653589793,0.0,3.141592653589793,0.0,1.5707963267948966,3.141592653589793,0.39269908169872414,4.71238898038469
3.141592653589793,0.0,0.0,0.0,1.5707963267948966,4.71238898038469,0.0,4.71238898038469,0.0,0.0,3.141592653589793,3.141592653589793,3.141592653589793,4.71238898038469,3.141592653589793,3.9269908169872414,3.141592653589793,0.0,3.141592653589793,0.0,1.5707963267948966,3.141592653589793,0.0,5.105088062083414
2.748893571891069,0.0,0.0,0.0,1.5707963267948966,4.71238898038469,0.0,4.71238898038469,0.0,0.0,3.141592653589793,3.141592653589793,3.141592653589793,4.71238898038469,3.141592653589793,3.9269908169872414,3.141592653589793,0.0,3.141592653589793,0.0,1.5707963267948966,3.141592653589793,0.0,4.71238898038469
3.141592653589793,0.0,0.0,0.0,1.1780972450961724,4.71238898038469,0.0,4.71238898038469,0.0,0.0,3.141592653589793,3.141592653589793,3.141592653589793,4.71238898038469,3.141592653589793,3.9269908169872414,3.141592653589793,0.0,3.141592653589793,0.0,1.5707963267948966,3.141592653589793,0.0,4.71238898038469
3.141592653589793,0.0,0.0,0.0,1.5707963267948966,4.319689898685965,0.0,4.71238898038469,0.0,0.0,3.141592653589793,3.141592653589793,3.141592653589793,4.71238898038469,3.141592653589793,3.9269908169872414,3.141592653589793,0.0,3.141592653589793,0.0,1.5707963267948966,3.141592653589793,0.0,4.71238898038469
3.141592653589793,0.0,0.0,0.0,1.5707963267948966,4.71238898038469,0.0,4.319689898685965,0.0,0.0,3.141592653589793,3.141592653589793,3.141592653589793,4.71238898038469,3.141592653589793,3.9269908169872414,3.141592653589793,0.0,3.141592653589793,0.0,1.5707963267948966,3.141592653589793,0.0,4.71238898038469
3.141592653589793,0.0,0.0,0.0,1.5707963267948966,4.71238898038469,0.0,4.71238898038469,0.0,0.0,2.748893571891069,3.141592653589793,3.141592653589793,4.71238898038469,3.141592653589793,3.9269908169872414,3.141592653589793,0.0,3.141592653589793,0.0,1.5707963267948966,3.141592653589793,0.0,4.71238898038469
3.141592653589793,0.0,0.0,0.0,1.5707963267948966,4.71238898038469,0.0,4.71238898038469,0.0,0.0,3.141592653589793,2.748893571891069,3.141592653589793,4.71238898038469,3.141592653589793,3.9269908169872414,3.141592653589793,0.0,3.141592653589793,0.0,1.5707963267948966,3.141592653589793,0.0,4.71238898038469
3.141592653589793,0.0,0.0,0.0,1.5707963267948966,4.71238898038469,0.0,4.71238898038469,0.0,0.0,3.141592653589793,3.141592653589793,2.748893571891069,4.71238898038469,3.141592653589793,3.9269908169872414,3.141592653589793,0.0,3.141592653589793,0.0,1.5707963267948966,3.141592653589793,0.0,4.71238898038469
3.141592653589793,0.0,0.0,0.0,1.5707963267948966,4.71238898038469,0.0,4.71238898038469,0.0,0.0,3.141592653589793,3.141592653589793,3.141592653589793,4.319689898685965,3.141592653589793,3.9269908169872414,3.141592653589793,0.0,3.141592653589793,0.0,1.5707963267948966,3.141592653589793,0.0,4.71238898038469
3.141592653589793,0.0,0.0,0.0,1.5707963267948966,4.71238898038469,0.0,4.71238898038469,0.0,0.0,3.141592653589793,3.141592653589793,3.141592653589793,4.71238898038469,2.748893571891069,3.9269908169872414,3.141592653589793,0.0,3.141592653589793,0.0,1.5707963267948966,3.141592653589793,0.0,4.71238898038469
3.141592653589793,0.0,0.0,0.0,1.5707963267948966,4.71238898038469,0.0,4.71238898038469,0.0,0.0,3.141592653589793,3.141592653589793,3.141592653589793,4.71238898038469,3.141592653589793,3.5342917352885173,3.141592653589793,0.0,3.141592653589793,0.0,1.5707963267948966,3.141592653589793,0.0,4.71238898038469
3.141592653589793,0.0,0.0,0.0,1.5707963267948966,4.71238898038469,0.0,4.71238898038469,0.0,0.0,3.141592653589793,3.141592653589793,3.141592653589793,4.71238898038469,3.141592653589793,3.9269908169872414,2.748893571891069,0.0,3.141592653589793,0.0,1.5707963267948966,3.141592653589793,0.0,4.71238898038469
3.141592653589793,0.0,0.0,0.0,1.5707963267948966,4.71238898038469,0.0,4.71238898038469,0.0,0.0,3.141592653589793,3.141592653589793,3.141592653589793,4.71238898038469,3.141592653589793,3.9269908169872414,3.141592653589793,0.0,2.748893571891069,0.0,1.5707963267948966,3.141592653589793,0.0,4.71238898038469
3.141592653589793,0.0,0.0,0.0,1.5707963267948966,4.71238898038469,0.0,4.71238898038469,0.0,0.0,3.141592653589793,3.141592653589793,3.141592653589793,4.71238898038469,3.141592653589793,3.9269908169872414,3.141592653589793,0.0,3.141592653589793,0.0,1.1780972450961724,3.141592653589793,0.0,4.71238898038469
3.141592653589793,0.0,0.0,0.0,1.5707963267948966,4.71238898038469,0.0,4.71238898038469,0.0,0.0,3.141592653589793,3.141592653589793,3.141592653589793,4.71238898038469,3.141592653589793,3.9269908169872414,3.141592653589793,0.0,3.141592653589793,0.0,1.5707963267948966,2.748893571891069,0.0,4.71238898038469
3.141592653589793,0.0,0.0,0.0,1.5707963267948966,4.71238898038469,0.0,4.71238898038469,0.0,0.0,3.141592653589793,3.141592653589793,3.141592653589793,4.71238898038469,3.141592653589793,3.9269908169872414,3.141592653589793,0.0,3.141592653589793,0.0,1.5707963267948966,3.141592653589793,0.0,4.319689898685965
3.3379421944391554,0.0,0.0,0.0,1.5707963267948966,4.71238898038469,0.0,4.71238898038469,0.0,0.0,3.141592653589793,3.141592653589793,3.141592653589793,4.71238898038469,3.141592653589793,3.9269908169872414,3.141592653589793,0.0,3.141592653589793,0.0,1.5707963267948966,3.141592653589793,0.0,4.71238898038469
3.141592653589793,0.19634954084936207,0.0,0.0,1.5707963267948966,4.71238898038469,0.0,4.71238898038469,0.0,0.0,3.141592653589793,3.141592653589793,3.141592653589793,4.71238898038469,3.141592653589793,3.9269908169872414,3.141592653589793,0.0,3.141592653589793,0.0,1.5707963267948966,3.141592653589793,0.0,4.71238898038469
3.141592653589793,0.0,0.19634954084936207,0.0,1.5707963267948966,4.71238898038469,0.0,4.71238898038469,0.0,0.0,3.141592653589793,3.141592653589793,3.141592653589793,4.71238898038469,3.141592653589793,3.9269908169872414,3.141592653589793,0.0,3.141592653589793,0.0,1.5707963267948966,3.141592653589793,0.0,4.71238898038469
3.141592653589793,0.0,0.0,0.19634954084936207,1.5707963267948966,4.71238898038469,0.0,4.71238898038469,0.0,0.0,3.141592653589793,3.141592653589793,3.141592653589793,4.71238898038469,3.141592653589793,3.9269908169872414,3.141592653589793,0.0,3.141592653589793,0.0,1.5707963267948966,3.141592653589793,0.0,4.71238898038469
3.141592653589793,0.0,0.0,0.0,1.7671458676442586,4.71238898038469,0.0,4.71238898038469,0.0,0.0,3.141592653589793,3.141592653589793,3.141592653589793,4.71238898038469,3.141592653589793,3.9269908169872414,3.141592653589793,0.0,3.141592653589793,0.0,1.5707963267948966,3.141592653589793,0.0,4.71238898038469
3.141592653589793,0.0,0.0,0.0,1.5707963267948966,4.908738521234052,0.0,4.71238898038469,0.0,0.0,3.141592653589793,3.141592653589793,3.141592653589793,4.71238898038469,3.141592653589793,3.9269908169872414,3.141592653589793,0.0,3.141592653589793,0.0,1.5707963267948966,3.141592653589793,0.0,4.71238898038469
3.141592653589793,0.0,0.0,0.0,1.5707963267948966,4.71238898038469,0.19634954084936207,4.71238898038469,0.0,0.0,3.141592653589793,3.141592653589793,3.141592653589793,4.71238898038469,3.141592653589793,3.9269908169872414,3.141592653589793,0.0,3.141592653589793,0.0,1.5707963267948966,3.141592653589793,0.0,4.71238898038469
3.141592653589793,0.0,0.0,0.0,1.5707963267948966,4.71238898038469,0.0,4.908738521234052,0.0,0.0,3.141592653589793,3.141592653589793,3.141592653589793,4.71238898038469,3.141592653589793,3.9269908169872414,3.141592653589793,0.0,3.141592653589793,0.0,1.5707963267948966,3.141592653589793,0.0,4.71238898038469
3.141592653589793,0.0,0.0,0.0,1.5707963267948966,4.71238898038469,0.0,4.71238898038469,0.19634954084936207,0.0,3.141592653589793,3.141592653589793,3.141592653589793,4.71238898038469,3.141592653589793,3.9269908169872414,3.141592653589793,0.0,3.141592653589793,0.0,1.5707963267948966,3.141592653589793,0.0,4.71238898038469
3.141592653589793,0.0,0.0,0.0,1.5707963267948966,4.71238898038469,0.0,4.71238898038469,0.0,0.19634954084936207,3.141592653589793,3.141592653589793,3.141592653589793,4.71238898038469,3.141592653589793,3.9269908169872414,3.141592653589793,0.0,3.141592653589793,0.0,1.5707963267948966,3.141592653589793,0.0,4.71238898038469
3.141592653589793,0.0,0.0,0.0,1.5707963267948966,4.71238898038469,0.0,4.71238898038469,0.0,0.0,3.3379421944391554,3.141592653589793,3.141592653589793,4.71238898038469,3.141592653589793,3.9269908169872414,3.141592653589793,0.0,3.141592653589793,0.0,1.5707963267948966,3.141592653589793,0.0,4.71238898038469
3.141592653589793,0.0,0.0,0.0,1.5707963267948966,4.71238898038469,0.0,4.71238898038469,0.0,0.0,3.141592653589793,3.3379421944391554,3.141592653589793,4.71238898038469,3.141592653589793,3.9269908169872414,3.141592653589793,0.0,3.141592653589793,0.0,1.5707963267948966,3.141592653589793,0.0,4.71238898038469
3.141592653589793,0.0,0.0,0.0,1.5707963267948966,4.71238898038469,0.0,4.71238898038469,0.0,0.0,3.141592653589793,3.141592653589793,3.3379421944391554,4.71238898038469,3.141592653589793,3.9269908169872414,3.141592653589793,0.0,3.141592653589793,0.0,1.5707963267948966,3.141592653589793,0.0,4.71238898038469
3.141592653589793,0.0,0.0,0.0,1.5707963267948966,4.71238898038469,0.0,4.71238898038469,0.0,0.0,3.141592653589793,3.141592653589793,3.141592653589793,4.908738521234052,3.141592653589793,3.9269908169872414,3.141592653589793,0.0,3.141592653589793,0.0,1.5707963267948966,3.141592653589793,0.0,4.71238898038469
3.141592653589793,0.0,0.0,0.0,1.5707963267948966,4.71238898038469,0.0,4.71238898038469,0.0,0.0,3.141592653589793,3.141592653589793,3.141592653589793,4.71238898038469,3.3379421944391554,3.9269908169872414,3.141592653589793,0.0,3.141592653589793,0.0,1.5707963267948966,3.141592653589793,0.0,4.71238898038469
3.141592653589793,0.0,0.0,0.0,1.5707963267948966,4.71238898038469,0.0,4.71238898038469,0.0,0.0,3.141592653589793,3.141592653589793,3.141592653589793,4.71238898038469,3.141592653589793,4.123340357836604,3.141592653589793,0.0,3.141592653589793,0.0,1.5707963267948966,3.141592653589793,0.0,4.71238898038469
3.141592653589793,0.0,0.0,0.0,1.5707963267948966,4.71238898038469,0.0,4.71238898038469,0.0,0.0,3.141592653589793,3.141592653589793,3.141592653589793,4.71238898038469,3.141592653589793,3.9269908169872414,3.3379421944391554,0.0,3.141592653589793,0.0,1.5707963267948966,3.141592653589793,0.0,4.71238898038469
3.141592653589793,0.0,0.0,0.0,1.5707963267948966,4.71238898038469,0.0,4.71238898038469,0.0,0.0,3.141592653589793,3.141592653589793,3.141592653589793,4.71238898038469,3.141592653589793,3.9269908169872414,3.141592653589793,0.19634954084936207,3.141592653589793,0.0,1.5707963267948966,3.141592653589793,0.0,4.71238898038469
3.141592653589793,0.0,0.0,0.0,1.5707963267948966,4.71238898038469,0.0,4.71238898038469,0.0,0.0,3.141592653589793,3.141592653589793,3.141592653589793,4.71238898038469,3.141592653589793,3.9269908169872414,3.141592653589793,0.0,3.3379421944391554,0.0,1.5707963267948966,3.141592653589793,0.0,4.71238898038469
3.141592653589793,0.0,0.0,0.0,1.5707963267948966,4.71238898038469,0.0,4.71238898038469,0.0,0.0,3.141592653589793,3.141592653589793,3.141592653589793,4.71238898038469,3.141592653589793,3.9269908169872414,3.141592653589793,0.0,3.141592653589793,0.19634954084936207,1.5707963267948966,3.141592653589793,0.0,4.71238898038469
3.141592653589793,0.0,0.0,0.0,1.5707963267948966,4.71238898038469,0.0,4.71238898038469,0.0,0.0,3.141592653589793,3.141592653589793,3.141592653589793,4.71238898038469,3.141592653589793,3.9269908169872414,3.141592653589793,0.0,3.141592653589793,0.0,1.7671458676442586,3.141592653589793,0.0,4.71238898038469
3.141592653589793,0.0,0.0,0.0,1.5707963267948966,4.71238898038469,0.0,4.71238898038469,0.0,0.0,3.141592653589793,3.141592653589793,3.141592653589793,4.71238898038469,3.141592653589793,3.9269908169872414,3.141592653589793,0.0,3.141592653589793,0.0,1.5707963267948966,3.3379421944391554,0.0,4.71238898038469
3.141592653589793,0.0,0.0,0.0,1.5707963267948966,4.71238898038469,0.0,4.71238898038469,0.0,0.0,3.141592653589793,3.141592653589793,3.141592653589793,4.71238898038469,3.141592653589793,3.9269908169872414,3.141592653589793,0.0,3.141592653589793,0.0,1.5707963267948966,3.141592653589793,0.19634954084936207,4.71238898038469
3.141592653589793,0.0,0.0,0.0,1.5707963267948966,4.71238898038469,0.0,4.71238898038469,0.0,0.0,3.141592653589793,3.141592653589793,3.141592653589793,4.71238898038469,3.141592653589793,3.9269908169872414,3.141592653589793,0.0,3.141592653589793,0.0,1.5707963267948966,3.141592653589793,0.0,4.908738521234052
2.945243112740431,0.0,0.0,0.0,1.5707963267948966,4.71238898038469,0.0,4.71238898038469,0.0,0.0,3.141592653589793,3.141592653589793,3.141592653589793,4.71238898038469,3.141592653589793,3.9269908169872414,3.141592653589793,0.0,3.141592653589793,0.0,1.5707963267948966,3.141592653589793,0.0,4.71238898038469
3.141592653589793,0.0,0.0,0.0,1.3744467859455345,4.71238898038469,0.0,4.71238898038469,0.0,0.0,3.141592653589793,3.141592653589793,3.141592653589793,4.71238898038469,3.141592653589793,3.9269908169872414,3.141592653589793,0.0,3.141592653589793,0.0,1.5707963267948966,3.141592653589793,0.0,4.71238898038469
3.141592653589793,0.0,0.0,0.0,1.5707963267948966,4.516039439535327,0.0,4.71238898038469,0.0,0.0,3.141592653589793,3.141592653589793,3.141592653589793,4.71238898038469,3.141592653589793,3.9269908169872414,3.141592653589793,0.0,3.141592653589793,0.0,1.5707963267948966,3.141592653589793,0.0,4.71238898038469
3.141592653589793,0.0,0.0,0.0,1.5707963267948966,4.71238898038469,0.0,4.516039439535327,0.0,0.0,3.141592653589793,3.141592653589793,3.141592653589793,4.71238898038469,3.141592653589793,3.9269908169872414,3.141592653589793,0.0,3.141592653589793,0.0,1.5707963267948966,3.141592653589793,0.0,4.71238898038469
3.141592653589793,0.0,0.0,0.0,1.5707963267948966,4.71238898038469,0.0,4.71238898038469,0.0,0.0,2.945243112740431,3.141592653589793,3.141592653589793,4.71238898038469,3.141592653589793,3.9269908169872414,3.141592653589793,0.0,3.141592653589793,0.0,1.5707963267948966,3.141592653589793,0.0,4.71238898038469
3.141592653589793,0.0,0.0,0.0,1.5707963267948966,4.71238898038469,0.0,4.71238898038469,0.0,0.0,3.141592653589793,2.945243112740431,3.141592653589793,4.71238898038469,3.141592653589793,3.9269908169872414,3.141592653589793,0.0,3.141592653589793,0.0,1.5707963267948966,3.141592653589793,0.0,4.71238898038469
3.141592653589793,0.0,0.0,0.0,1.5707963267948966,4.71238898038469,0.0,4.71238898038469,0.0,0.0,3.141592653589793,3.141592653589793,2.945243112740431,4.71238898038469,3.141592653589793,3.9269908169872414,3.141592653589793,0.0,3.141592653589793,0.0,1.5707963267948966,3.141592653589793,0.0,4.71238898038469
3.141592653589793,0.0,0.0,0.0,1.5707963267948966,4.71238898038469,0.0,4.71238898038469,0.0,0.0,3.141592653589793,3.141592653589793,3.141592653589793,4.516039439535327,3.141592653589793,3.9269908169872414,3.141592653589793,0.0,3.141592653589793,0.0,1.5707963267948966,3.141592653589793,0.0,4.71238898038469
3.141592653589793,0.0,0.0,0.0,1.5707963267948966,4.71238898038469,0.0,4.71238898038469,0.0,0.0,3.141592653589793,3.141592653589793,3.141592653589793,4.71238898038469,2.945243112740431,3.9269908169872414,3.141592653589793,0.0,3.141592653589793,0.0,1.5707963267948966,3.141592653589793,0.0,4.71238898038469
3.141592653589793,0.0,0.0,0.0,1.5707963267948966,4.71238898038469,0.0,4.71238898038469,0.0,0.0,3.141592653589793,3.141592653589793,3.141592653589793,4.71238898038469,3.141592653589793,3.730641276137879,3.141592653589793,0.0,3.141592653589793,0.0,1.5707963267948966,3.141592653589793,0.0,4.71238898038469
3.141592653589793,0.0,0.0,0.0,1.5707963267948966,4.71238898038469,0.0,4.71238898038469,0.0,0.0,3.141592653589793,3.141592653589793,3.141592653589793,4.71238898038469,3.141592653589793,3.9269908169872414,2.945243112740431,0.0,3.141592653589793,0.0,1.5707963267948966,3.141592653589793,0.0,4.71238898038469
3.141592653589793,0.0,0.0,0.0,1.5707963267948966,4.71238898038469,0.0,4.71238898038469,0.0,0.0,3.141592653589793,3.141592653589793,3.141592653589793,4.71238898038469,3.141592653589793,3.9269908169872414,3.141592653589793,0.0,2.945243112740431,0.0,1.5707963267948966,3.141592653589793,0.0,4.71238898038469
3.141592653589793,0.0,0.0,0.0,1.5707963267948966,4.71238898038469,0.0,4.71238898038469,0.0,0.0,3.141592653589793,3.141592653589793,3.141592653589793,4.71238898038469,3.141592653589793,3.9269908169872414,3.141592653589793,0.0,3.141592653589793,0.0,1.3744467859455345,3.141592653589793,0.0,4.71238898038469
3.141592653589793,0.0,0.0,0.0,1.5707963267948966,4.71238898038469,0.0,4.71238898038469,0.0,0.0,3.141592653589793,3.141592653589793,3.141592653589793,4.71238898038469,3.141592653589793,3.9269908169872414,3.141592653589793,0.0,3.141592653589793,0.0,1.5707963267948966,2.945243112740431,0.0,4.71238898038469
3.141592653589793,0.0,0.0,0.0,1.5707963267948966,4.71238898038469,0.0,4.71238898038469,0.0,0.0,3.141592653589793,3.141592653589793,3.141592653589793,4.71238898038469,3.141592653589793,3.9269908169872414,3.141592653589793,0.0,3.141592653589793,0.0,1.5707963267948966,3.141592653589793,0.0,4.516039439535327
3.2397674240144743,0.0,0.0,0.0,1.5707963267948966,4.71238898038469,0.0,4.71238898038469,0.0,0.0,3.141592653589793,3.141592653589793,3.141592653589793,4.71238898038469,3.141592653589793,3.9269908169872414,3.141592653589793,0.0,3.141592653589793,0.0,1.5707963267948966,3.141592653589793,0.0,4.71238898038469
3.141592653589793,0.09817477042468103,0.0,0.0,1.5707963267948966,4.71238898038469,0.0,4.71238898038469,0.0,0.0,3.141592653589793,3.141592653589793,3.141592653589793,4.71238898038469,3.141592653589793,3.9269908169872414,3.141592653589793,0.0,3.141592653589793,0.0,1.5707963267948966,3.141592653589793,0.0,4.71238898038469
3.141592653589793,0.0,0.09817477042468103,0.0,1.5707963267948966,4.71238898038469,0.0,4.71238898038469,0.0,0.0,3.141592653589793,3.141592653589793,3.141592653589793,4.71238898038469,3.141592653589793,3.9269908169872414,3.141592653589793,0.0,3.141592653589793,0.0,1.5707963267948966,3.141592653589793,0.0,4.71238898038469
3.141592653589793,0.0,0.0,0.09817477042468103,1.5707963267948966,4.71238898038469,0.0,4.71238898038469,0.0,0.0,3.141592653589793,3.141592653589793,3.141592653589793,4.71238898038469,3.141592653589793,3.9269908169872414,3.141592653589793,0.0,3.141592653589793,0.0,1.5707963267948966,3.141592653589793,0.0,4.71238898038469
3.141592653589793,0.0,0.0,0.0,1.6689710972195777,4.71238898038469,0.0,4.71238898038469,0.0,0.0,3.141592653589793,3.141592653589793,3.141592653589793,4.71238898038469,3.141592653589793,3.9269908169872414,3.141592653589793,0.0,3.141592653589793,0.0,1.5707963267948966,3.141592653589793,0.0,4.71238898038469
3.141592653589793,0.0,0.0,0.0,1.5707963267948966,4.81056375080937,0.0,4.71238898038469,0.0,0.0,3.141592653589793,3.141592653589793,3.141592653589793,4.71238898038469,3.141592653589793,3.9269908169872414,3.141592653589793,0.0,3.141592653589793,0.0,1.5707963267948966,3.141592653589793,0.0,4.71238898038469
3.141592653589793,0.0,0.0,0.0,1.5707963267948966,4.71238898038469,0.09817477042468103,4.71238898038469,0.0,0.0,3.141592653589793,3.141592653589793,3.141592653589793,4.71238898038469,3.141592653589793,3.9269908169872414,3.141592653589793,0.0,3.141592653589793,0.0,1.5707963267948966,3.141592653589793,0.0,4.71238898038469
3.141592653589793,0.0,0.0,0.0,1.5707963267948966,4.71238898038469,0.0,4.81056375080937,0.0,0.0,3.141592653589793,3.141592653589793,3.141592653589793,4.71238898038469,3.141592653589793,3.9269908169872414,3.141592653589793,0.0,3.141592653589793,0.0,1.5707963267948966,3.141592653589793,0.0,4.71238898038469
3.141592653589793,0.0,0.0,0.0,1.5707963267948966,4.71238898038469,0.0,4.71238898038469,0.09817477042468103,0.0,3.141592653589793,3.141592653589793,3.141592653589793,4.71238898038469,3.141592653589793,3.9269908169872414,3.141592653589793,0.0,3.141592653589793,0.0,1.5707963267948966,3.141592653589793,0.0,4.71238898038469
3.141592653589793,0.0,0.0,0.0,1.5707963267948966,4.71238898038469,0.0,4.71238898038469,0.0,0.09817477042468103,3.141592653589793,3.141592653589793,3.141592653589793,4.71238898038469,3.141592653589793,3.9269908169872414,3.141592653589793,0.0,3.141592653589793,0.0,1.5707963267948966,3.141592653589793,0.0,4.71238898038469
3.141592653589793,0.0,0.0,0.0,1.5707963267948966,4.71238898038469,0.0,4.71238898038469,0.0,0.0,3.2397674240144743,3.141592653589793,3.141592653589793,4.71238898038469,3.141592653589793,3.9269908169872414,3.141592653589793,0.0,3.141592653589793,0.0,1.5707963267948966,3.141592653589793,0.0,4.71238898038469
3.141592653589793,0.0,0.0,0.0,1.5707963267948966,4.71238898038469,0.0,4.71238898038469,0.0,0.0,3.141592653589793,3.2397674240144743,3.141592653589793,4.71238898038469,3.141592653589793,3.9269908169872414,3.141592653589793,0.0,3.141592653589793,0.0,1.5707963267948966,3.141592653589793,0.0,4.71238898038469
3.141592653589793,0.0,0.0,0.0,1.5707963267948966,4.71238898038469,0.0,4.71238898038469,0.0,0.0,3.141592653589793,3.141592653589793,3.2397674240144743,4.71238898038469,3.141592653589793,3.9269908169872414,3.141592653589793,0.0,3.141592653589793,0.0,1.5707963267948966,3.141592653589793,0.0,4.71238898038469
3.141592653589793,0.0,0.0,0.0,1.5707963267948966,4.71238898038469,0.0,4.71238898038469,0.0,0.0,3.141592653589793,3.141592653589793,3.141592653589793,4.81056375080937,3.141592653589793,3.9269908169872414,3.141592653589793,0.0,3.141592653589793,0.0,1.5707963267948966,3.141592653589793,0.0,4.71238898038469
3.141592653589793,0.0,0.0,0.0,1.5707963267948966,4.71238898038469,0.0,4.71238898038469,0.0,0.0,3.141592653589793,3.141592653589793,3.141592653589793,4.71238898038469,3.2397674240144743,3.9269908169872414,3.141592653589793,0.0,3.141592653589793,0.0,1.5707963267948966,3.141592653589793,0.0,4.71238898038469
3.141592653589793,0.0,0.0,0.0,1.5707963267948966,4.71238898038469,0.0,4.71238898038469,0.0,0.0,3.141592653589793,3.141592653589793,3.141592653589793,4.71238898038469,3.141592653589793,4.025165587411922,3.141592653589793,0.0,3.141592653589793,0.0,1.5707963267948966,3.141592653589793,0.0,4.71238898038469
3.141592653589793,0.0,0.0,0.0,1.5707963267948966,4.71238898038469,0.0,4.71238898038469,0.0,0.0,3.141592653589793,3.141592653589793,3.141592653589793,4.71238898038469,3.141592653589793,3.9269908169872414,3.2397674240144743,0.0,3.141592653589793,0.0,1.5707963267948966,3.141592653589793,0.0,4.71238898038469
3.141592653589793,0.0,0.0,0.0,1.5707963267948966,4.71238898038469,0.0,4.71238898038469,0.0,0.0,3.141592653589793,3.141592653589793,3.141592653589793,4.71238898038469,3.141592653589793,3.9269908169872414,3.141592653589793,0.09817477042468103,3.141592653589793,0.0,1.5707963267948966,3.141592653589793,0.0,4.71238898038469
3.141592653589793,0.0,0.0,0.0,1.5707963267948966,4.71238898038469,0.0,4.71238898038469,0.0,0.0,3.141592653589793,3.141592653589793,3.141592653589793,4.71238898038469,3.141592653589793,3.9269908169872414,3.141592653589793,0.0,3.2397674240144743,0.0,1.5707963267948966,3.141592653589793,0.0,4.71238898038469
3.141592653589793,0.0,0.0,0.0,1.5707963267948966,4.71238898038469,0.0,4.71238898038469,0.0,0.0,3.141592653589793,3.141592653589793,3.141592653589793,4.71238898038469,3.141592653589793,3.9269908169872414,3.141592653589793,0.0,3.141592653589793,0.09817477042468103,1.5707963267948966,3.141592653589793,0.0,4.71238898038469
3.141592653589793,0.0,0.0,0.0,1.5707963267948966,4.71238898038469,0.0,4.71238898038469,0.0,0.0,3.141592653589793,3.141592653589793,3.141592653589793,4.71238898038469,3.141592653589793,3.9269908169872414,3.141592653589793,0.0,3.141592653589793,0.0,1.6689710972195777,3.141592653589793,0.0,4.71238898038469
3.141592653589793,0.0,0.0,0.0,1.5707963267948966,4.71238898038469,0.0,4.71238898038469,0.0,0.0,3.141592653589793,3.141592653589793,3.141592653589793,4.71238898038469,3.141592653589793,3.9269908169872414,3.141592653589793,0.0,3.141592653589793,0.0,1.5707963267948966,3.2397674240144743,0.0,4.71238898038469
3.141592653589793,0.0,0.0,0.0,1.5707963267948966,4.71238898038469,0.0,4.71238898038469,0.0,0.0,3.141592653589793,3.141592653589793,3.141592653589793,4.71238898038469,3.141592653589793,3.9269908169872414,3.141592653589793,0.0,3.141592653589793,0.0,1.5707963267948966,3.141592653589793,0.09817477042468103,4.71238898038469
3.141592653589793,0.0,0.0,0.0,1.5707963267948966,4.71238898038469,0.0,4.71238898038469,0.0,0.0,3.141592653589793,3.141592653589793,3.141592653589793,4.71238898038469,3.141592653589793,3.9269908169872414,3.141592653589793,0.0,3.141592653589793,0.0,1.5707963267948966,3.141592653589793,0.0,4.81056375080937
3.043417883165112,0.0,0.0,0.0,1.5707963267948966,4.71238898038469,0.0,4.71238898038469,0.0,0.0,3.141592653589793,3.141592653589793,3.141592653589793,4.71238898038469,3.141592653589793,3.9269908169872414,3.141592653589793,0.0,3.141592653589793,0.0,1.5707963267948966,3.141592653589793,0.0,4.71238898038469
3.141592653589793,0.0,0.0,0.0,1.4726215563702154,4.71238898038469,0.0,4.71238898038469,0.0,0.0,3.141592653589793,3.141592653589793,3.141592653589793,4.71238898038469,3.141592653589793,3.9269908169872414,3.141592653589793,0.0,3.141592653589793,0.0,1.5707963267948966,3.141592653589793,0.0,4.71238898038469
3.141592653589793,0.0,0.0,0.0,1.5707963267948966,4.614214209960009,0.0,4.71238898038469,0.0,0.0,3.141592653589793,3.141592653589793,3.141592653589793,4.71238898038469,3.141592653589793,3.9269908169872414,3.141592653589793,0.0,3.141592653589793,0.0,1.5707963267948966,3.141592653589793,0.0,4.71238898038469
3.141592653589793,0.0,0.0,0.0,1.5707963267948966,4.71238898038469,0.0,4.614214209960009,0.0,0.0,3.141592653589793,3.141592653589793,3.141592653589793,4.71238898038469,3.141592653589793,3.9269908169872414,3.141592653589793,0.0,3.141592653589793,0.0,1.5707963267948966,3.141592653589793,0.0,4.71238898038469
3.141592653589793,0.0,0.0,0.0,1.5707963267948966,4.71238898038469,0.0,4.71238898038469,0.0,0.0,3.043417883165112,3.141592653589793,3.141592653589793,4.71238898038469,3.141592653589793,3.9269908169872414,3.141592653589793,0.0,3.141592653589793,0.0,1.5707963267948966,3.141592653589793,0.0,4.71238898038469
3.141592653589793,0.0,0.0,0.0,1.5707963267948966,4.71238898038469,0.0,4.71238898038469,0.0,0.0,3.141592653589793,3.043417883165112,3.141592653589793,4.71238898038469,3.141592653589793,3.9269908169872414,3.141592653589793,0.0,3.141592653589793,0.0,1.5707963267948966,3.141592653589793,0.0,4.71238898038469
3.141592653589793,0.0,0.0,0.0,1.5707963267948966,4.71238898038469,0.0,4.71238898038469,0.0,0.0,3.141592653589793,3.141592653589793,3.043417883165112,4.71238898038469,3.141592653589793,3.9269908169872414,3.141592653589793,0.0,3.141592653589793,0.0,1.5707963267948966,3.141592653589793,0.0,4.71238898038469
3.141592653589793,0.0,0.0,0.0,1.5707963267948966,4.71238898038469,0.0,4.71238898038469,0.0,0.0,3.141592653589793,3.141592653589793,3.141592653589793,4.614214209960009,3.141592653589793,3.9269908169872414,3.141592653589793,0.0,3.141592653589793,0.0,1.5707963267948966,3.141592653589793,0.0,4.71238898038469
3.141592653589793,0.0,0.0,0.0,1.5707963267948966,4.71238898038469,0.0,4.71238898038469,0.0,0.0,3.141592653589793,3.141592653589793,3.141592653589793,4.71238898038469,3.043417883165112,3.9269908169872414,3.141592653589793,0.0,3.141592653589793,0.0,1.5707963267948966,3.141592653589793,0.0,4.71238898038469
3.141592653589793,0.0,0.0,0.0,1.5707963267948966,4.71238898038469,0.0,4.71238898038469,0.0,0.0,3.141592653589793,3.141592653589793,3.141592653589793,4.71238898038469,3.141592653589793,3.8288160465625602,3.141592653589793,0.0,3.141592653589793,0.0,1.5707963267948966,3.141592653589793,0.0,4.71238898038469
3.141592653589793,0.0,0.0,0.0,1.5707963267948966,4.71238898038469,0.0,4.71238898038469,0.0,0.0,3.141592653589793,3.141592653589793,3.141592653589793,4.71238898038469,3.141592653589793,3.9269908169872414,3.043417883165112,0.0,3.141592653589793,0.0,1.5707963267948966,3.141592653589793,0.0,4.71238898038469
3.141592653589793,0.0,0.0,0.0,1.5707963267948966,4.71238898038469,0.0,4.71238898038469,0.0,0.0,3.141592653589793,3.141592653589793,3.141592653589793,4.71238898038469,3.141592653589793,3.9269908169872414,3.141592653589793,0.0,3.043417883165112,0.0,1.5707963267948966,3.141592653589793,0.0,4.71238898038469
3.141592653589793,0.0,0.0,0.0,1.5707963267948966,4.71238898038469,0.0,4.71238898038469,0.0,0.0,3.141592653589793,3.141592653589793,3.141592653589793,4.71238898038469,3.141592653589793,3.9269908169872414,3.141592653589793,0.0,3.141592653589793,0.0,1.4726215563702154,3.141592653589793,0.0,4.71238898038469
3.141592653589793,0.0,0.0,0.0,1.5707963267948966,4.71238898038469,0.0,4.71238898038469,0.0,0.0,3.141592653589793,3.141592653589793,3.141592653589793,4.71238898038469,3.141592653589793,3.9269908169872414,3.141592653589793,0.0,3.141592653589793,0.0,1.5707963267948966,3.043417883165112,0.0,4.71238898038469
3.141592653589793,0.0,0.0,0.0,1.5707963267948966,4.71238898038469,0.0,4.71238898038469,0.0,0.0,3.141592653589793,3.141592653589793,3.141592653589793,4.71238898038469,3.141592653589793,3.9269908169872414,3.141592653589793,0.0,3.141592653589793,0.0,1.5707963267948966,3.141592653589793,0.0,4.614214209960009
3.1906800388021335,0.0,0.0,0.0,1.5707963267948966,4.71238898038469,0.0,4.71238898038469,0.0,0.0,3.141592653589793,3.141592653589793,3.141592653589793,4.71238898038469,3.141592653589793,3.9269908169872414,3.141592653589793,0.0,3.141592653589793,0.0,1.5707963267948966,3.141592653589793,0.0,4.71238898038469
3.141592653589793,0.04908738521234052,0.0,0.0,1.5707963267948966,4.71238898038469,0.0,4.71238898038469,0.0,0.0,3.141592653589793,3.141592653589793,3.141592653589793,4.71238898038469,3.141592653589793,3.9269908169872414,3.141592653589793,0.0,3.141592653589793,0.0,1.5707963267948966,3.141592653589793,0.0,4.71238898038469
3.141592653589793,0.0,0.04908738521234052,0.0,1.5707963267948966,4.71238898038469,0.0,4.71238898038469,0.0,0.0,3.141592653589793,3.141592653589793,3.141592653589793,4.71238898038469,3.141592653589793,3.9269908169872414,3.141592653589793,0.0,3.141592653589793,0.0,1.5707963267948966,3.141592653589793,0.0,4.71238898038469
3.141592653589793,0.0,0.0,0.04908738521234052,1.5707963267948966,4.71238898038469,0.0,4.71238898038469,0.0,0.0,3.141592653589793,3.141592653589793,3.141592653589793,4.71238898038469,3.141592653589793,3.9269908169872414,3.141592653589793,0.0,3.141592653589793,0.0,1.5707963267948966,3.141592653589793,0.0,4.71238898038469
3.141592653589793,0.0,0.0,0.0,1.6198837120072371,4.71238898038469,0.0,4.71238898038469,0.0,0.0,3.141592653589793,3.141592653589793,3.141592653589793,4.71238898038469,3.141592653589793,3.9269908169872414,3.141592653589793,0.0,3.141592653589793,0.0,1.5707963267948966,3.141592653589793,0.0,4.71238898038469
3.141592653589793,0.0,0.0,0.0,1.5707963267948966,4.76147636559703,0.0,4.71238898038469,0.0,0.0,3.141592653589793,3.141592653589793,3.141592653589793,4.71238898038469,3.141592653589793,3.9269908169872414,3.141592653589793,0.0,3.141592653589793,0.0,1.5707963267948966,3.141592653589793,0.0,4.71238898038469
3.141592653589793,0.0,0.0,0.0,1.5707963267948966,4.71238898038469,0.04908738521234052,4.71238898038469,0.0,0.0,3.141592653589793,3.141592653589793,3.141592653589793,4.71238898038469,3.141592653589793,3.9269908169872414,3.141592653589793,0.0,3.141592653589793,0.0,1.5707963267948966,3.141592653589793,0.0,4.71238898038469
3.141592653589793,0.0,0.0,0.0,1.5707963267948966,4.71238898038469,0.0,4.76147636559703,0.0,0.0,3.141592653589793,3.141592653589793,3.141592653589793,4.71238898038469,3.141592653589793,3.9269908169872414,3.141592653589793,0.0,3.141592653589793,0.0,1.5707963267948966,3.141592653589793,0.0,4.71238898038469
3.141592653589793,0.0,0.0,0.0,1.5707963267948966,4.71238898038469,0.0,4.71238898038469,0.04908738521234052,0.0,3.141592653589793,3.141592653589793,3.141592653589793,4.71238898038469,3.141592653589793,3.9269908169872414,3.141592653589793,0.0,3.141592653589793,0.0,1.5707963267948966,3.141592653589793,0.0,4.71238898038469
3.141592653589793,0.0,0.0,0.0,1.5707963267948966,4.71238898038469,0.0,4.71238898038469,0.0,0.04908738521234052,3.141592653589793,3.141592653589793,3.141592653589793,4.71238898038469,3.141592653589793,3.9269908169872414,3.141592653589793,0.0,3.141592653589793,0.0,1.5707963267948966,3.141592653589793,0.0,4.71238898038469
3.141592653589793,0.0,0.0,0.0,1.5707963267948966,4.71238898038469,0.0,4.71238898038469,0.0,0.0,3.1906800388021335,3.141592653589793,3.141592653589793,4.71238898038469,3.141592653589793,3.9269908169872414,3.141592653589793,0.0,3.141592653589793,0.0,1.5707963267948966,3.141592653589793,0.0,4.71238898038469
3.141592653589793,0.0,0.0,0.0,1.5707963267948966,4.71238898038469,0.0,4.71238898038469,0.0,0.0,3.141592653589793,3.1906800388021335,3.141592653589793,4.71238898038469,3.141592653589793,3.9269908169872414,3.141592653589793,0.0,3.141592653589793,0.0,1.5707963267948966,3.141592653589793,0.0,4.71238898038469
3.141592653589793,0.0,0.0,0.0,1.5707963267948966,4.71238898038469,0.0,4.71238898038469,0.0,0.0,3.141592653589793,3.141592653589793,3.1906800388021335,4.71238898038469,3.141592653589793,3.9269908169872414,3.141592653589793,0.0,3.141592653589793,0.0,1.5707963267948966,3.141592653589793,0.0,4.71238898038469
3.141592653589793,0.0,0.0,0.0,1.5707963267948966,4.71238898038469,0.0,4.71238898038469,0.0,0.0,3.141592653589793,3.141592653589793,3.141592653589793,4.76147636559703,3.141592653589793,3.9269908169872414,3.141592653589793,0.0,3.141592653589793,0.0,1.5707963267948966,3.141592653589793,0.0,4.71238898038469
3.141592653589793,0.0,0.0,0.0,1.5707963267948966,4.71238898038469,0.0,4.71238898038469,0.0,0.0,3.141592653589793,3.141592653589793,3.141592653589793,4.71238898038469,3.1906800388021335,3.9269908169872414,3.141592653589793,0.0,3.141592653589793,0.0,1.5707963267948966,3.141592653589793,0.0,4.71238898038469
3.141592653589793,0.0,0.0,0.0,1.5707963267948966,4.71238898038469,0.0,4.71238898038469,0.0,0.0,3.141592653589793,3.141592653589793,3.141592653589793,4.71238898038469,3.141592653589793,3.9760782021995817,3.141592653589793,0.0,3.141592653589793,0.0,1.5707963267948966,3.141592653589793,0.0,4.71238898038469
3.141592653589793,0.0,0.0,0.0,1.5707963267948966,4.71238898038469,0.0,4.71238898038469,0.0,0.0,3.141592653589793,3.141592653589793,3.141592653589793,4.71238898038469,3.141592653589793,3.9269908169872414,3.1906800388021335,0.0,3.141592653589793,0.0,1.5707963267948966,3.141592653589793,0.0,4.71238898038469
3.141592653589793,0.0,0.0,0.0,1.5707963267948966,4.71238898038469,0.0,4.71238898038469,0.0,0.0,3.141592653589793,3.141592653589793,3.141592653589793,4.71238898038469,3.141592653589793,3.9269908169872414,3.141592653589793,0.04908738521234052,3.141592653589793,0.0,1.5707963267948966,3.141592653589793,0.0,4.71238898038469
3.141592653589793,0.0,0.0,0.0,1.5707963267948966,4.71238898038469,0.0,4.71238898038469,0.0,0.0,3.141592653589793,3.141592653589793,3.141592653589793,4.71238898038469,3.141592653589793,3.9269908169872414,3.141592653589793,0.0,3.1906800388021335,0.0,1.5707963267948966,3.141592653589793,0.0,4.71238898038469
3.141592653589793,0.0,0.0,0.0,1.5707963267948966,4.71238898038469,0.0,4.71238898038469,0.0,0.0,3.141592653589793,3.141592653589793,3.141592653589793,4.71238898038469,3.141592653589793,3.9269908169872414,3.141592653589793,0.0,3.141592653589793,0.04908738521234052,1.5707963267948966,3.141592653589793,0.0,4.71238898038469
3.141592653589793,0.0,0.0,0.0,1.5707963267948966,4.71238898038469,0.0,4.71238898038469,0.0,0.0,3.141592653589793,3.141592653589793,3.141592653589793,4.71238898038469,3.141592653589793,3.9269908169872414,3.141592653589793,0.0,3.141592653589793,0.0,1.6198837120072371,3.141592653589793,0.0,4.71238898038469
3.141592653589793,0.0,0.0,0.0,1.5707963267948966,4.71238898038469,0.0,4.71238898038469,0.0,0.0,3.141592653589793,3.141592653589793,3.141592653589793,4.71238898038469,3.141592653589793,3.9269908169872414,3.141592653589793,0.0,3.141592653589793,0.0,1.5707963267948966,3.1906800388021335,0.0,4.71238898038469
3.141592653589793,0.0,0.0,0.0,1.5707963267948966,4.71238898038469,0.0,4.71238898038469,0.0,0.0,3.141592653589793,3.141592653589793,3.141592653589793,4.71238898038469,3.141592653589793,3.9269908169872414,3.141592653589793,0.0,3.141592653589793,0.0,1.5707963267948966,3.141592653589793,0.04908738521234052,4.71238898038469
3.141592653589793,0.0,0.0,0.0,1.5707963267948966,4.71238898038469,0.0,4.71238898038469,0.0,0.0,3.141592653589793,3.141592653589793,3.141592653589793,4.71238898038469,3.141592653589793,3.9269908169872414,3.141592653589793,0.0,3.141592653589793,0.0,1.5707963267948966,3.141592653589793,0.0,4.76147636559703
3.0925052683774528,0.0,0.0,0.0,1.5707963267948966,4.71238898038469,0.0,4.71238898038469,0.0,0.0,3.141592653589793,3.141592653589793,3.141592653589793,4.71238898038469,3.141592653589793,3.9269908169872414,3.141592653589793,0.0,3.141592653589793,0.0,1.5707963267948966,3.141592653589793,0.0,4.71238898038469
3.141592653589793,0.0,0.0,0.0,1.521708941582556,4.71238898038469,0.0,4.71238898038469,0.0,0.0,3.141592653589793,3.141592653589793,3.141592653589793,4.71238898038469,3.141592653589793,3.9269908169872414,3.141592653589793,0.0,3.141592653589793,0.0,1.5707963267948966,3.141592653589793,0.0,4.71238898038469
3.141592653589793,0.0,0.0,0.0,1.5707963267948966,4.663301595172349,0.0,4.71238898038469,0.0,0.0,3.141592653589793,3.141592653589793,3.141592653589793,4.71238898038469,3.141592653589793,3.9269908169872414,3.141592653589793,0.0,3.141592653589793,0.0,1.5707963267948966,3.141592653589793,0.0,4.71238898038469
3.141592653589793,0.0,0.0,0.0,1.5707963267948966,4.71238898038469,0.0,4.663301595172349,0.0,0.0,3.141592653589793,3.141592653589793,3.141592653589793,4.71238898038469,3.141592653589793,3.9269908169872414,3.141592653589793,0.0,3.141592653589793,0.0,1.5707963267948966,3.141592653589793,0.0,4.71238898038469
3.141592653589793,0.0,0.0,0.0,1.5707963267948966,4.71238898038469,0.0,4.71238898038469,0.0,0.0,3.0925052683774528,3.141592653589793,3.141592653589793,4.71238898038469,3.141592653589793,3.9269908169872414,3.141592653589793,0.0,3.141592653589793,0.0,1.5707963267948966,3.141592653589793,0.0,4.71238898038469
3.141592653589793,0.0,0.0,0.0,1.5707963267948966,4.71238898038469,0.0,4.71238898038469,0.0,0.0,3.141592653589793,3.0925052683774528,3.141592653589793,4.71238898038469,3.141592653589793,3.9269908169872414,3.141592653589793,0.0,3.141592653589793,0.0,1.5707963267948966,3.141592653589793,0.0,4.71238898038469
3.141592653589793,0.0,0.0,0.0,1.5707963267948966,4.71238898038469,0.0,4.71238898038469,0.0,0.0,3.141592653589793,3.141592653589793,3.0925052683774528,4.71238898038469,3.141592653589793,3.9269908169872414,3.141592653589793,0.0,3.141592653589793,0.0,1.5707963267948966,3.141592653589793,0.0,4.71238898038469
3.141592653589793,0.0,0.0,0.0,1.5707963267948966,4.71238898038469,0.0,4.71238898038469,0.0,0.0,3.141592653589793,3.141592653589793,3.141592653589793,4.663301595172349,3.141592653589793,3.9269908169872414,3.141592653589793,0.0,3.141592653589793,0.0,1.5707963267948966,3.141592653589793,0.0,4.71238898038469
3.141592653589793,0.0,0.0,0.0,1.5707963267948966,4.71238898038469,0.0,4.71238898038469,0.0,0.0,3.141592653589793,3.141592653589793,3.141592653589793,4.71238898038469,3.0925052683774528,3.9269908169872414,3.141592653589793,0.0,3.141592653589793,0.0,1.5707963267948966,3.141592653589793,0.0,4.71238898038469
3.141592653589793,0.0,0.0,0.0,1.5707963267948966,4.71238898038469,0.0,4.71238898038469,0.0,0.0,3.141592653589793,3.141592653589793,3.141592653589793,4.71238898038469,3.141592653589793,3.877903431774901,3.141592653589793,0.0,3.141592653589793,0.0,1.5707963267948966,3.141592653589793,0.0,4.71238898038469
3.141592653589793,0.0,0.0,0.0,1.5707963267948966,4.71238898038469,0.0,4.71238898038469,0.0,0.0,3.141592653589793,3.141592653589793,3.141592653589793,4.71238898038469,3.141592653589793,3.9269908169872414,3.0925052683774528,0.0,3.141592653589793,0.0,1.5707963267948966,3.141592653589793,0.0,4.71238898038469
3.141592653589793,0.0,0.0,0.0,1.5707963267948966,4.71238898038469,0.0,4.71238898038469,0.0,0.0,3.141592653589793,3.141592653589793,3.141592653589793,4.71238898038469,3.141592653589793,3.9269908169872414,3.141592653589793,0.0,3.0925052683774528,0.0,1.5707963267948966,3.141592653589793,0.0,4.71238898038469
3.141592653589793,0.0,0.0,0.0,1.5707963267948966,4.71238898038469,0.0,4.71238898038469,0.0,0.0,3.141592653589793,3.141592653589793,3.141592653589793,4.71238898038469,3.141592653589793,3.9269908169872414,3.141592653589793,0.0,3.141592653589793,0.0,1.521708941582556,3.141592653589793,0.0,4.71238898038469
3.141592653589793,0.0,0.0,0.0,1.5707963267948966,4.71238898038469,0.0,4.71238898038469,0.0,0.0,3.141592653589793,3.141592653589793,3.141592653589793,4.71238898038469,3.141592653589793,3.9269908169872414,3.141592653589793,0.0,3.141592653589793,0.0,1.5707963267948966,3.0925052683774528,0.0,4.71238898038469
3.141592653589793,0.0,0.0,0.0,1.5707963267948966,4.71238898038469,0.0,4.71238898038469,0.0,0.0,3.141592653589793,3.141592653589793,3.141592653589793,4.71238898038469,3.141592653589793,3.9269908169872414,3.141592653589793,0.0,3.141592653589793,0.0,1.5707963267948966,3.141592653589793,0.0,4.663301595172349
3.1661363461959633,0.0,0.0,0.0,1.5707963267948966,4.71238898038469,0.0,4.71238898038469,0.0,0.0,3.141592653589793,3.141592653589793,3.141592653589793,4.71238898038469,3.141592653589793,3.9269908169872414,3.141592653589793,0.0,3.141592653589793,0.0,1.5707963267948966,3.141592653589793,0.0,4.71238898038469
3.141592653589793,0.02454369260617026,0.0,0.0,1.5707963267948966,4.71238898038469,0.0,4.71238898038469,0.0,0.0,3.141592653589793,3.141592653589793,3.141592653589793,4.71238898038469,3.141592653589793,3.9269908169872414,3.141592653589793,0.0,3.141592653589793,0.0,1.5707963267948966,3.141592653589793,0.0,4.71238898038469
3.141592653589793,0.0,0.02454369260617026,0.0,1.5707963267948966,4.71238898038469,0.0,4.71238898038469,0.0,0.0,3.141592653589793,3.141592653589793,3.141592653589793,4.71238898038469,3.141592653589793,3.9269908169872414,3.141592653589793,0.0,3.141592653589793,0.0,1.5707963267948966,3.141592653589793,0.0,4.71238898038469
3.141592653589793,0.0,0.0,0.02454369260617026,1.5707963267948966,4.71238898038469,0.0,4.71238898038469,0.0,0.0,3.141592653589793,3.141592653589793,3.141592653589793,4.71238898038469,3.141592653589793,3.9269908169872414,3.141592653589793,0.0,3.141592653589793,0.0,1.5707963267948966,3.141592653589793,0.0,4.71238898038469
3.141592653589793,0.0,0.0,0.0,1.5953400194010667,4.71238898038469,0.0,4.71238898038469,0.0,0.0,3.141592653589793,3.141592653589793,3.141592653589793,4.71238898038469,3.141592653589793,3.9269908169872414,3.141592653589793,0.0,3.141592653589793,0.0,1.5707963267948966,3.141592653589793,0.0,4.71238898038469
3.141592653589793,0.0,0.0,0.0,1.5707963267948966,4.73693267299086,0.0,4.71238898038469,0.0,0.0,3.141592653589793,3.141592653589793,3.141592653589793,4.71238898038469,3.141592653589793,3.9269908169872414,3.141592653589793,0.0,3.141592653589793,0.0,1.5707963267948966,3.141592653589793,0.0,4.71238898038469
3.141592653589793,0.0,0.0,0.0,1.5707963267948966,4.71238898038469,0.02454369260617026,4.71238898038469,0.0,0.0,3.141592653589793,3.141592653589793,3.141592653589793,4.71238898038469,3.141592653589793,3.9269908169872414,3.141592653589793,0.0,3.141592653589793,0.0,1.5707963267948966,3.141592653589793,0.0,4.71238898038469
3.141592653589793,0.0,0.0,0.0,1.5707963267948966,4.71238898038469,0.0,4.73693267299086,0.0,0.0,3.141592653589793,3.141592653589793,3.141592653589793,4.71238898038469,3.141592653589793,3.9269908169872414,3.141592653589793,0.0,3.141592653589793,0.0,1.5707963267948966,3.141592653589793,0.0,4.71238898038469
3.141592653589793,0.0,0.0,0.0,1.5707963267948966,4.71238898038469,0.0,4.71238898038469,0.02454369260617026,0.0,3.141592653589793,3.141592653589793,3.141592653589793,4.71238898038469,3.141592653589793,3.9269908169872414,3.141592653589793,0.0,3.141592653589793,0.0,1.5707963267948966,3.141592653589793,0.0,4.71238898038469
3.141592653589793,0.0,0.0,0.0,1.5707963267948966,4.71238898038469,0.0,4.71238898038469,0.0,0.02454369260617026,3.141592653589793,3.141592653589793,3.141592653589793,4.71238898038469,3.141592653589793,3.9269908169872414,3.141592653589793,0.0,3.141592653589793,0.0,1.5707963267948966,3.141592653589793,0.0,4.71238898038469
3.141592653589793,0.0,0.0,0.0,1.5707963267948966,4.71238898038469,0.0,4.71238898038469,0.0,0.0,3.1661363461959633,3.141592653589793,3.141592653589793,4.71238898038469,3.141592653589793,3.9269908169872414,3.141592653589793,0.0,3.141592653589793,0.0,1.5707963267948966,3.141592653589793,0.0,4.71238898038469
3.141592653589793,0.0,0.0,0.0,1.5707963267948966,4.71238898038469,0.0,4.71238898038469,0.0,0.0,3.141592653589793,3.1661363461959633,3.141592653589793,4.71238898038469,3.141592653589793,3.9269908169872414,3.141592653589793,0.0,3.141592653589793,0.0,1.5707963267948966,3.141592653589793,0.0,4.71238898038469
3.141592653589793,0.0,0.0,0.0,1.5707963267948966,4.71238898038469,0.0,4.71238898038469,0.0,0.0,3.141592653589793,3.141592653589793,3.1661363461959633,4.71238898038469,3.141592653589793,3.9269908169872414,3.141592653589793,0.0,3.141592653589793,0.0,1.5707963267948966,3.141592653589793,0.0,4.71238898038469
3.141592653589793,0.0,0.0,0.0,1.5707963267948966,4.71238898038469,0.0,4.71238898038469,0.0,0.0,3.141592653589793,3.141592653589793,3.141592653589793,4.73693267299086,3.141592653589793,3.9269908169872414,3.141592653589793,0.0,3.141592653589793,0.0,1.5707963267948966,3.141592653589793,0.0,4.71238898038469
3.141592653589793,0.0,0.0,0.0,1.5707963267948966,4.71238898038469,0.0,4.71238898038469,0.0,0.0,3.141592653589793,3.141592653589793,3.141592653589793,4.71238898038469,3.1661363461959633,3.9269908169872414,3.141592653589793,0.0,3.141592653589793,0.0,1.5707963267948966,3.141592653589793,0.0,4.71238898038469
3.141592653589793,0.0,0.0,0.0,1.5707963267948966,4.71238898038469,0.0,4.71238898038469,0.0,0.0,3.141592653589793,3.141592653589793,3.141592653589793,4.71238898038469,3.141592653589793,3.9515345095934116,3.141592653589793,0.0,3.141592653589793,0.0,1.5707963267948966,3.141592653589793,0.0,4.71238898038469
3.141592653589793,0.0,0.0,0.0,1.5707963267948966,4.71238898038469,0.0,4.71238898038469,0.0,0.0,3.141592653589793,3.141592653589793,3.141592653589793,4.71238898038469,3.141592653589793,3.9269908169872414,3.1661363461959633,0.0,3.141592653589793,0.0,1.5707963267948966,3.141592653589793,0.0,4.71238898038469
3.141592653589793,0.0,0.0,0.0,1.5707963267948966,4.71238898038469,0.0,4.71238898038469,0.0,0.0,3.141592653589793,3.141592653589793,3.141592653589793,4.71238898038469,3.141592653589793,3.9269908169872414,3.141592653589793,0.02454369260617026,3.141592653589793,0.0,1.5707963267948966,3.141592653589793,0.0,4.71238898038469
3.141592653589793,0.0,0.0,0.0,1.5707963267948966,4.71238898038469,0.0,4.71238898038469,0.0,0.0,3.141592653589793,3.141592653589793,3.141592653589793,4.71238898038469,3.141592653589793,3.9269908169872414,3.141592653589793,0.0,3.1661363461959633,0.0,1.5707963267948966,3.141592653589793,0.0,4.71238898038469
3.141592653589793,0.0,0.0,0.0,1.5707963267948966,4.71238898038469,0.0,4.71238898038469,0.0,0.0,3.141592653589793,3.141592653589793,3.141592653589793,4.71238898038469,3.141592653589793,3.9269908169872414,3.141592653589793,0.0,3.141592653589793,0.02454369260617026,1.5707963267948966,3.141592653589793,0.0,4.71238898038469
3.141592653589793,0.0,0.0,0.0,1.5707963267948966,4.71238898038469,0.0,4.71238898038469,0.0,0.0,3.141592653589793,3.141592653589793,3.141592653589793,4.71238898038469,3.141592653589793,3.9269908169872414,3.141592653589793,0.0,3.141592653589793,0.0,1.5953400194010667,3.141592653589793,0.0,4.71238898038469
3.141592653589793,0.0,0.0,0.0,1.5707963267948966,4.71238898038469,0.0,4.71238898038469,0.0,0.0,3.141592653589793,3.141592653589793,3.141592653589793,4.71238898038469,3.141592653589793,3.9269908169872414,3.141592653589793,0.0,3.141592653589793,0.0,1.5707963267948966,3.1661363461959633,0.0,4.71238898038469
3.141592653589793,0.0,0.0,0.0,1.5707963267948966,4.71238898038469,0.0,4.71238898038469,0.0,0.0,3.141592653589793,3.141592653589793,3.141592653589793,4.71238898038469,3.141592653589793,3.9269908169872414,3.141592653589793,0.0,3.141592653589793,0.0,1.5707963267948966,3.141592653589793,0.02454369260617026,4.71238898038469
3.141592653589793,0.0,0.0,0.0,1.5707963267948966,4.71238898038469,0.0,4.71238898038469,0.0,0.0,3.141592653589793,3.141592653589793,3.141592653589793,4.71238898038469,3.141592653589793,3.9269908169872414,3.141592653589793,0.0,3.141592653589793,0.0,1.5707963267948966,3.141592653589793,0.0,4.73693267299086
3.117048960983623,0.0,0.0,0.0,1.5707963267948966,4.71238898038469,0.0,4.71238898038469,0.0,0.0,3.141592653589793,3.141592653589793,3.141592653589793,4.71238898038469,3.141592653589793,3.9269908169872414,3.141592653589793,0.0,3.141592653589793,0.0,1.5707963267948966,3.141592653589793,0.0,4.71238898038469
3.141592653589793,0.0,0.0,0.0,1.5462526341887264,4.71238898038469,0.0,4.71238898038469,0.0,0.0,3.141592653589793,3.141592653589793,3.141592653589793,4.71238898038469,3.141592653589793,3.9269908169872414,3.141592653589793,0.0,3.141592653589793,0.0,1.5707963267948966,3.141592653589793,0.0,4.71238898038469
3.141592653589793,0.0,0.0,0.0,1.5707963267948966,4.6878452877785195,0.0,4.71238898038469,0.0,0.0,3.141592653589793,3.141592653589793,3.141592653589793,4.71238898038469,3.141592653589793,3.9269908169872414,3.141592653589793,0.0,3.141592653589793,0.0,1.5707963267948966,3.141592653589793,0.0,4.71238898038469
3.141592653589793,0.0,0.0,0.0,1.5707963267948966,4.71238898038469,0.0,4.6878452877785195,0.0,0.0,3.141592653589793,3.141592653589793,3.141592653589793,4.71238898038469,3.141592653589793,3.9269908169872414,3.141592653589793,0.0,3.141592653589793,0.0,1.5707963267948966,3.141592653589793,0.0,4.71238898038469
3.141592653589793,0.0,0.0,0.0,1.5707963267948966,4.71238898038469,0.0,4.71238898038469,0.0,0.0,3.117048960983623,3.141592653589793,3.141592653589793,4.71238898038469,3.141592653589793,3.9269908169872414,3.141592653589793,0.0,3.141592653589793,0.0,1.5707963267948966,3.141592653589793,0.0,4.71238898038469
3.141592653589793,0.0,0.0,0.0,1.5707963267948966,4.71238898038469,0.0,4.71238898038469,0.0,0.0,3.141592653589793,3.117048960983623,3.141592653589793,4.71238898038469,3.141592653589793,3.9269908169872414,3.141592653589793,0.0,3.141592653589793,0.0,1.5707963267948966,3.141592653589793,0.0,4.71238898038469
3.141592653589793,0.0,0.0,0.0,1.5707963267948966,4.71238898038469,0.0,4.71238898038469,0.0,0.0,3.141592653589793,3.141592653589793,3.117048960983623,4.71238898038469,3.141592653589793,3.9269908169872414,3.141592653589793,0.0,3.141592653589793,0.0,1.5707963267948966,3.141592653589793,0.0,4.71238898038469
3.141592653589793,0.0,0.0,0.0,1.5707963267948966,4.71238898038469,0.0,4.71238898038469,0.0,0.0,3.141592653589793,3.141592653589793,3.141592653589793,4.6878452877785195,3.141592653589793,3.9269908169872414,3.141592653589793,0.0,3.141592653589793,0.0,1.5707963267948966,3.141592653589793,0.0,4.71238898038469
3.141592653589793,0.0,0.0,0.0,1.5707963267948966,4.71238898038469,0.0,4.71238898038469,0.0,0.0,3.141592653589793,3.141592653589793,3.141592653589793,4.71238898038469,3.117048960983623,3.9269908169872414,3.141592653589793,0.0,3.141592653589793,0.0,1.5707963267948966,3.141592653589793,0.0,4.71238898038469
3.141592653589793,0.0,0.0,0.0,1.5707963267948966,4.71238898038469,0.0,4.71238898038469,0.0,0.0,3.141592653589793,3.141592653589793,3.141592653589793,4.71238898038469,3.141592653589793,3.902447124381071,3.141592653589793,0.0,3.141592653589793,0.0,1.5707963267948966,3.141592653589793,0.0,4.71238898038469
3.141592653589793,0.0,0.0,0.0,1.5707963267948966,4.71238898038469,0.0,4.71238898038469,0.0,0.0,3.141592653589793,3.141592653589793,3.141592653589793,4.71238898038469,3.141592653589793,3.9269908169872414,3.117048960983623,0.0,3.141592653589793,0.0,1.5707963267948966,3.141592653589793,0.0,4.71238898038469
3.141592653589793,0.0,0.0,0.0,1.5707963267948966,4.71238898038469,0.0,4.71238898038469,0.0,0.0,3.141592653589793,3.141592653589793,3.141592653589793,4.71238898038469,3.141592653589793,3.9269908169872414,3.141592653589793,0.0,3.117048960983623,0.0,1.5707963267948966,3.141592653589793,0.0,4.71238898038469
3.141592653589793,0.0,0.0,0.0,1.5707963267948966,4.71238898038469,0.0,4.71238898038469,0.0,0.0,3.141592653589793,3.141592653589793,3.141592653589793,4.71238898038469,3.141592653589793,3.9269908169872414,3.141592653589793,0.0,3.141592653589793,0.0,1.5462526341887264,3.141592653589793,0.0,4.71238898038469
3.141592653589793,0.0,0.0,0.0,1.5707963267948966,4.71238898038469,0.0,4.71238898038469,0.0,0.0,3.141592653589793,3.141592653589793,3.141592653589793,4.71238898038469,3.141592653589793,3.9269908169872414,3.141592653589793,0.0,3.141592653589793,0.0,1.5707963267948966,3.117048960983623,0.0,4.71238898038469
3.141592653589793,0.0,0.0,0.0,1.5707963267948966,4.71238898038469,0.0,4.71238898038469,0.0,0.0,3.141592653589793,3.141592653589793,3.141592653589793,4.71238898038469,3.141592653589793,3.9269908169872414,3.141592653589793,0.0,3.141592653589793,0.0,1.5707963267948966,3.141592653589793,0.0,4.6878452877785195
