3.141592653589793,4.71238898038469,0.0,0.0,3.141592653589793,4.71238898038469,1.5707963267948966,0.0,0.0,0.0,0.0,1.5707963267948966,1.5707963267948966,0.0,4.71238898038469,0.0,3.141592653589793,1.5707963267948966,0.0,4.71238898038469,1.5707963267948966,3.141592653589793,4.71238898038469,3.141592653589793
6.283185307179586,4.71238898038469,0.0,0.0,3.141592653589793,4.71238898038469,1.5707963267948966,0.0,0.0,0.0,0.0,1.5707963267948966,1.5707963267948966,0.0,4.71238898038469,0.0,3.141592653589793,1.5707963267948966,0.0,4.71238898038469,1.5707963267948966,3.141592653589793,4.71238898038469,3.141592653589793
3.141592653589793,4.71238898038469,3.141592653589793,0.0,3.141592653589793,4.71238898038469,1.5707963267948966,0.0,0.0,0.0,0.0,1.5707963267948966,1.5707963267948966,0.0,4.71238898038469,0.0,3.141592653589793,1.5707963267948966,0.0,4.71238898038469,1.5707963267948966,3.141592653589793,4.71238898038469,3.141592653589793
3.141592653589793,4.71238898038469,0.0,3.141592653589793,3.141592653589793,4.71238898038469,1.5707963267948966,0.0,0.0,0.0,0.0,1.5707963267948966,1.5707963267948966,0.0,4.71238898038469,0.0,3.141592653589793,1.5707963267948966,0.0,4.71238898038469,1.5707963267948966,3.141592653589793,4.71238898038469,3.141592653589793
3.141592653589793,4.71238898038469,0.0,0.0,6.283185307179586,4.71238898038469,1.5707963267948966,0.0,0.0,0.0,0.0,1.5707963267948966,1.5707963267948966,0.0,4.71238898038469,0.0,3.141592653589793,1.5707963267948966,0.0,4.71238898038469,1.5707963267948966,3.141592653589793,4.71238898038469,3.141592653589793
3.141592653589793,4.71238898038469,0.0,0.0,3.141592653589793,4.71238898038469,4.71238898038469,0.0,0.0,0.0,0.0,1.5707963267948966,1.5707963267948966,0.0,4.71238898038469,0.0,3.141592653589793,1.5707963267948966,0.0,4.71238898038469,1.5707963267948966,3.141592653589793,4.71238898038469,3.141592653589793
3.141592653589793,4.71238898038469,0.0,0.0,3.141592653589793,4.71238898038469,1.5707963267948966,3.141592653589793,0.0,0.0,0.0,1.5707963267948966,1.5707963267948966,0.0,4.71238898038469,0.0,3.141592653589793,1.5707963267948966,0.0,4.71238898038469,1.5707963267948966,3.141592653589793,4.71238898038469,3.141592653589793
3.141592653589793,4.71238898038469,0.0,0.0,3.141592653589793,4.71238898038469,1.5707963267948966,0.0,3.141592653589793,0.0,0.0,1.5707963267948966,1.5707963267948966,0.0,4.71238898038469,0.0,3.141592653589793,1.5707963267948966,0.0,4.71238898038469,1.5707963267948966,3.141592653589793,4.71238898038469,3.141592653589793
3.141592653589793,4.71238898038469,0.0,0.0,3.141592653589793,4.71238898038469,1.5707963267948966,0.0,0.0,3.141592653589793,0.0,1.5707963267948966,1.5707963267948966,0.0,4.71238898038469,0.0,3.141592653589793,1.5707963267948966,0.0,4.71238898038469,1.5707963267948966,3.141592653589793,4.71238898038469,3.141592653589793
3.141592653589793,4.71238898038469,0.0,0.0,3.141592653589793,4.71238898038469,1.5707963267948966,0.0,0.0,0.0,3.141592653589793,1.5707963267948966,1.5707963267948966,0.0,4.71238898038469,0.0,3.141592653589793,1.5707963267948966,0.0,4.71238898038469,1.5707963267948966,3.141592653589793,4.71238898038469,3.141592653589793
3.141592653589793,4.71238898038469,0.0,0.0,3.141592653589793,4.71238898038469,1.5707963267948966,0.0,0.0,0.0,0.0,4.71238898038469,1.5707963267948966,0.0,4.71238898038469,0.0,3.141592653589793,1.5707963267948966,0.0,4.71238898038469,1.5707963267948966,3.141592653589793,4.71238898038469,3.141592653589793
3.141592653589793,4.71238898038469,0.0,0.0,3.141592653589793,4.71238898038469,1.5707963267948966,0.0,0.0,0.0,0.0,1.5707963267948966,4.71238898038469,0.0,4.71238898038469,0.0,3.141592653589793,1.5707963267948966,0.0,4.71238898038469,1.5707963267948966,3.141592653589793,4.71238898038469,3.141592653589793
3.141592653589793,4.71238898038469,0.0,0.0,3.141592653589793,4.71238898038469,1.5707963267948966,0.0,0.0,0.0,0.0,1.5707963267948966,1.5707963267948966,3.141592653589793,4.71238898038469,0.0,3.141592653589793,1.5707963267948966,0.0,4.71238898038469,1.5707963267948966,3.141592653589793,4.71238898038469,3.141592653589793
3.141592653589793,4.71238898038469,0.0,0.0,3.141592653589793,4.71238898038469,1.5707963267948966,0.0,0.0,0.0,0.0,1.5707963267948966,1.5707963267948966,0.0,4.71238898038469,3.141592653589793,3.141592653589793,1.5707963267948966,0.0,4.71238898038469,1.5707963267948966,3.141592653589793,4.71238898038469,3.141592653589793
3.141592653589793,4.71238898038469,0.0,0.0,3.141592653589793,4.71238898038469,1.5707963267948966,0.0,0.0,0.0,0.0,1.5707963267948966,1.5707963267948966,0.0,4.71238898038469,0.0,6.283185307179586,1.5707963267948966,0.0,4.71238898038469,1.5707963267948966,3.141592653589793,4.71238898038469,3.141592653589793
3.141592653589793,4.71238898038469,0.0,0.0,3.141592653589793,4.71238898038469,1.5707963267948966,0.0,0.0,0.0,0.0,1.5707963267948966,1.5707963267948966,0.0,4.71238898038469,0.0,3.141592653589793,4.71238898038469,0.0,4.71238898038469,1.5707963267948966,3.141592653589793,4.71238898038469,3.141592653589793
3.141592653589793,4.71238898038469,0.0,0.0,3.141592653589793,4.71238898038469,1.5707963267948966,0.0,0.0,0.0,0.0,1.5707963267948966,1.5707963267948966,0.0,4.71238898038469,0.0,3.141592653589793,1.5707963267948966,3.141592653589793,4.71238898038469,1.5707963267948966,3.141592653589793,4.71238898038469,3.141592653589793
3.141592653589793,4.71238898038469,0.0,0.0,3.141592653589793,4.71238898038469,1.5707963267948966,0.0,0.0,0.0,0.0,1.5707963267948966,1.5707963267948966,0.0,4.71238898038469,0.0,3.141592653589793,1.5707963267948966,0.0,4.71238898038469,4.71238898038469,3.141592653589793,4.71238898038469,3.141592653589793
3.141592653589793,4.71238898038469,0.0,0.0,3.141592653589793,4.71238898038469,1.5707963267948966,0.0,0.0,0.0,0.0,1.5707963267948966,1.5707963267948966,0.0,4.71238898038469,0.0,3.141592653589793,1.5707963267948966,0.0,4.71238898038469,1.5707963267948966,6.283185307179586,4.71238898038469,3.141592653589793
3.141592653589793,4.71238898038469,0.0,0.0,3.141592653589793,4.71238898038469,1.5707963267948966,0.0,0.0,0.0,0.0,1.5707963267948966,1.5707963267948966,0.0,4.71238898038469,0.0,3.141592653589793,1.5707963267948966,0.0,4.71238898038469,1.5707963267948966,3.141592653589793,4.71238898038469,6.283185307179586
0.0,4.71238898038469,0.0,0.0,3.141592653589793,4.71238898038469,1.5707963267948966,0.0,0.0,0.0,0.0,1.5707963267948966,1.5707963267948966,0.0,4.71238898038469,0.0,3.141592653589793,1.5707963267948966,0.0,4.71238898038469,1.5707963267948966,3.141592653589793,4.71238898038469,3.141592653589793
3.141592653589793,1.5707963267948966,0.0,0.0,3.141592653589793,4.71238898038469,1.5707963267948966,0.0,0.0,0.0,0.0,1.5707963267948966,1.5707963267948966,0.0,4.71238898038469,0.0,3.141592653589793,1.5707963267948966,0.0,4.71238898038469,1.5707963267948966,3.141592653589793,4.71238898038469,3.141592653589793
3.141592653589793,4.71238898038469,0.0,0.0,0.0,4.71238898038469,1.5707963267948966,0.0,0.0,0.0,0.0,1.5707963267948966,1.5707963267948966,0.0,4.71238898038469,0.0,3.141592653589793,1.5707963267948966,0.0,4.71238898038469,1.5707963267948966,3.141592653589793,4.71238898038469,3.141592653589793
3.141592653589793,4.71238898038469,0.0,0.0,3.141592653589793,1.5707963267948966,1.5707963267948966,0.0,0.0,0.0,0.0,1.5707963267948966,1.5707963267948966,0.0,4.71238898038469,0.0,3.141592653589793,1.5707963267948966,0.0,4.71238898038469,1.5707963267948966,3.141592653589793,4.71238898038469,3.141592653589793
3.141592653589793,4.71238898038469,0.0,0.0,3.141592653589793,4.71238898038469,1.5707963267948966,0.0,0.0,0.0,0.0,1.5707963267948966,1.5707963267948966,0.0,1.5707963267948966,0.0,3.141592653589793,1.5707963267948966,0.0,4.71238898038469,1.5707963267948966,3.141592653589793,4.71238898038469,3.141592653589793
3.141592653589793,4.71238898038469,0.0,0.0,3.141592653589793,4.71238898038469,1.5707963267948966,0.0,0.0,0.0,0.0,1.5707963267948966,1.5707963267948966,0.0,4.71238898038469,0.0,0.0,1.5707963267948966,0.0,4.71238898038469,1.5707963267948966,3.141592653589793,4.71238898038469,3.141592653589793
3.141592653589793,4.71238898038469,0.0,0.0,3.141592653589793,4.71238898038469,1.5707963267948966,0.0,0.0,0.0,0.0,1.5707963267948966,1.5707963267948966,0.0,4.71238898038469,0.0,3.141592653589793,1.5707963267948966,0.0,1.5707963267948966,1.5707963267948966,3.141592653589793,4.71238898038469,3.141592653589793
3.141592653589793,4.71238898038469,0.0,0.0,3.141592653589793,4.71238898038469,1.5707963267948966,0.0,0.0,0.0,0.0,1.5707963267948966,1.5707963267948966,0.0,4.71238898038469,0.0,3.141592653589793,1.5707963267948966,0.0,4.71238898038469,1.5707963267948966,0.0,4.71238898038469,3.141592653589793
3.141592653589793,4.71238898038469,0.0,0.0,3.141592653589793,4.71238898038469,1.5707963267948966,0.0,0.0,0.0,0.0,1.5707963267948966,1.5707963267948966,0.0,4.71238898038469,0.0,3.141592653589793,1.5707963267948966,0.0,4.71238898038469,1.5707963267948966,3.141592653589793,1.5707963267948966,3.141592653589793
3.141592653589793,4.71238898038469,0.0,0.0,3.141592653589793,4.71238898038469,1.5707963267948966,0.0,0.0,0.0,0.0,1.5707963267948966,1.5707963267948966,0.0,4.71238898038469,0.0,3.141592653589793,1.5707963267948966,0.0,4.71238898038469,1.5707963267948966,3.141592653589793,4.71238898038469,0.0
3.1427835510122395,6.283185307179586,0.0,0.0,3.1310050049280247,6.283185307179586,1.588426523927119,0.04880745736926884,0.0,0.0,0.0,0.0,1.6068954177202739,0.0,6.283185307179586,0.0,3.1281603787247807,0.0,0.0,6.283185307179586,1.6033293554206212,3.1245644720722368,4.6887801681527055,3.140162710161636
3.1427835510122395,6.283185307179586,3.141592653589793,0.0,3.1310050049280247,6.283185307179586,1.588426523927119,0.04880745736926884,0.0,0.0,0.0,0.0,1.6068954177202739,0.0,6.283185307179586,0.0,3.1281603787247807,0.0,0.0,6.283185307179586,1.6033293554206212,3.1245644720722368,4.6887801681527055,3.140162710161636
3.1427835510122395,6.283185307179586,0.0,3.141592653589793,3.1310050049280247,6.283185307179586,1.588426523927119,0.04880745736926884,0.0,0.0,0.0,0.0,1.6068954177202739,0.0,6.283185307179586,0.0,3.1281603787247807,0.0,0.0,6.283185307179586,1.6033293554206212,3.1245644720722368,4.6887801681527055,3.140162710161636
3.1427835510122395,6.283185307179586,0.0,0.0,6.272597658517817,6.283185307179586,1.588426523927119,0.04880745736926884,0.0,0.0,0.0,0.0,1.6068954177202739,0.0,6.283185307179586,0.0,3.1281603787247807,0.0,0.0,6.283185307179586,1.6033293554206212,3.1245644720722368,4.6887801681527055,3.140162710161636
3.1427835510122395,6.283185307179586,0.0,0.0,3.1310050049280247,6.283185307179586,4.730019177516912,0.04880745736926884,0.0,0.0,0.0,0.0,1.6068954177202739,0.0,6.283185307179586,0.0,3.1281603787247807,0.0,0.0,6.283185307179586,1.6033293554206212,3.1245644720722368,4.6887801681527055,3.140162710161636
3.1427835510122395,6.283185307179586,0.0,0.0,3.1310050049280247,6.283185307179586,1.588426523927119,3.190400110959062,0.0,0.0,0.0,0.0,1.6068954177202739,0.0,6.283185307179586,0.0,3.1281603787247807,0.0,0.0,6.283185307179586,1.6033293554206212,3.1245644720722368,4.6887801681527055,3.140162710161636
3.1427835510122395,6.283185307179586,0.0,0.0,3.1310050049280247,6.283185307179586,1.588426523927119,0.04880745736926884,3.141592653589793,0.0,0.0,0.0,1.6068954177202739,0.0,6.283185307179586,0.0,3.1281603787247807,0.0,0.0,6.283185307179586,1.6033293554206212,3.1245644720722368,4.6887801681527055,3.140162710161636
3.1427835510122395,6.283185307179586,0.0,0.0,3.1310050049280247,6.283185307179586,1.588426523927119,0.04880745736926884,0.0,3.141592653589793,0.0,0.0,1.6068954177202739,0.0,6.283185307179586,0.0,3.1281603787247807,0.0,0.0,6.283185307179586,1.6033293554206212,3.1245644720722368,4.6887801681527055,3.140162710161636
3.1427835510122395,6.283185307179586,0.0,0.0,3.1310050049280247,6.283185307179586,1.588426523927119,0.04880745736926884,0.0,0.0,3.141592653589793,0.0,1.6068954177202739,0.0,6.283185307179586,0.0,3.1281603787247807,0.0,0.0,6.283185307179586,1.6033293554206212,3.1245644720722368,4.6887801681527055,3.140162710161636
3.1427835510122395,6.283185307179586,0.0,0.0,3.1310050049280247,6.283185307179586,1.588426523927119,0.04880745736926884,0.0,0.0,0.0,3.141592653589793,1.6068954177202739,0.0,6.283185307179586,0.0,3.1281603787247807,0.0,0.0,6.283185307179586,1.6033293554206212,3.1245644720722368,4.6887801681527055,3.140162710161636
3.1427835510122395,6.283185307179586,0.0,0.0,3.1310050049280247,6.283185307179586,1.588426523927119,0.04880745736926884,0.0,0.0,0.0,0.0,4.748488071310067,0.0,6.283185307179586,0.0,3.1281603787247807,0.0,0.0,6.283185307179586,1.6033293554206212,3.1245644720722368,4.6887801681527055,3.140162710161636
3.1427835510122395,6.283185307179586,0.0,0.0,3.1310050049280247,6.283185307179586,1.588426523927119,0.04880745736926884,0.0,0.0,0.0,0.0,1.6068954177202739,3.141592653589793,6.283185307179586,0.0,3.1281603787247807,0.0,0.0,6.283185307179586,1.6033293554206212,3.1245644720722368,4.6887801681527055,3.140162710161636
3.1427835510122395,6.283185307179586,0.0,0.0,3.1310050049280247,6.283185307179586,1.588426523927119,0.04880745736926884,0.0,0.0,0.0,0.0,1.6068954177202739,0.0,6.283185307179586,3.141592653589793,3.1281603787247807,0.0,0.0,6.283185307179586,1.6033293554206212,3.1245644720722368,4.6887801681527055,3.140162710161636
3.1427835510122395,6.283185307179586,0.0,0.0,3.1310050049280247,6.283185307179586,1.588426523927119,0.04880745736926884,0.0,0.0,0.0,0.0,1.6068954177202739,0.0,6.283185307179586,0.0,6.269753032314574,0.0,0.0,6.283185307179586,1.6033293554206212,3.1245644720722368,4.6887801681527055,3.140162710161636
3.1427835510122395,6.283185307179586,0.0,0.0,3.1310050049280247,6.283185307179586,1.588426523927119,0.04880745736926884,0.0,0.0,0.0,0.0,1.6068954177202739,0.0,6.283185307179586,0.0,3.1281603787247807,3.141592653589793,0.0,6.283185307179586,1.6033293554206212,3.1245644720722368,4.6887801681527055,3.140162710161636
3.1427835510122395,6.283185307179586,0.0,0.0,3.1310050049280247,6.283185307179586,1.588426523927119,0.04880745736926884,0.0,0.0,0.0,0.0,1.6068954177202739,0.0,6.283185307179586,0.0,3.1281603787247807,0.0,3.141592653589793,6.283185307179586,1.6033293554206212,3.1245644720722368,4.6887801681527055,3.140162710161636
3.1427835510122395,6.283185307179586,0.0,0.0,3.1310050049280247,6.283185307179586,1.588426523927119,0.04880745736926884,0.0,0.0,0.0,0.0,1.6068954177202739,0.0,6.283185307179586,0.0,3.1281603787247807,0.0,0.0,6.283185307179586,4.7449220090104145,3.1245644720722368,4.6887801681527055,3.140162710161636
3.1427835510122395,6.283185307179586,0.0,0.0,3.1310050049280247,6.283185307179586,1.588426523927119,0.04880745736926884,0.0,0.0,0.0,0.0,1.6068954177202739,0.0,6.283185307179586,0.0,3.1281603787247807,0.0,0.0,6.283185307179586,1.6033293554206212,6.26615712566203,4.6887801681527055,3.140162710161636
3.1427835510122395,6.283185307179586,0.0,0.0,3.1310050049280247,6.283185307179586,1.588426523927119,0.04880745736926884,0.0,0.0,0.0,0.0,1.6068954177202739,0.0,6.283185307179586,0.0,3.1281603787247807,0.0,0.0,6.283185307179586,1.6033293554206212,3.1245644720722368,4.6887801681527055,6.281755363751429
0.0011908974224462993,6.283185307179586,0.0,0.0,3.1310050049280247,6.283185307179586,1.588426523927119,0.04880745736926884,0.0,0.0,0.0,0.0,1.6068954177202739,0.0,6.283185307179586,0.0,3.1281603787247807,0.0,0.0,6.283185307179586,1.6033293554206212,3.1245644720722368,4.6887801681527055,3.140162710161636
3.1427835510122395,3.141592653589793,0.0,0.0,3.1310050049280247,6.283185307179586,1.588426523927119,0.04880745736926884,0.0,0.0,0.0,0.0,1.6068954177202739,0.0,6.283185307179586,0.0,3.1281603787247807,0.0,0.0,6.283185307179586,1.6033293554206212,3.1245644720722368,4.6887801681527055,3.140162710161636
3.1427835510122395,6.283185307179586,0.0,0.0,3.1310050049280247,3.141592653589793,1.588426523927119,0.04880745736926884,0.0,0.0,0.0,0.0,1.6068954177202739,0.0,6.283185307179586,0.0,3.1281603787247807,0.0,0.0,6.283185307179586,1.6033293554206212,3.1245644720722368,4.6887801681527055,3.140162710161636
3.1427835510122395,6.283185307179586,0.0,0.0,3.1310050049280247,6.283185307179586,1.588426523927119,0.04880745736926884,0.0,0.0,0.0,0.0,1.6068954177202739,0.0,3.141592653589793,0.0,3.1281603787247807,0.0,0.0,6.283185307179586,1.6033293554206212,3.1245644720722368,4.6887801681527055,3.140162710161636
3.1427835510122395,6.283185307179586,0.0,0.0,3.1310050049280247,6.283185307179586,1.588426523927119,0.04880745736926884,0.0,0.0,0.0,0.0,1.6068954177202739,0.0,6.283185307179586,0.0,3.1281603787247807,0.0,0.0,3.141592653589793,1.6033293554206212,3.1245644720722368,4.6887801681527055,3.140162710161636
3.1427835510122395,6.283185307179586,0.0,0.0,3.1310050049280247,6.283185307179586,1.588426523927119,0.04880745736926884,0.0,0.0,0.0,0.0,1.6068954177202739,0.0,6.283185307179586,0.0,3.1281603787247807,0.0,0.0,6.283185307179586,1.6033293554206212,3.1245644720722368,1.5471875145629124,3.140162710161636
6.283185307179586,6.283185307179586,0.0,0.0,3.1292416477484832,6.276669581043757,1.5468792387875638,0.02883679707630679,0.0,0.0,0.0,0.0,1.635273782976295,0.0,6.279408076589431,0.017368399850707573,0.13445991371563187,0.0,0.0,6.283185307179586,1.5937718052833487,3.1113215013661186,4.656294903821451,3.1560471495544387
6.283185307179586,6.283185307179586,0.0,0.0,3.130123326338254,6.279927444111672,1.5676528813573414,0.03882212722278782,0.0,0.0,0.0,0.0,1.6210846003482846,0.0,6.281296691884508,0.008684199925353787,1.6313101462202062,0.0,0.0,6.283185307179586,1.5985505803519848,3.1179429867191777,4.672537535987078,3.1481049298580372
5.639333645715779,6.283185307179586,0.0,0.0,3.1305641656331393,6.281556375645629,1.5780397026422301,0.04381479229602833,0.0,0.0,0.0,0.0,1.6139900090342791,0.0,6.282240999532047,0.004342099962676893,2.3797352624724932,0.0,0.0,6.283185307179586,1.600939967886303,3.121253729395707,4.680658852069891,3.144133820009837
4.391058598364009,6.283185307179586,0.0,0.0,3.1307845852805816,6.282370841412607,1.5832331132846744,0.04631112483264859,0.0,0.0,0.0,0.0,1.6104427133772765,0.0,6.282713153355817,0.0021710499813384467,2.753947820598637,0.0,0.0,6.283185307179586,1.602134661653462,3.122909100733972,4.684719510111298,3.1421482650857366
3.1427835510122395,6.283185307179586,3.141592653589793,0.0,3.1310050049280247,6.283185307179586,1.588426523927119,0.04880745736926884,0.0,0.0,0.0,0.0,1.6068954177202739,0.0,6.283185307179586,0.0,3.1281603787247807,0.0,0.0,6.283185307179586,1.6033293554206212,3.1245644720722368,4.6887801681527055,3.140162710161636
3.1427835510122395,6.283185307179586,0.0,3.141592653589793,3.1310050049280247,6.283185307179586,1.588426523927119,0.04880745736926884,0.0,0.0,0.0,0.0,1.6068954177202739,0.0,6.283185307179586,0.0,3.1281603787247807,0.0,0.0,6.283185307179586,1.6033293554206212,3.1245644720722368,4.6887801681527055,3.140162710161636
3.1427835510122395,6.283185307179586,0.0,0.0,6.272597658517817,6.283185307179586,1.588426523927119,0.04880745736926884,0.0,0.0,0.0,0.0,1.6068954177202739,0.0,6.283185307179586,0.0,3.1281603787247807,0.0,0.0,6.283185307179586,1.6033293554206212,3.1245644720722368,4.6887801681527055,3.140162710161636
3.1427835510122395,6.283185307179586,0.0,0.0,3.1310050049280247,6.283185307179586,4.730019177516912,0.04880745736926884,0.0,0.0,0.0,0.0,1.6068954177202739,0.0,6.283185307179586,0.0,3.1281603787247807,0.0,0.0,6.283185307179586,1.6033293554206212,3.1245644720722368,4.6887801681527055,3.140162710161636
3.1427835510122395,6.283185307179586,0.0,0.0,3.1310050049280247,6.283185307179586,1.588426523927119,3.190400110959062,0.0,0.0,0.0,0.0,1.6068954177202739,0.0,6.283185307179586,0.0,3.1281603787247807,0.0,0.0,6.283185307179586,1.6033293554206212,3.1245644720722368,4.6887801681527055,3.140162710161636
3.1427835510122395,6.283185307179586,0.0,0.0,3.1310050049280247,6.283185307179586,1.588426523927119,0.04880745736926884,3.141592653589793,0.0,0.0,0.0,1.6068954177202739,0.0,6.283185307179586,0.0,3.1281603787247807,0.0,0.0,6.283185307179586,1.6033293554206212,3.1245644720722368,4.6887801681527055,3.140162710161636
3.1427835510122395,6.283185307179586,0.0,0.0,3.1310050049280247,6.283185307179586,1.588426523927119,0.04880745736926884,0.0,3.141592653589793,0.0,0.0,1.6068954177202739,0.0,6.283185307179586,0.0,3.1281603787247807,0.0,0.0,6.283185307179586,1.6033293554206212,3.1245644720722368,4.6887801681527055,3.140162710161636
3.1427835510122395,6.283185307179586,0.0,0.0,3.1310050049280247,6.283185307179586,1.588426523927119,0.04880745736926884,0.0,0.0,3.141592653589793,0.0,1.6068954177202739,0.0,6.283185307179586,0.0,3.1281603787247807,0.0,0.0,6.283185307179586,1.6033293554206212,3.1245644720722368,4.6887801681527055,3.140162710161636
3.1427835510122395,6.283185307179586,0.0,0.0,3.1310050049280247,6.283185307179586,1.588426523927119,0.04880745736926884,0.0,0.0,0.0,3.141592653589793,1.6068954177202739,0.0,6.283185307179586,0.0,3.1281603787247807,0.0,0.0,6.283185307179586,1.6033293554206212,3.1245644720722368,4.6887801681527055,3.140162710161636
3.1427835510122395,6.283185307179586,0.0,0.0,3.1310050049280247,6.283185307179586,1.588426523927119,0.04880745736926884,0.0,0.0,0.0,0.0,4.748488071310067,0.0,6.283185307179586,0.0,3.1281603787247807,0.0,0.0,6.283185307179586,1.6033293554206212,3.1245644720722368,4.6887801681527055,3.140162710161636
3.1427835510122395,6.283185307179586,0.0,0.0,3.1310050049280247,6.283185307179586,1.588426523927119,0.04880745736926884,0.0,0.0,0.0,0.0,1.6068954177202739,3.141592653589793,6.283185307179586,0.0,3.1281603787247807,0.0,0.0,6.283185307179586,1.6033293554206212,3.1245644720722368,4.6887801681527055,3.140162710161636
3.1427835510122395,6.283185307179586,0.0,0.0,3.1310050049280247,6.283185307179586,1.588426523927119,0.04880745736926884,0.0,0.0,0.0,0.0,1.6068954177202739,0.0,6.283185307179586,3.141592653589793,3.1281603787247807,0.0,0.0,6.283185307179586,1.6033293554206212,3.1245644720722368,4.6887801681527055,3.140162710161636
3.1427835510122395,6.283185307179586,0.0,0.0,3.1310050049280247,6.283185307179586,1.588426523927119,0.04880745736926884,0.0,0.0,0.0,0.0,1.6068954177202739,0.0,6.283185307179586,0.0,6.269753032314574,0.0,0.0,6.283185307179586,1.6033293554206212,3.1245644720722368,4.6887801681527055,3.140162710161636
3.1427835510122395,6.283185307179586,0.0,0.0,3.1310050049280247,6.283185307179586,1.588426523927119,0.04880745736926884,0.0,0.0,0.0,0.0,1.6068954177202739,0.0,6.283185307179586,0.0,3.1281603787247807,3.141592653589793,0.0,6.283185307179586,1.6033293554206212,3.1245644720722368,4.6887801681527055,3.140162710161636
3.1427835510122395,6.283185307179586,0.0,0.0,3.1310050049280247,6.283185307179586,1.588426523927119,0.04880745736926884,0.0,0.0,0.0,0.0,1.6068954177202739,0.0,6.283185307179586,0.0,3.1281603787247807,0.0,3.141592653589793,6.283185307179586,1.6033293554206212,3.1245644720722368,4.6887801681527055,3.140162710161636
3.1427835510122395,6.283185307179586,0.0,0.0,3.1310050049280247,6.283185307179586,1.588426523927119,0.04880745736926884,0.0,0.0,0.0,0.0,1.6068954177202739,0.0,6.283185307179586,0.0,3.1281603787247807,0.0,0.0,6.283185307179586,4.7449220090104145,3.1245644720722368,4.6887801681527055,3.140162710161636
3.1427835510122395,6.283185307179586,0.0,0.0,3.1310050049280247,6.283185307179586,1.588426523927119,0.04880745736926884,0.0,0.0,0.0,0.0,1.6068954177202739,0.0,6.283185307179586,0.0,3.1281603787247807,0.0,0.0,6.283185307179586,1.6033293554206212,6.26615712566203,4.6887801681527055,3.140162710161636
3.1427835510122395,6.283185307179586,0.0,0.0,3.1310050049280247,6.283185307179586,1.588426523927119,0.04880745736926884,0.0,0.0,0.0,0.0,1.6068954177202739,0.0,6.283185307179586,0.0,3.1281603787247807,0.0,0.0,6.283185307179586,1.6033293554206212,3.1245644720722368,4.6887801681527055,6.281755363751429
0.0011908974224462993,6.283185307179586,0.0,0.0,3.1310050049280247,6.283185307179586,1.588426523927119,0.04880745736926884,0.0,0.0,0.0,0.0,1.6068954177202739,0.0,6.283185307179586,0.0,3.1281603787247807,0.0,0.0,6.283185307179586,1.6033293554206212,3.1245644720722368,4.6887801681527055,3.140162710161636
3.1427835510122395,3.141592653589793,0.0,0.0,3.1310050049280247,6.283185307179586,1.588426523927119,0.04880745736926884,0.0,0.0,0.0,0.0,1.6068954177202739,0.0,6.283185307179586,0.0,3.1281603787247807,0.0,0.0,6.283185307179586,1.6033293554206212,3.1245644720722368,4.6887801681527055,3.140162710161636
3.1427835510122395,6.283185307179586,0.0,0.0,3.1310050049280247,3.141592653589793,1.588426523927119,0.04880745736926884,0.0,0.0,0.0,0.0,1.6068954177202739,0.0,6.283185307179586,0.0,3.1281603787247807,0.0,0.0,6.283185307179586,1.6033293554206212,3.1245644720722368,4.6887801681527055,3.140162710161636
3.1427835510122395,6.283185307179586,0.0,0.0,3.1310050049280247,6.283185307179586,1.588426523927119,0.04880745736926884,0.0,0.0,0.0,0.0,1.6068954177202739,0.0,3.141592653589793,0.0,3.1281603787247807,0.0,0.0,6.283185307179586,1.6033293554206212,3.1245644720722368,4.6887801681527055,3.140162710161636
3.1427835510122395,6.283185307179586,0.0,0.0,3.1310050049280247,6.283185307179586,1.588426523927119,0.04880745736926884,0.0,0.0,0.0,0.0,1.6068954177202739,0.0,6.283185307179586,0.0,3.1281603787247807,0.0,0.0,3.141592653589793,1.6033293554206212,3.1245644720722368,4.6887801681527055,3.140162710161636
3.1427835510122395,6.283185307179586,0.0,0.0,3.1310050049280247,6.283185307179586,1.588426523927119,0.04880745736926884,0.0,0.0,0.0,0.0,1.6068954177202739,0.0,6.283185307179586,0.0,3.1281603787247807,0.0,0.0,6.283185307179586,1.6033293554206212,3.1245644720722368,1.5471875145629124,3.140162710161636
4.713579877807136,6.283185307179586,0.0,0.0,3.1310050049280247,6.283185307179586,1.588426523927119,0.04880745736926884,0.0,0.0,0.0,0.0,1.6068954177202739,0.0,6.283185307179586,0.0,3.1281603787247807,0.0,0.0,6.283185307179586,1.6033293554206212,3.1245644720722368,1.5471875145629124,3.140162710161636
3.1427835510122395,6.283185307179586,1.5707963267948966,0.0,3.1310050049280247,6.283185307179586,1.588426523927119,0.04880745736926884,0.0,0.0,0.0,0.0,1.6068954177202739,0.0,6.283185307179586,0.0,3.1281603787247807,0.0,0.0,6.283185307179586,1.6033293554206212,3.1245644720722368,1.5471875145629124,3.140162710161636
3.1427835510122395,6.283185307179586,0.0,1.5707963267948966,3.1310050049280247,6.283185307179586,1.588426523927119,0.04880745736926884,0.0,0.0,0.0,0.0,1.6068954177202739,0.0,6.283185307179586,0.0,3.1281603787247807,0.0,0.0,6.283185307179586,1.6033293554206212,3.1245644720722368,1.5471875145629124,3.140162710161636
3.1427835510122395,6.283185307179586,0.0,0.0,4.701801331722921,6.283185307179586,1.588426523927119,0.04880745736926884,0.0,0.0,0.0,0.0,1.6068954177202739,0.0,6.283185307179586,0.0,3.1281603787247807,0.0,0.0,6.283185307179586,1.6033293554206212,3.1245644720722368,1.5471875145629124,3.140162710161636
3.1427835510122395,6.283185307179586,0.0,0.0,3.1310050049280247,6.283185307179586,3.1592228507220153,0.04880745736926884,0.0,0.0,0.0,0.0,1.6068954177202739,0.0,6.283185307179586,0.0,3.1281603787247807,0.0,0.0,6.283185307179586,1.6033293554206212,3.1245644720722368,1.5471875145629124,3.140162710161636
3.1427835510122395,6.283185307179586,0.0,0.0,3.1310050049280247,6.283185307179586,1.588426523927119,1.6196037841641655,0.0,0.0,0.0,0.0,1.6068954177202739,0.0,6.283185307179586,0.0,3.1281603787247807,0.0,0.0,6.283185307179586,1.6033293554206212,3.1245644720722368,1.5471875145629124,3.140162710161636
3.1427835510122395,6.283185307179586,0.0,0.0,3.1310050049280247,6.283185307179586,1.588426523927119,0.04880745736926884,1.5707963267948966,0.0,0.0,0.0,1.6068954177202739,0.0,6.283185307179586,0.0,3.1281603787247807,0.0,0.0,6.283185307179586,1.6033293554206212,3.1245644720722368,1.5471875145629124,3.140162710161636
3.1427835510122395,6.283185307179586,0.0,0.0,3.1310050049280247,6.283185307179586,1.588426523927119,0.04880745736926884,0.0,1.5707963267948966,0.0,0.0,1.6068954177202739,0.0,6.283185307179586,0.0,3.1281603787247807,0.0,0.0,6.283185307179586,1.6033293554206212,3.1245644720722368,1.5471875145629124,3.140162710161636
3.1427835510122395,6.283185307179586,0.0,0.0,3.1310050049280247,6.283185307179586,1.588426523927119,0.04880745736926884,0.0,0.0,1.5707963267948966,0.0,1.6068954177202739,0.0,6.283185307179586,0.0,3.1281603787247807,0.0,0.0,6.283185307179586,1.6033293554206212,3.1245644720722368,1.5471875145629124,3.140162710161636
3.1427835510122395,6.283185307179586,0.0,0.0,3.1310050049280247,6.283185307179586,1.588426523927119,0.04880745736926884,0.0,0.0,0.0,1.5707963267948966,1.6068954177202739,0.0,6.283185307179586,0.0,3.1281603787247807,0.0,0.0,6.283185307179586,1.6033293554206212,3.1245644720722368,1.5471875145629124,3.140162710161636
3.1427835510122395,6.283185307179586,0.0,0.0,3.1310050049280247,6.283185307179586,1.588426523927119,0.04880745736926884,0.0,0.0,0.0,0.0,3.1776917445151702,0.0,6.283185307179586,0.0,3.1281603787247807,0.0,0.0,6.283185307179586,1.6033293554206212,3.1245644720722368,1.5471875145629124,3.140162710161636
3.1427835510122395,6.283185307179586,0.0,0.0,3.1310050049280247,6.283185307179586,1.588426523927119,0.04880745736926884,0.0,0.0,0.0,0.0,1.6068954177202739,1.5707963267948966,6.283185307179586,0.0,3.1281603787247807,0.0,0.0,6.283185307179586,1.6033293554206212,3.1245644720722368,1.5471875145629124,3.140162710161636
3.1427835510122395,6.283185307179586,0.0,0.0,3.1310050049280247,6.283185307179586,1.588426523927119,0.04880745736926884,0.0,0.0,0.0,0.0,1.6068954177202739,0.0,6.283185307179586,1.5707963267948966,3.1281603787247807,0.0,0.0,6.283185307179586,1.6033293554206212,3.1245644720722368,1.5471875145629124,3.140162710161636
3.1427835510122395,6.283185307179586,0.0,0.0,3.1310050049280247,6.283185307179586,1.588426523927119,0.04880745736926884,0.0,0.0,0.0,0.0,1.6068954177202739,0.0,6.283185307179586,0.0,4.698956705519677,0.0,0.0,6.283185307179586,1.6033293554206212,3.1245644720722368,1.5471875145629124,3.140162710161636
3.1427835510122395,6.283185307179586,0.0,0.0,3.1310050049280247,6.283185307179586,1.588426523927119,0.04880745736926884,0.0,0.0,0.0,0.0,1.6068954177202739,0.0,6.283185307179586,0.0,3.1281603787247807,1.5707963267948966,0.0,6.283185307179586,1.6033293554206212,3.1245644720722368,1.5471875145629124,3.140162710161636
3.1427835510122395,6.283185307179586,0.0,0.0,3.1310050049280247,6.283185307179586,1.588426523927119,0.04880745736926884,0.0,0.0,0.0,0.0,1.6068954177202739,0.0,6.283185307179586,0.0,3.1281603787247807,0.0,1.5707963267948966,6.283185307179586,1.6033293554206212,3.1245644720722368,1.5471875145629124,3.140162710161636
3.1427835510122395,6.283185307179586,0.0,0.0,3.1310050049280247,6.283185307179586,1.588426523927119,0.04880745736926884,0.0,0.0,0.0,0.0,1.6068954177202739,0.0,6.283185307179586,0.0,3.1281603787247807,0.0,0.0,6.283185307179586,3.1741256822155175,3.1245644720722368,1.5471875145629124,3.140162710161636
3.1427835510122395,6.283185307179586,0.0,0.0,3.1310050049280247,6.283185307179586,1.588426523927119,0.04880745736926884,0.0,0.0,0.0,0.0,1.6068954177202739,0.0,6.283185307179586,0.0,3.1281603787247807,0.0,0.0,6.283185307179586,1.6033293554206212,4.695360798867133,1.5471875145629124,3.140162710161636
3.1427835510122395,6.283185307179586,0.0,0.0,3.1310050049280247,6.283185307179586,1.588426523927119,0.04880745736926884,0.0,0.0,0.0,0.0,1.6068954177202739,0.0,6.283185307179586,0.0,3.1281603787247807,0.0,0.0,6.283185307179586,1.6033293554206212,3.1245644720722368,3.117983841357809,3.140162710161636
3.1427835510122395,6.283185307179586,0.0,0.0,3.1310050049280247,6.283185307179586,1.588426523927119,0.04880745736926884,0.0,0.0,0.0,0.0,1.6068954177202739,0.0,6.283185307179586,0.0,3.1281603787247807,0.0,0.0,6.283185307179586,1.6033293554206212,3.1245644720722368,1.5471875145629124,4.710959036956533
1.571987224217343,6.283185307179586,0.0,0.0,3.1310050049280247,6.283185307179586,1.588426523927119,0.04880745736926884,0.0,0.0,0.0,0.0,1.6068954177202739,0.0,6.283185307179586,0.0,3.1281603787247807,0.0,0.0,6.283185307179586,1.6033293554206212,3.1245644720722368,1.5471875145629124,3.140162710161636
3.1427835510122395,4.71238898038469,0.0,0.0,3.1310050049280247,6.283185307179586,1.588426523927119,0.04880745736926884,0.0,0.0,0.0,0.0,1.6068954177202739,0.0,6.283185307179586,0.0,3.1281603787247807,0.0,0.0,6.283185307179586,1.6033293554206212,3.1245644720722368,1.5471875145629124,3.140162710161636
3.1427835510122395,6.283185307179586,0.0,0.0,1.560208678133128,6.283185307179586,1.588426523927119,0.04880745736926884,0.0,0.0,0.0,0.0,1.6068954177202739,0.0,6.283185307179586,0.0,3.1281603787247807,0.0,0.0,6.283185307179586,1.6033293554206212,3.1245644720722368,1.5471875145629124,3.140162710161636
3.1427835510122395,6.283185307179586,0.0,0.0,3.1310050049280247,4.71238898038469,1.588426523927119,0.04880745736926884,0.0,0.0,0.0,0.0,1.6068954177202739,0.0,6.283185307179586,0.0,3.1281603787247807,0.0,0.0,6.283185307179586,1.6033293554206212,3.1245644720722368,1.5471875145629124,3.140162710161636
3.1427835510122395,6.283185307179586,0.0,0.0,3.1310050049280247,6.283185307179586,0.01763019713222232,0.04880745736926884,0.0,0.0,0.0,0.0,1.6068954177202739,0.0,6.283185307179586,0.0,3.1281603787247807,0.0,0.0,6.283185307179586,1.6033293554206212,3.1245644720722368,1.5471875145629124,3.140162710161636
3.1427835510122395,6.283185307179586,0.0,0.0,3.1310050049280247,6.283185307179586,1.588426523927119,0.04880745736926884,0.0,0.0,0.0,0.0,0.036099090925377324,0.0,6.283185307179586,0.0,3.1281603787247807,0.0,0.0,6.283185307179586,1.6033293554206212,3.1245644720722368,1.5471875145629124,3.140162710161636
3.1427835510122395,6.283185307179586,0.0,0.0,3.1310050049280247,6.283185307179586,1.588426523927119,0.04880745736926884,0.0,0.0,0.0,0.0,1.6068954177202739,0.0,4.71238898038469,0.0,3.1281603787247807,0.0,0.0,6.283185307179586,1.6033293554206212,3.1245644720722368,1.5471875145629124,3.140162710161636
3.1427835510122395,6.283185307179586,0.0,0.0,3.1310050049280247,6.283185307179586,1.588426523927119,0.04880745736926884,0.0,0.0,0.0,0.0,1.6068954177202739,0.0,6.283185307179586,0.0,1.5573640519298841,0.0,0.0,6.283185307179586,1.6033293554206212,3.1245644720722368,1.5471875145629124,3.140162710161636
3.1427835510122395,6.283185307179586,0.0,0.0,3.1310050049280247,6.283185307179586,1.588426523927119,0.04880745736926884,0.0,0.0,0.0,0.0,1.6068954177202739,0.0,6.283185307179586,0.0,3.1281603787247807,0.0,0.0,4.71238898038469,1.6033293554206212,3.1245644720722368,1.5471875145629124,3.140162710161636
3.1427835510122395,6.283185307179586,0.0,0.0,3.1310050049280247,6.283185307179586,1.588426523927119,0.04880745736926884,0.0,0.0,0.0,0.0,1.6068954177202739,0.0,6.283185307179586,0.0,3.1281603787247807,0.0,0.0,6.283185307179586,0.03253302862572454,3.1245644720722368,1.5471875145629124,3.140162710161636
3.1427835510122395,6.283185307179586,0.0,0.0,3.1310050049280247,6.283185307179586,1.588426523927119,0.04880745736926884,0.0,0.0,0.0,0.0,1.6068954177202739,0.0,6.283185307179586,0.0,3.1281603787247807,0.0,0.0,6.283185307179586,1.6033293554206212,1.5537681452773404,1.5471875145629124,3.140162710161636
3.1427835510122395,6.283185307179586,0.0,0.0,3.1310050049280247,6.283185307179586,1.588426523927119,0.04880745736926884,0.0,0.0,0.0,0.0,1.6068954177202739,0.0,6.283185307179586,0.0,3.1281603787247807,0.0,0.0,6.283185307179586,1.6033293554206212,3.1245644720722368,1.5471875145629124,1.5693663833667393
3.193183755058418,6.283185307179586,0.0,0.0,3.173574535694671,6.283185307179586,1.5820866509087013,0.028828279876303826,0.0,0.0,0.0,0.0,1.5633119564120848,0.0,6.283185307179586,0.0,3.1639302090678054,0.0,0.0,6.283185307179586,1.5904430966420864,3.082575066936333,1.4983864189184934,3.145042009197818
3.1679836530353285,6.283185307179586,0.0,0.0,3.1522897703113477,6.283185307179586,1.58525658741791,0.038817868622786335,0.0,0.0,0.0,0.0,1.5851036870661794,0.0,6.283185307179586,0.0,3.146045293896293,0.0,0.0,6.283185307179586,1.5968862260313539,3.103569769504285,1.5227869667407028,3.142602359679727
3.155383602023784,6.283185307179586,0.0,0.0,3.141647387619686,6.283185307179586,1.5868415556725144,0.04381266299602759,0.0,0.0,0.0,0.0,1.5959995523932267,0.0,6.283185307179586,0.0,3.137102836310537,0.0,0.0,6.283185307179586,1.6001077907259875,3.114067120788261,1.5349872406518077,3.141382534920681
3.149083576518012,6.283185307179586,0.0,0.0,3.1363261962738553,6.283185307179586,1.5876340397998165,0.046310060182648216,0.0,0.0,0.0,0.0,1.6014474850567504,0.0,6.283185307179586,0.0,3.132631607517659,0.0,0.0,6.283185307179586,1.6017185730733043,3.119315796430249,1.5410873776073601,3.1407726225411587
4.713579877807136,6.283185307179586,0.0,0.0,3.1310050049280247,6.283185307179586,1.588426523927119,0.04880745736926884,0.0,0.0,0.0,0.0,1.6068954177202739,0.0,6.283185307179586,0.0,3.1281603787247807,0.0,0.0,6.283185307179586,1.6033293554206212,3.1245644720722368,1.5471875145629124,3.140162710161636
3.1427835510122395,6.283185307179586,1.5707963267948966,0.0,3.1310050049280247,6.283185307179586,1.588426523927119,0.04880745736926884,0.0,0.0,0.0,0.0,1.6068954177202739,0.0,6.283185307179586,0.0,3.1281603787247807,0.0,0.0,6.283185307179586,1.6033293554206212,3.1245644720722368,1.5471875145629124,3.140162710161636
3.1427835510122395,6.283185307179586,0.0,1.5707963267948966,3.1310050049280247,6.283185307179586,1.588426523927119,0.04880745736926884,0.0,0.0,0.0,0.0,1.6068954177202739,0.0,6.283185307179586,0.0,3.1281603787247807,0.0,0.0,6.283185307179586,1.6033293554206212,3.1245644720722368,1.5471875145629124,3.140162710161636
3.1427835510122395,6.283185307179586,0.0,0.0,4.701801331722921,6.283185307179586,1.588426523927119,0.04880745736926884,0.0,0.0,0.0,0.0,1.6068954177202739,0.0,6.283185307179586,0.0,3.1281603787247807,0.0,0.0,6.283185307179586,1.6033293554206212,3.1245644720722368,1.5471875145629124,3.140162710161636
3.1427835510122395,6.283185307179586,0.0,0.0,3.1310050049280247,6.283185307179586,3.1592228507220153,0.04880745736926884,0.0,0.0,0.0,0.0,1.6068954177202739,0.0,6.283185307179586,0.0,3.1281603787247807,0.0,0.0,6.283185307179586,1.6033293554206212,3.1245644720722368,1.5471875145629124,3.140162710161636
3.1427835510122395,6.283185307179586,0.0,0.0,3.1310050049280247,6.283185307179586,1.588426523927119,1.6196037841641655,0.0,0.0,0.0,0.0,1.6068954177202739,0.0,6.283185307179586,0.0,3.1281603787247807,0.0,0.0,6.283185307179586,1.6033293554206212,3.1245644720722368,1.5471875145629124,3.140162710161636
3.1427835510122395,6.283185307179586,0.0,0.0,3.1310050049280247,6.283185307179586,1.588426523927119,0.04880745736926884,1.5707963267948966,0.0,0.0,0.0,1.6068954177202739,0.0,6.283185307179586,0.0,3.1281603787247807,0.0,0.0,6.283185307179586,1.6033293554206212,3.1245644720722368,1.5471875145629124,3.140162710161636
3.1427835510122395,6.283185307179586,0.0,0.0,3.1310050049280247,6.283185307179586,1.588426523927119,0.04880745736926884,0.0,1.5707963267948966,0.0,0.0,1.6068954177202739,0.0,6.283185307179586,0.0,3.1281603787247807,0.0,0.0,6.283185307179586,1.6033293554206212,3.1245644720722368,1.5471875145629124,3.140162710161636
3.1427835510122395,6.283185307179586,0.0,0.0,3.1310050049280247,6.283185307179586,1.588426523927119,0.04880745736926884,0.0,0.0,1.5707963267948966,0.0,1.6068954177202739,0.0,6.283185307179586,0.0,3.1281603787247807,0.0,0.0,6.283185307179586,1.6033293554206212,3.1245644720722368,1.5471875145629124,3.140162710161636
3.1427835510122395,6.283185307179586,0.0,0.0,3.1310050049280247,6.283185307179586,1.588426523927119,0.04880745736926884,0.0,0.0,0.0,1.5707963267948966,1.6068954177202739,0.0,6.283185307179586,0.0,3.1281603787247807,0.0,0.0,6.283185307179586,1.6033293554206212,3.1245644720722368,1.5471875145629124,3.140162710161636
3.1427835510122395,6.283185307179586,0.0,0.0,3.1310050049280247,6.283185307179586,1.588426523927119,0.04880745736926884,0.0,0.0,0.0,0.0,3.1776917445151702,0.0,6.283185307179586,0.0,3.1281603787247807,0.0,0.0,6.283185307179586,1.6033293554206212,3.1245644720722368,1.5471875145629124,3.140162710161636
3.1427835510122395,6.283185307179586,0.0,0.0,3.1310050049280247,6.283185307179586,1.588426523927119,0.04880745736926884,0.0,0.0,0.0,0.0,1.6068954177202739,1.5707963267948966,6.283185307179586,0.0,3.1281603787247807,0.0,0.0,6.283185307179586,1.6033293554206212,3.1245644720722368,1.5471875145629124,3.140162710161636
3.1427835510122395,6.283185307179586,0.0,0.0,3.1310050049280247,6.283185307179586,1.588426523927119,0.04880745736926884,0.0,0.0,0.0,0.0,1.6068954177202739,0.0,6.283185307179586,1.5707963267948966,3.1281603787247807,0.0,0.0,6.283185307179586,1.6033293554206212,3.1245644720722368,1.5471875145629124,3.140162710161636
3.1427835510122395,6.283185307179586,0.0,0.0,3.1310050049280247,6.283185307179586,1.588426523927119,0.04880745736926884,0.0,0.0,0.0,0.0,1.6068954177202739,0.0,6.283185307179586,0.0,4.698956705519677,0.0,0.0,6.283185307179586,1.6033293554206212,3.1245644720722368,1.5471875145629124,3.140162710161636
3.1427835510122395,6.283185307179586,0.0,0.0,3.1310050049280247,6.283185307179586,1.588426523927119,0.04880745736926884,0.0,0.0,0.0,0.0,1.6068954177202739,0.0,6.283185307179586,0.0,3.1281603787247807,1.5707963267948966,0.0,6.283185307179586,1.6033293554206212,3.1245644720722368,1.5471875145629124,3.140162710161636
3.1427835510122395,6.283185307179586,0.0,0.0,3.1310050049280247,6.283185307179586,1.588426523927119,0.04880745736926884,0.0,0.0,0.0,0.0,1.6068954177202739,0.0,6.283185307179586,0.0,3.1281603787247807,0.0,1.5707963267948966,6.283185307179586,1.6033293554206212,3.1245644720722368,1.5471875145629124,3.140162710161636
3.1427835510122395,6.283185307179586,0.0,0.0,3.1310050049280247,6.283185307179586,1.588426523927119,0.04880745736926884,0.0,0.0,0.0,0.0,1.6068954177202739,0.0,6.283185307179586,0.0,3.1281603787247807,0.0,0.0,6.283185307179586,3.1741256822155175,3.1245644720722368,1.5471875145629124,3.140162710161636
3.1427835510122395,6.283185307179586,0.0,0.0,3.1310050049280247,6.283185307179586,1.588426523927119,0.04880745736926884,0.0,0.0,0.0,0.0,1.6068954177202739,0.0,6.283185307179586,0.0,3.1281603787247807,0.0,0.0,6.283185307179586,1.6033293554206212,4.695360798867133,1.5471875145629124,3.140162710161636
3.1427835510122395,6.283185307179586,0.0,0.0,3.1310050049280247,6.283185307179586,1.588426523927119,0.04880745736926884,0.0,0.0,0.0,0.0,1.6068954177202739,0.0,6.283185307179586,0.0,3.1281603787247807,0.0,0.0,6.283185307179586,1.6033293554206212,3.1245644720722368,3.117983841357809,3.140162710161636
3.1427835510122395,6.283185307179586,0.0,0.0,3.1310050049280247,6.283185307179586,1.588426523927119,0.04880745736926884,0.0,0.0,0.0,0.0,1.6068954177202739,0.0,6.283185307179586,0.0,3.1281603787247807,0.0,0.0,6.283185307179586,1.6033293554206212,3.1245644720722368,1.5471875145629124,4.710959036956533
1.571987224217343,6.283185307179586,0.0,0.0,3.1310050049280247,6.283185307179586,1.588426523927119,0.04880745736926884,0.0,0.0,0.0,0.0,1.6068954177202739,0.0,6.283185307179586,0.0,3.1281603787247807,0.0,0.0,6.283185307179586,1.6033293554206212,3.1245644720722368,1.5471875145629124,3.140162710161636
3.1427835510122395,4.71238898038469,0.0,0.0,3.1310050049280247,6.283185307179586,1.588426523927119,0.04880745736926884,0.0,0.0,0.0,0.0,1.6068954177202739,0.0,6.283185307179586,0.0,3.1281603787247807,0.0,0.0,6.283185307179586,1.6033293554206212,3.1245644720722368,1.5471875145629124,3.140162710161636
3.1427835510122395,6.283185307179586,0.0,0.0,1.560208678133128,6.283185307179586,1.588426523927119,0.04880745736926884,0.0,0.0,0.0,0.0,1.6068954177202739,0.0,6.283185307179586,0.0,3.1281603787247807,0.0,0.0,6.283185307179586,1.6033293554206212,3.1245644720722368,1.5471875145629124,3.140162710161636
3.1427835510122395,6.283185307179586,0.0,0.0,3.1310050049280247,4.71238898038469,1.588426523927119,0.04880745736926884,0.0,0.0,0.0,0.0,1.6068954177202739,0.0,6.283185307179586,0.0,3.1281603787247807,0.0,0.0,6.283185307179586,1.6033293554206212,3.1245644720722368,1.5471875145629124,3.140162710161636
3.1427835510122395,6.283185307179586,0.0,0.0,3.1310050049280247,6.283185307179586,0.01763019713222232,0.04880745736926884,0.0,0.0,0.0,0.0,1.6068954177202739,0.0,6.283185307179586,0.0,3.1281603787247807,0.0,0.0,6.283185307179586,1.6033293554206212,3.1245644720722368,1.5471875145629124,3.140162710161636
3.1427835510122395,6.283185307179586,0.0,0.0,3.1310050049280247,6.283185307179586,1.588426523927119,0.04880745736926884,0.0,0.0,0.0,0.0,0.036099090925377324,0.0,6.283185307179586,0.0,3.1281603787247807,0.0,0.0,6.283185307179586,1.6033293554206212,3.1245644720722368,1.5471875145629124,3.140162710161636
3.1427835510122395,6.283185307179586,0.0,0.0,3.1310050049280247,6.283185307179586,1.588426523927119,0.04880745736926884,0.0,0.0,0.0,0.0,1.6068954177202739,0.0,4.71238898038469,0.0,3.1281603787247807,0.0,0.0,6.283185307179586,1.6033293554206212,3.1245644720722368,1.5471875145629124,3.140162710161636
3.1427835510122395,6.283185307179586,0.0,0.0,3.1310050049280247,6.283185307179586,1.588426523927119,0.04880745736926884,0.0,0.0,0.0,0.0,1.6068954177202739,0.0,6.283185307179586,0.0,1.5573640519298841,0.0,0.0,6.283185307179586,1.6033293554206212,3.1245644720722368,1.5471875145629124,3.140162710161636
3.1427835510122395,6.283185307179586,0.0,0.0,3.1310050049280247,6.283185307179586,1.588426523927119,0.04880745736926884,0.0,0.0,0.0,0.0,1.6068954177202739,0.0,6.283185307179586,0.0,3.1281603787247807,0.0,0.0,4.71238898038469,1.6033293554206212,3.1245644720722368,1.5471875145629124,3.140162710161636
3.1427835510122395,6.283185307179586,0.0,0.0,3.1310050049280247,6.283185307179586,1.588426523927119,0.04880745736926884,0.0,0.0,0.0,0.0,1.6068954177202739,0.0,6.283185307179586,0.0,3.1281603787247807,0.0,0.0,6.283185307179586,0.03253302862572454,3.1245644720722368,1.5471875145629124,3.140162710161636
3.1427835510122395,6.283185307179586,0.0,0.0,3.1310050049280247,6.283185307179586,1.588426523927119,0.04880745736926884,0.0,0.0,0.0,0.0,1.6068954177202739,0.0,6.283185307179586,0.0,3.1281603787247807,0.0,0.0,6.283185307179586,1.6033293554206212,1.5537681452773404,1.5471875145629124,3.140162710161636
3.1427835510122395,6.283185307179586,0.0,0.0,3.1310050049280247,6.283185307179586,1.588426523927119,0.04880745736926884,0.0,0.0,0.0,0.0,1.6068954177202739,0.0,6.283185307179586,0.0,3.1281603787247807,0.0,0.0,6.283185307179586,1.6033293554206212,3.1245644720722368,1.5471875145629124,1.5693663833667393
3.9281817144096878,6.283185307179586,0.0,0.0,3.1310050049280247,6.283185307179586,1.588426523927119,0.04880745736926884,0.0,0.0,0.0,0.0,0.036099090925377324,0.0,6.283185307179586,0.0,3.1281603787247807,0.0,0.0,6.283185307179586,1.6033293554206212,3.1245644720722368,1.5471875145629124,3.140162710161636
3.1427835510122395,6.283185307179586,0.7853981633974483,0.0,3.1310050049280247,6.283185307179586,1.588426523927119,0.04880745736926884,0.0,0.0,0.0,0.0,0.036099090925377324,0.0,6.283185307179586,0.0,3.1281603787247807,0.0,0.0,6.283185307179586,1.6033293554206212,3.1245644720722368,1.5471875145629124,3.140162710161636
3.1427835510122395,6.283185307179586,0.0,0.7853981633974483,3.1310050049280247,6.283185307179586,1.588426523927119,0.04880745736926884,0.0,0.0,0.0,0.0,0.036099090925377324,0.0,6.283185307179586,0.0,3.1281603787247807,0.0,0.0,6.283185307179586,1.6033293554206212,3.1245644720722368,1.5471875145629124,3.140162710161636
3.1427835510122395,6.283185307179586,0.0,0.0,3.916403168325473,6.283185307179586,1.588426523927119,0.04880745736926884,0.0,0.0,0.0,0.0,0.036099090925377324,0.0,6.283185307179586,0.0,3.1281603787247807,0.0,0.0,6.283185307179586,1.6033293554206212,3.1245644720722368,1.5471875145629124,3.140162710161636
3.1427835510122395,6.283185307179586,0.0,0.0,3.1310050049280247,6.283185307179586,2.373824687324567,0.04880745736926884,0.0,0.0,0.0,0.0,0.036099090925377324,0.0,6.283185307179586,0.0,3.1281603787247807,0.0,0.0,6.283185307179586,1.6033293554206212,3.1245644720722368,1.5471875145629124,3.140162710161636
3.1427835510122395,6.283185307179586,0.0,0.0,3.1310050049280247,6.283185307179586,1.588426523927119,0.8342056207667171,0.0,0.0,0.0,0.0,0.036099090925377324,0.0,6.283185307179586,0.0,3.1281603787247807,0.0,0.0,6.283185307179586,1.6033293554206212,3.1245644720722368,1.5471875145629124,3.140162710161636
3.1427835510122395,6.283185307179586,0.0,0.0,3.1310050049280247,6.283185307179586,1.588426523927119,0.04880745736926884,0.7853981633974483,0.0,0.0,0.0,0.036099090925377324,0.0,6.283185307179586,0.0,3.1281603787247807,0.0,0.0,6.283185307179586,1.6033293554206212,3.1245644720722368,1.5471875145629124,3.140162710161636
3.1427835510122395,6.283185307179586,0.0,0.0,3.1310050049280247,6.283185307179586,1.588426523927119,0.04880745736926884,0.0,0.7853981633974483,0.0,0.0,0.036099090925377324,0.0,6.283185307179586,0.0,3.1281603787247807,0.0,0.0,6.283185307179586,1.6033293554206212,3.1245644720722368,1.5471875145629124,3.140162710161636
3.1427835510122395,6.283185307179586,0.0,0.0,3.1310050049280247,6.283185307179586,1.588426523927119,0.04880745736926884,0.0,0.0,0.7853981633974483,0.0,0.036099090925377324,0.0,6.283185307179586,0.0,3.1281603787247807,0.0,0.0,6.283185307179586,1.6033293554206212,3.1245644720722368,1.5471875145629124,3.140162710161636
3.1427835510122395,6.283185307179586,0.0,0.0,3.1310050049280247,6.283185307179586,1.588426523927119,0.04880745736926884,0.0,0.0,0.0,0.7853981633974483,0.036099090925377324,0.0,6.283185307179586,0.0,3.1281603787247807,0.0,0.0,6.283185307179586,1.6033293554206212,3.1245644720722368,1.5471875145629124,3.140162710161636
3.1427835510122395,6.283185307179586,0.0,0.0,3.1310050049280247,6.283185307179586,1.588426523927119,0.04880745736926884,0.0,0.0,0.0,0.0,0.8214972543228256,0.0,6.283185307179586,0.0,3.1281603787247807,0.0,0.0,6.283185307179586,1.6033293554206212,3.1245644720722368,1.5471875145629124,3.140162710161636
3.1427835510122395,6.283185307179586,0.0,0.0,3.1310050049280247,6.283185307179586,1.588426523927119,0.04880745736926884,0.0,0.0,0.0,0.0,0.036099090925377324,0.7853981633974483,6.283185307179586,0.0,3.1281603787247807,0.0,0.0,6.283185307179586,1.6033293554206212,3.1245644720722368,1.5471875145629124,3.140162710161636
3.1427835510122395,6.283185307179586,0.0,0.0,3.1310050049280247,6.283185307179586,1.588426523927119,0.04880745736926884,0.0,0.0,0.0,0.0,0.036099090925377324,0.0,6.283185307179586,0.7853981633974483,3.1281603787247807,0.0,0.0,6.283185307179586,1.6033293554206212,3.1245644720722368,1.5471875145629124,3.140162710161636
3.1427835510122395,6.283185307179586,0.0,0.0,3.1310050049280247,6.283185307179586,1.588426523927119,0.04880745736926884,0.0,0.0,0.0,0.0,0.036099090925377324,0.0,6.283185307179586,0.0,3.913558542122229,0.0,0.0,6.283185307179586,1.6033293554206212,3.1245644720722368,1.5471875145629124,3.140162710161636
3.1427835510122395,6.283185307179586,0.0,0.0,3.1310050049280247,6.283185307179586,1.588426523927119,0.04880745736926884,0.0,0.0,0.0,0.0,0.036099090925377324,0.0,6.283185307179586,0.0,3.1281603787247807,0.7853981633974483,0.0,6.283185307179586,1.6033293554206212,3.1245644720722368,1.5471875145629124,3.140162710161636
3.1427835510122395,6.283185307179586,0.0,0.0,3.1310050049280247,6.283185307179586,1.588426523927119,0.04880745736926884,0.0,0.0,0.0,0.0,0.036099090925377324,0.0,6.283185307179586,0.0,3.1281603787247807,0.0,0.7853981633974483,6.283185307179586,1.6033293554206212,3.1245644720722368,1.5471875145629124,3.140162710161636
3.1427835510122395,6.283185307179586,0.0,0.0,3.1310050049280247,6.283185307179586,1.588426523927119,0.04880745736926884,0.0,0.0,0.0,0.0,0.036099090925377324,0.0,6.283185307179586,0.0,3.1281603787247807,0.0,0.0,6.283185307179586,2.388727518818069,3.1245644720722368,1.5471875145629124,3.140162710161636
3.1427835510122395,6.283185307179586,0.0,0.0,3.1310050049280247,6.283185307179586,1.588426523927119,0.04880745736926884,0.0,0.0,0.0,0.0,0.036099090925377324,0.0,6.283185307179586,0.0,3.1281603787247807,0.0,0.0,6.283185307179586,1.6033293554206212,3.909962635469685,1.5471875145629124,3.140162710161636
3.1427835510122395,6.283185307179586,0.0,0.0,3.1310050049280247,6.283185307179586,1.588426523927119,0.04880745736926884,0.0,0.0,0.0,0.0,0.036099090925377324,0.0,6.283185307179586,0.0,3.1281603787247807,0.0,0.0,6.283185307179586,1.6033293554206212,3.1245644720722368,2.3325856779603606,3.140162710161636
3.1427835510122395,6.283185307179586,0.0,0.0,3.1310050049280247,6.283185307179586,1.588426523927119,0.04880745736926884,0.0,0.0,0.0,0.0,0.036099090925377324,0.0,6.283185307179586,0.0,3.1281603787247807,0.0,0.0,6.283185307179586,1.6033293554206212,3.1245644720722368,1.5471875145629124,3.9255608735590846
2.357385387614791,6.283185307179586,0.0,0.0,3.1310050049280247,6.283185307179586,1.588426523927119,0.04880745736926884,0.0,0.0,0.0,0.0,0.036099090925377324,0.0,6.283185307179586,0.0,3.1281603787247807,0.0,0.0,6.283185307179586,1.6033293554206212,3.1245644720722368,1.5471875145629124,3.140162710161636
3.1427835510122395,5.497787143782138,0.0,0.0,3.1310050049280247,6.283185307179586,1.588426523927119,0.04880745736926884,0.0,0.0,0.0,0.0,0.036099090925377324,0.0,6.283185307179586,0.0,3.1281603787247807,0.0,0.0,6.283185307179586,1.6033293554206212,3.1245644720722368,1.5471875145629124,3.140162710161636
3.1427835510122395,6.283185307179586,0.0,0.0,2.3456068415305764,6.283185307179586,1.588426523927119,0.04880745736926884,0.0,0.0,0.0,0.0,0.036099090925377324,0.0,6.283185307179586,0.0,3.1281603787247807,0.0,0.0,6.283185307179586,1.6033293554206212,3.1245644720722368,1.5471875145629124,3.140162710161636
3.1427835510122395,6.283185307179586,0.0,0.0,3.1310050049280247,5.497787143782138,1.588426523927119,0.04880745736926884,0.0,0.0,0.0,0.0,0.036099090925377324,0.0,6.283185307179586,0.0,3.1281603787247807,0.0,0.0,6.283185307179586,1.6033293554206212,3.1245644720722368,1.5471875145629124,3.140162710161636
3.1427835510122395,6.283185307179586,0.0,0.0,3.1310050049280247,6.283185307179586,0.8030283605296706,0.04880745736926884,0.0,0.0,0.0,0.0,0.036099090925377324,0.0,6.283185307179586,0.0,3.1281603787247807,0.0,0.0,6.283185307179586,1.6033293554206212,3.1245644720722368,1.5471875145629124,3.140162710161636
3.1427835510122395,6.283185307179586,0.0,0.0,3.1310050049280247,6.283185307179586,1.588426523927119,0.04880745736926884,0.0,0.0,0.0,0.0,0.036099090925377324,0.0,5.497787143782138,0.0,3.1281603787247807,0.0,0.0,6.283185307179586,1.6033293554206212,3.1245644720722368,1.5471875145629124,3.140162710161636
3.1427835510122395,6.283185307179586,0.0,0.0,3.1310050049280247,6.283185307179586,1.588426523927119,0.04880745736926884,0.0,0.0,0.0,0.0,0.036099090925377324,0.0,6.283185307179586,0.0,2.3427622153273324,0.0,0.0,6.283185307179586,1.6033293554206212,3.1245644720722368,1.5471875145629124,3.140162710161636
3.1427835510122395,6.283185307179586,0.0,0.0,3.1310050049280247,6.283185307179586,1.588426523927119,0.04880745736926884,0.0,0.0,0.0,0.0,0.036099090925377324,0.0,6.283185307179586,0.0,3.1281603787247807,0.0,0.0,5.497787143782138,1.6033293554206212,3.1245644720722368,1.5471875145629124,3.140162710161636
3.1427835510122395,6.283185307179586,0.0,0.0,3.1310050049280247,6.283185307179586,1.588426523927119,0.04880745736926884,0.0,0.0,0.0,0.0,0.036099090925377324,0.0,6.283185307179586,0.0,3.1281603787247807,0.0,0.0,6.283185307179586,0.8179311920231728,3.1245644720722368,1.5471875145629124,3.140162710161636
3.1427835510122395,6.283185307179586,0.0,0.0,3.1310050049280247,6.283185307179586,1.588426523927119,0.04880745736926884,0.0,0.0,0.0,0.0,0.036099090925377324,0.0,6.283185307179586,0.0,3.1281603787247807,0.0,0.0,6.283185307179586,1.6033293554206212,2.3391663086747885,1.5471875145629124,3.140162710161636
3.1427835510122395,6.283185307179586,0.0,0.0,3.1310050049280247,6.283185307179586,1.588426523927119,0.04880745736926884,0.0,0.0,0.0,0.0,0.036099090925377324,0.0,6.283185307179586,0.0,3.1281603787247807,0.0,0.0,6.283185307179586,1.6033293554206212,3.1245644720722368,0.7617893511654641,3.140162710161636
3.1427835510122395,6.283185307179586,0.0,0.0,3.1310050049280247,6.283185307179586,1.588426523927119,0.04880745736926884,0.0,0.0,0.0,0.0,0.036099090925377324,0.0,6.283185307179586,0.0,3.1281603787247807,0.0,0.0,6.283185307179586,1.6033293554206212,3.1245644720722368,1.5471875145629124,2.3547645467641876
3.5354826327109636,6.283185307179586,0.0,0.0,3.1310050049280247,6.283185307179586,1.588426523927119,0.04880745736926884,0.0,0.0,0.0,0.0,0.036099090925377324,0.0,6.283185307179586,0.0,3.1281603787247807,0.0,0.0,6.283185307179586,1.6033293554206212,3.1245644720722368,1.5471875145629124,3.140162710161636
3.1427835510122395,6.283185307179586,0.39269908169872414,0.0,3.1310050049280247,6.283185307179586,1.588426523927119,0.04880745736926884,0.0,0.0,0.0,0.0,0.036099090925377324,0.0,6.283185307179586,0.0,3.1281603787247807,0.0,0.0,6.283185307179586,1.6033293554206212,3.1245644720722368,1.5471875145629124,3.140162710161636
3.1427835510122395,6.283185307179586,0.0,0.39269908169872414,3.1310050049280247,6.283185307179586,1.588426523927119,0.04880745736926884,0.0,0.0,0.0,0.0,0.036099090925377324,0.0,6.283185307179586,0.0,3.1281603787247807,0.0,0.0,6.283185307179586,1.6033293554206212,3.1245644720722368,1.5471875145629124,3.140162710161636
3.1427835510122395,6.283185307179586,0.0,0.0,3.523704086626749,6.283185307179586,1.588426523927119,0.04880745736926884,0.0,0.0,0.0,0.0,0.036099090925377324,0.0,6.283185307179586,0.0,3.1281603787247807,0.0,0.0,6.283185307179586,1.6033293554206212,3.1245644720722368,1.5471875145629124,3.140162710161636
3.1427835510122395,6.283185307179586,0.0,0.0,3.1310050049280247,6.283185307179586,1.981125605625843,0.04880745736926884,0.0,0.0,0.0,0.0,0.036099090925377324,0.0,6.283185307179586,0.0,3.1281603787247807,0.0,0.0,6.283185307179586,1.6033293554206212,3.1245644720722368,1.5471875145629124,3.140162710161636
3.1427835510122395,6.283185307179586,0.0,0.0,3.1310050049280247,6.283185307179586,1.588426523927119,0.441506539067993,0.0,0.0,0.0,0.0,0.036099090925377324,0.0,6.283185307179586,0.0,3.1281603787247807,0.0,0.0,6.283185307179586,1.6033293554206212,3.1245644720722368,1.5471875145629124,3.140162710161636
3.1427835510122395,6.283185307179586,0.0,0.0,3.1310050049280247,6.283185307179586,1.588426523927119,0.04880745736926884,0.39269908169872414,0.0,0.0,0.0,0.036099090925377324,0.0,6.283185307179586,0.0,3.1281603787247807,0.0,0.0,6.283185307179586,1.6033293554206212,3.1245644720722368,1.5471875145629124,3.140162710161636
3.1427835510122395,6.283185307179586,0.0,0.0,3.1310050049280247,6.283185307179586,1.588426523927119,0.04880745736926884,0.0,0.39269908169872414,0.0,0.0,0.036099090925377324,0.0,6.283185307179586,0.0,3.1281603787247807,0.0,0.0,6.283185307179586,1.6033293554206212,3.1245644720722368,1.5471875145629124,3.140162710161636
3.1427835510122395,6.283185307179586,0.0,0.0,3.1310050049280247,6.283185307179586,1.588426523927119,0.04880745736926884,0.0,0.0,0.39269908169872414,0.0,0.036099090925377324,0.0,6.283185307179586,0.0,3.1281603787247807,0.0,0.0,6.283185307179586,1.6033293554206212,3.1245644720722368,1.5471875145629124,3.140162710161636
3.1427835510122395,6.283185307179586,0.0,0.0,3.1310050049280247,6.283185307179586,1.588426523927119,0.04880745736926884,0.0,0.0,0.0,0.39269908169872414,0.036099090925377324,0.0,6.283185307179586,0.0,3.1281603787247807,0.0,0.0,6.283185307179586,1.6033293554206212,3.1245644720722368,1.5471875145629124,3.140162710161636
3.1427835510122395,6.283185307179586,0.0,0.0,3.1310050049280247,6.283185307179586,1.588426523927119,0.04880745736926884,0.0,0.0,0.0,0.0,0.42879817262410147,0.0,6.283185307179586,0.0,3.1281603787247807,0.0,0.0,6.283185307179586,1.6033293554206212,3.1245644720722368,1.5471875145629124,3.140162710161636
3.1427835510122395,6.283185307179586,0.0,0.0,3.1310050049280247,6.283185307179586,1.588426523927119,0.04880745736926884,0.0,0.0,0.0,0.0,0.036099090925377324,0.39269908169872414,6.283185307179586,0.0,3.1281603787247807,0.0,0.0,6.283185307179586,1.6033293554206212,3.1245644720722368,1.5471875145629124,3.140162710161636
3.1427835510122395,6.283185307179586,0.0,0.0,3.1310050049280247,6.283185307179586,1.588426523927119,0.04880745736926884,0.0,0.0,0.0,0.0,0.036099090925377324,0.0,6.283185307179586,0.39269908169872414,3.1281603787247807,0.0,0.0,6.283185307179586,1.6033293554206212,3.1245644720722368,1.5471875145629124,3.140162710161636
3.1427835510122395,6.283185307179586,0.0,0.0,3.1310050049280247,6.283185307179586,1.588426523927119,0.04880745736926884,0.0,0.0,0.0,0.0,0.036099090925377324,0.0,6.283185307179586,0.0,3.520859460423505,0.0,0.0,6.283185307179586,1.6033293554206212,3.1245644720722368,1.5471875145629124,3.140162710161636
3.1427835510122395,6.283185307179586,0.0,0.0,3.1310050049280247,6.283185307179586,1.588426523927119,0.04880745736926884,0.0,0.0,0.0,0.0,0.036099090925377324,0.0,6.283185307179586,0.0,3.1281603787247807,0.39269908169872414,0.0,6.283185307179586,1.6033293554206212,3.1245644720722368,1.5471875145629124,3.140162710161636
3.1427835510122395,6.283185307179586,0.0,0.0,3.1310050049280247,6.283185307179586,1.588426523927119,0.04880745736926884,0.0,0.0,0.0,0.0,0.036099090925377324,0.0,6.283185307179586,0.0,3.1281603787247807,0.0,0.39269908169872414,6.283185307179586,1.6033293554206212,3.1245644720722368,1.5471875145629124,3.140162710161636
3.1427835510122395,6.283185307179586,0.0,0.0,3.1310050049280247,6.283185307179586,1.588426523927119,0.04880745736926884,0.0,0.0,0.0,0.0,0.036099090925377324,0.0,6.283185307179586,0.0,3.1281603787247807,0.0,0.0,6.283185307179586,1.9960284371193453,3.1245644720722368,1.5471875145629124,3.140162710161636
3.1427835510122395,6.283185307179586,0.0,0.0,3.1310050049280247,6.283185307179586,1.588426523927119,0.04880745736926884,0.0,0.0,0.0,0.0,0.036099090925377324,0.0,6.283185307179586,0.0,3.1281603787247807,0.0,0.0,6.283185307179586,1.6033293554206212,3.517263553770961,1.5471875145629124,3.140162710161636
3.1427835510122395,6.283185307179586,0.0,0.0,3.1310050049280247,6.283185307179586,1.588426523927119,0.04880745736926884,0.0,0.0,0.0,0.0,0.036099090925377324,0.0,6.283185307179586,0.0,3.1281603787247807,0.0,0.0,6.283185307179586,1.6033293554206212,3.1245644720722368,1.9398865962616365,3.140162710161636
3.1427835510122395,6.283185307179586,0.0,0.0,3.1310050049280247,6.283185307179586,1.588426523927119,0.04880745736926884,0.0,0.0,0.0,0.0,0.036099090925377324,0.0,6.283185307179586,0.0,3.1281603787247807,0.0,0.0,6.283185307179586,1.6033293554206212,3.1245644720722368,1.5471875145629124,3.5328617918603604
2.7500844693135154,6.283185307179586,0.0,0.0,3.1310050049280247,6.283185307179586,1.588426523927119,0.04880745736926884,0.0,0.0,0.0,0.0,0.036099090925377324,0.0,6.283185307179586,0.0,3.1281603787247807,0.0,0.0,6.283185307179586,1.6033293554206212,3.1245644720722368,1.5471875145629124,3.140162710161636
3.1427835510122395,5.890486225480862,0.0,0.0,3.1310050049280247,6.283185307179586,1.588426523927119,0.04880745736926884,0.0,0.0,0.0,0.0,0.036099090925377324,0.0,6.283185307179586,0.0,3.1281603787247807,0.0,0.0,6.283185307179586,1.6033293554206212,3.1245644720722368,1.5471875145629124,3.140162710161636
3.1427835510122395,6.283185307179586,0.0,0.0,2.7383059232293006,6.283185307179586,1.588426523927119,0.04880745736926884,0.0,0.0,0.0,0.0,0.036099090925377324,0.0,6.283185307179586,0.0,3.1281603787247807,0.0,0.0,6.283185307179586,1.6033293554206212,3.1245644720722368,1.5471875145629124,3.140162710161636
3.1427835510122395,6.283185307179586,0.0,0.0,3.1310050049280247,5.890486225480862,1.588426523927119,0.04880745736926884,0.0,0.0,0.0,0.0,0.036099090925377324,0.0,6.283185307179586,0.0,3.1281603787247807,0.0,0.0,6.283185307179586,1.6033293554206212,3.1245644720722368,1.5471875145629124,3.140162710161636
3.1427835510122395,6.283185307179586,0.0,0.0,3.1310050049280247,6.283185307179586,1.1957274422283948,0.04880745736926884,0.0,0.0,0.0,0.0,0.036099090925377324,0.0,6.283185307179586,0.0,3.1281603787247807,0.0,0.0,6.283185307179586,1.6033293554206212,3.1245644720722368,1.5471875145629124,3.140162710161636
3.1427835510122395,6.283185307179586,0.0,0.0,3.1310050049280247,6.283185307179586,1.588426523927119,0.04880745736926884,0.0,0.0,0.0,0.0,0.036099090925377324,0.0,5.890486225480862,0.0,3.1281603787247807,0.0,0.0,6.283185307179586,1.6033293554206212,3.1245644720722368,1.5471875145629124,3.140162710161636
3.1427835510122395,6.283185307179586,0.0,0.0,3.1310050049280247,6.283185307179586,1.588426523927119,0.04880745736926884,0.0,0.0,0.0,0.0,0.036099090925377324,0.0,6.283185307179586,0.0,2.7354612970260566,0.0,0.0,6.283185307179586,1.6033293554206212,3.1245644720722368,1.5471875145629124,3.140162710161636
3.1427835510122395,6.283185307179586,0.0,0.0,3.1310050049280247,6.283185307179586,1.588426523927119,0.04880745736926884,0.0,0.0,0.0,0.0,0.036099090925377324,0.0,6.283185307179586,0.0,3.1281603787247807,0.0,0.0,5.890486225480862,1.6033293554206212,3.1245644720722368,1.5471875145629124,3.140162710161636
3.1427835510122395,6.283185307179586,0.0,0.0,3.1310050049280247,6.283185307179586,1.588426523927119,0.04880745736926884,0.0,0.0,0.0,0.0,0.036099090925377324,0.0,6.283185307179586,0.0,3.1281603787247807,0.0,0.0,6.283185307179586,1.210630273721897,3.1245644720722368,1.5471875145629124,3.140162710161636
3.1427835510122395,6.283185307179586,0.0,0.0,3.1310050049280247,6.283185307179586,1.588426523927119,0.04880745736926884,0.0,0.0,0.0,0.0,0.036099090925377324,0.0,6.283185307179586,0.0,3.1281603787247807,0.0,0.0,6.283185307179586,1.6033293554206212,2.7318653903735126,1.5471875145629124,3.140162710161636
3.1427835510122395,6.283185307179586,0.0,0.0,3.1310050049280247,6.283185307179586,1.588426523927119,0.04880745736926884,0.0,0.0,0.0,0.0,0.036099090925377324,0.0,6.283185307179586,0.0,3.1281603787247807,0.0,0.0,6.283185307179586,1.6033293554206212,3.1245644720722368,1.1544884328641882,3.140162710161636
3.1427835510122395,6.283185307179586,0.0,0.0,3.1310050049280247,6.283185307179586,1.588426523927119,0.04880745736926884,0.0,0.0,0.0,0.0,0.036099090925377324,0.0,6.283185307179586,0.0,3.1281603787247807,0.0,0.0,6.283185307179586,1.6033293554206212,3.1245644720722368,1.5471875145629124,2.7474636284629117
3.3391330918616013,6.283185307179586,0.0,0.0,3.1310050049280247,6.283185307179586,1.588426523927119,0.04880745736926884,0.0,0.0,0.0,0.0,0.036099090925377324,0.0,6.283185307179586,0.0,3.1281603787247807,0.0,0.0,6.283185307179586,1.6033293554206212,3.1245644720722368,1.5471875145629124,3.140162710161636
3.1427835510122395,6.283185307179586,0.19634954084936207,0.0,3.1310050049280247,6.283185307179586,1.588426523927119,0.04880745736926884,0.0,0.0,0.0,0.0,0.036099090925377324,0.0,6.283185307179586,0.0,3.1281603787247807,0.0,0.0,6.283185307179586,1.6033293554206212,3.1245644720722368,1.5471875145629124,3.140162710161636
3.1427835510122395,6.283185307179586,0.0,0.19634954084936207,3.1310050049280247,6.283185307179586,1.588426523927119,0.04880745736926884,0.0,0.0,0.0,0.0,0.036099090925377324,0.0,6.283185307179586,0.0,3.1281603787247807,0.0,0.0,6.283185307179586,1.6033293554206212,3.1245644720722368,1.5471875145629124,3.140162710161636
3.1427835510122395,6.283185307179586,0.0,0.0,3.3273545457773865,6.283185307179586,1.588426523927119,0.04880745736926884,0.0,0.0,0.0,0.0,0.036099090925377324,0.0,6.283185307179586,0.0,3.1281603787247807,0.0,0.0,6.283185307179586,1.6033293554206212,3.1245644720722368,1.5471875145629124,3.140162710161636
3.1427835510122395,6.283185307179586,0.0,0.0,3.1310050049280247,6.283185307179586,1.784776064776481,0.04880745736926884,0.0,0.0,0.0,0.0,0.036099090925377324,0.0,6.283185307179586,0.0,3.1281603787247807,0.0,0.0,6.283185307179586,1.6033293554206212,3.1245644720722368,1.5471875145629124,3.140162710161636
3.1427835510122395,6.283185307179586,0.0,0.0,3.1310050049280247,6.283185307179586,1.588426523927119,0.2451569982186309,0.0,0.0,0.0,0.0,0.036099090925377324,0.0,6.283185307179586,0.0,3.1281603787247807,0.0,0.0,6.283185307179586,1.6033293554206212,3.1245644720722368,1.5471875145629124,3.140162710161636
3.1427835510122395,6.283185307179586,0.0,0.0,3.1310050049280247,6.283185307179586,1.588426523927119,0.04880745736926884,0.19634954084936207,0.0,0.0,0.0,0.036099090925377324,0.0,6.283185307179586,0.0,3.1281603787247807,0.0,0.0,6.283185307179586,1.6033293554206212,3.1245644720722368,1.5471875145629124,3.140162710161636
3.1427835510122395,6.283185307179586,0.0,0.0,3.1310050049280247,6.283185307179586,1.588426523927119,0.04880745736926884,0.0,0.19634954084936207,0.0,0.0,0.036099090925377324,0.0,6.283185307179586,0.0,3.1281603787247807,0.0,0.0,6.283185307179586,1.6033293554206212,3.1245644720722368,1.5471875145629124,3.140162710161636
3.1427835510122395,6.283185307179586,0.0,0.0,3.1310050049280247,6.283185307179586,1.588426523927119,0.04880745736926884,0.0,0.0,0.19634954084936207,0.0,0.036099090925377324,0.0,6.283185307179586,0.0,3.1281603787247807,0.0,0.0,6.283185307179586,1.6033293554206212,3.1245644720722368,1.5471875145629124,3.140162710161636
3.1427835510122395,6.283185307179586,0.0,0.0,3.1310050049280247,6.283185307179586,1.588426523927119,0.04880745736926884,0.0,0.0,0.0,0.19634954084936207,0.036099090925377324,0.0,6.283185307179586,0.0,3.1281603787247807,0.0,0.0,6.283185307179586,1.6033293554206212,3.1245644720722368,1.5471875145629124,3.140162710161636
3.1427835510122395,6.283185307179586,0.0,0.0,3.1310050049280247,6.283185307179586,1.588426523927119,0.04880745736926884,0.0,0.0,0.0,0.0,0.2324486317747394,0.0,6.283185307179586,0.0,3.1281603787247807,0.0,0.0,6.283185307179586,1.6033293554206212,3.1245644720722368,1.5471875145629124,3.140162710161636
3.1427835510122395,6.283185307179586,0.0,0.0,3.1310050049280247,6.283185307179586,1.588426523927119,0.04880745736926884,0.0,0.0,0.0,0.0,0.036099090925377324,0.19634954084936207,6.283185307179586,0.0,3.1281603787247807,0.0,0.0,6.283185307179586,1.6033293554206212,3.1245644720722368,1.5471875145629124,3.140162710161636
3.1427835510122395,6.283185307179586,0.0,0.0,3.1310050049280247,6.283185307179586,1.588426523927119,0.04880745736926884,0.0,0.0,0.0,0.0,0.036099090925377324,0.0,6.283185307179586,0.19634954084936207,3.1281603787247807,0.0,0.0,6.283185307179586,1.6033293554206212,3.1245644720722368,1.5471875145629124,3.140162710161636
3.1427835510122395,6.283185307179586,0.0,0.0,3.1310050049280247,6.283185307179586,1.588426523927119,0.04880745736926884,0.0,0.0,0.0,0.0,0.036099090925377324,0.0,6.283185307179586,0.0,3.3245099195741425,0.0,0.0,6.283185307179586,1.6033293554206212,3.1245644720722368,1.5471875145629124,3.140162710161636
3.1427835510122395,6.283185307179586,0.0,0.0,3.1310050049280247,6.283185307179586,1.588426523927119,0.04880745736926884,0.0,0.0,0.0,0.0,0.036099090925377324,0.0,6.283185307179586,0.0,3.1281603787247807,0.19634954084936207,0.0,6.283185307179586,1.6033293554206212,3.1245644720722368,1.5471875145629124,3.140162710161636
3.1427835510122395,6.283185307179586,0.0,0.0,3.1310050049280247,6.283185307179586,1.588426523927119,0.04880745736926884,0.0,0.0,0.0,0.0,0.036099090925377324,0.0,6.283185307179586,0.0,3.1281603787247807,0.0,0.19634954084936207,6.283185307179586,1.6033293554206212,3.1245644720722368,1.5471875145629124,3.140162710161636
3.1427835510122395,6.283185307179586,0.0,0.0,3.1310050049280247,6.283185307179586,1.588426523927119,0.04880745736926884,0.0,0.0,0.0,0.0,0.036099090925377324,0.0,6.283185307179586,0.0,3.1281603787247807,0.0,0.0,6.283185307179586,1.7996788962699832,3.1245644720722368,1.5471875145629124,3.140162710161636
3.1427835510122395,6.283185307179586,0.0,0.0,3.1310050049280247,6.283185307179586,1.588426523927119,0.04880745736926884,0.0,0.0,0.0,0.0,0.036099090925377324,0.0,6.283185307179586,0.0,3.1281603787247807,0.0,0.0,6.283185307179586,1.6033293554206212,3.320914012921599,1.5471875145629124,3.140162710161636
3.1427835510122395,6.283185307179586,0.0,0.0,3.1310050049280247,6.283185307179586,1.588426523927119,0.04880745736926884,0.0,0.0,0.0,0.0,0.036099090925377324,0.0,6.283185307179586,0.0,3.1281603787247807,0.0,0.0,6.283185307179586,1.6033293554206212,3.1245644720722368,1.7435370554122744,3.140162710161636
3.1427835510122395,6.283185307179586,0.0,0.0,3.1310050049280247,6.283185307179586,1.588426523927119,0.04880745736926884,0.0,0.0,0.0,0.0,0.036099090925377324,0.0,6.283185307179586,0.0,3.1281603787247807,0.0,0.0,6.283185307179586,1.6033293554206212,3.1245644720722368,1.5471875145629124,3.336512251010998
2.946434010162877,6.283185307179586,0.0,0.0,3.1310050049280247,6.283185307179586,1.588426523927119,0.04880745736926884,0.0,0.0,0.0,0.0,0.036099090925377324,0.0,6.283185307179586,0.0,3.1281603787247807,0.0,0.0,6.283185307179586,1.6033293554206212,3.1245644720722368,1.5471875145629124,3.140162710161636
3.1427835510122395,6.086835766330224,0.0,0.0,3.1310050049280247,6.283185307179586,1.588426523927119,0.04880745736926884,0.0,0.0,0.0,0.0,0.036099090925377324,0.0,6.283185307179586,0.0,3.1281603787247807,0.0,0.0,6.283185307179586,1.6033293554206212,3.1245644720722368,1.5471875145629124,3.140162710161636
3.1427835510122395,6.283185307179586,0.0,0.0,2.9346554640786624,6.283185307179586,1.588426523927119,0.04880745736926884,0.0,0.0,0.0,0.0,0.036099090925377324,0.0,6.283185307179586,0.0,3.1281603787247807,0.0,0.0,6.283185307179586,1.6033293554206212,3.1245644720722368,1.5471875145629124,3.140162710161636
3.1427835510122395,6.283185307179586,0.0,0.0,3.1310050049280247,6.086835766330224,1.588426523927119,0.04880745736926884,0.0,0.0,0.0,0.0,0.036099090925377324,0.0,6.283185307179586,0.0,3.1281603787247807,0.0,0.0,6.283185307179586,1.6033293554206212,3.1245644720722368,1.5471875145629124,3.140162710161636
3.1427835510122395,6.283185307179586,0.0,0.0,3.1310050049280247,6.283185307179586,1.3920769830777568,0.04880745736926884,0.0,0.0,0.0,0.0,0.036099090925377324,0.0,6.283185307179586,0.0,3.1281603787247807,0.0,0.0,6.283185307179586,1.6033293554206212,3.1245644720722368,1.5471875145629124,3.140162710161636
3.1427835510122395,6.283185307179586,0.0,0.0,3.1310050049280247,6.283185307179586,1.588426523927119,0.04880745736926884,0.0,0.0,0.0,0.0,0.036099090925377324,0.0,6.086835766330224,0.0,3.1281603787247807,0.0,0.0,6.283185307179586,1.6033293554206212,3.1245644720722368,1.5471875145629124,3.140162710161636
3.1427835510122395,6.283185307179586,0.0,0.0,3.1310050049280247,6.283185307179586,1.588426523927119,0.04880745736926884,0.0,0.0,0.0,0.0,0.036099090925377324,0.0,6.283185307179586,0.0,2.9318108378754184,0.0,0.0,6.283185307179586,1.6033293554206212,3.1245644720722368,1.5471875145629124,3.140162710161636
3.1427835510122395,6.283185307179586,0.0,0.0,3.1310050049280247,6.283185307179586,1.588426523927119,0.04880745736926884,0.0,0.0,0.0,0.0,0.036099090925377324,0.0,6.283185307179586,0.0,3.1281603787247807,0.0,0.0,6.086835766330224,1.6033293554206212,3.1245644720722368,1.5471875145629124,3.140162710161636
3.1427835510122395,6.283185307179586,0.0,0.0,3.1310050049280247,6.283185307179586,1.588426523927119,0.04880745736926884,0.0,0.0,0.0,0.0,0.036099090925377324,0.0,6.283185307179586,0.0,3.1281603787247807,0.0,0.0,6.283185307179586,1.406979814571259,3.1245644720722368,1.5471875145629124,3.140162710161636
3.1427835510122395,6.283185307179586,0.0,0.0,3.1310050049280247,6.283185307179586,1.588426523927119,0.04880745736926884,0.0,0.0,0.0,0.0,0.036099090925377324,0.0,6.283185307179586,0.0,3.1281603787247807,0.0,0.0,6.283185307179586,1.6033293554206212,2.928214931222875,1.5471875145629124,3.140162710161636
3.1427835510122395,6.283185307179586,0.0,0.0,3.1310050049280247,6.283185307179586,1.588426523927119,0.04880745736926884,0.0,0.0,0.0,0.0,0.036099090925377324,0.0,6.283185307179586,0.0,3.1281603787247807,0.0,0.0,6.283185307179586,1.6033293554206212,3.1245644720722368,1.3508379737135503,3.140162710161636
3.1427835510122395,6.283185307179586,0.0,0.0,3.1310050049280247,6.283185307179586,1.588426523927119,0.04880745736926884,0.0,0.0,0.0,0.0,0.036099090925377324,0.0,6.283185307179586,0.0,3.1281603787247807,0.0,0.0,6.283185307179586,1.6033293554206212,3.1245644720722368,1.5471875145629124,2.943813169312274
3.0543199860156585,6.283185307179586,0.0,0.0,3.111545971884064,6.283185307179586,1.7968482674189847,0.0,0.0,0.0,0.0,0.0,0.0,0.0,6.283185307179586,0.0,3.045985185115092,0.0,0.0,6.283185307179586,1.7267534989097058,3.1744251584656316,1.4778880961734477,3.1301217026380073
3.098551768513949,6.283185307179586,0.0,0.0,3.121275488406044,6.283185307179586,1.6926373956730516,0.0,0.0,0.0,0.0,0.0,0.0,0.0,6.283185307179586,0.0,3.0870727819199364,0.0,0.0,6.283185307179586,1.6650414271651635,3.149494815268935,1.5125378053681802,3.1351422063998218
3.1206676597630945,6.283185307179586,0.0,0.0,3.1261402466670343,6.283185307179586,1.6405319598000851,0.0,0.0,0.0,0.0,0.0,0.0,0.0,6.283185307179586,0.0,3.1076165803223583,0.0,0.0,6.283185307179586,1.6341853912928923,3.137029643670586,1.5298626599655463,3.1376524582807286
3.1317256053876665,6.283185307179586,0.0,0.0,3.1285726257975295,6.283185307179586,1.6144792418636023,0.013493755855458823,0.0,0.0,0.0,0.0,0.0,0.0,6.283185307179586,0.0,3.1178884795235695,0.0,0.0,6.283185307179586,1.6187573733567566,3.130797057871411,1.5385250872642293,3.138907584221182
3.3391330918616013,6.283185307179586,0.0,0.0,3.1310050049280247,6.283185307179586,1.588426523927119,0.04880745736926884,0.0,0.0,0.0,0.0,0.036099090925377324,0.0,6.283185307179586,0.0,3.1281603787247807,0.0,0.0,6.283185307179586,1.6033293554206212,3.1245644720722368,1.5471875145629124,3.140162710161636
3.1427835510122395,6.283185307179586,0.19634954084936207,0.0,3.1310050049280247,6.283185307179586,1.588426523927119,0.04880745736926884,0.0,0.0,0.0,0.0,0.036099090925377324,0.0,6.283185307179586,0.0,3.1281603787247807,0.0,0.0,6.283185307179586,1.6033293554206212,3.1245644720722368,1.5471875145629124,3.140162710161636
3.1427835510122395,6.283185307179586,0.0,0.19634954084936207,3.1310050049280247,6.283185307179586,1.588426523927119,0.04880745736926884,0.0,0.0,0.0,0.0,0.036099090925377324,0.0,6.283185307179586,0.0,3.1281603787247807,0.0,0.0,6.283185307179586,1.6033293554206212,3.1245644720722368,1.5471875145629124,3.140162710161636
3.1427835510122395,6.283185307179586,0.0,0.0,3.3273545457773865,6.283185307179586,1.588426523927119,0.04880745736926884,0.0,0.0,0.0,0.0,0.036099090925377324,0.0,6.283185307179586,0.0,3.1281603787247807,0.0,0.0,6.283185307179586,1.6033293554206212,3.1245644720722368,1.5471875145629124,3.140162710161636
3.1427835510122395,6.283185307179586,0.0,0.0,3.1310050049280247,6.283185307179586,1.784776064776481,0.04880745736926884,0.0,0.0,0.0,0.0,0.036099090925377324,0.0,6.283185307179586,0.0,3.1281603787247807,0.0,0.0,6.283185307179586,1.6033293554206212,3.1245644720722368,1.5471875145629124,3.140162710161636
3.1427835510122395,6.283185307179586,0.0,0.0,3.1310050049280247,6.283185307179586,1.588426523927119,0.2451569982186309,0.0,0.0,0.0,0.0,0.036099090925377324,0.0,6.283185307179586,0.0,3.1281603787247807,0.0,0.0,6.283185307179586,1.6033293554206212,3.1245644720722368,1.5471875145629124,3.140162710161636
3.1427835510122395,6.283185307179586,0.0,0.0,3.1310050049280247,6.283185307179586,1.588426523927119,0.04880745736926884,0.19634954084936207,0.0,0.0,0.0,0.036099090925377324,0.0,6.283185307179586,0.0,3.1281603787247807,0.0,0.0,6.283185307179586,1.6033293554206212,3.1245644720722368,1.5471875145629124,3.140162710161636
3.1427835510122395,6.283185307179586,0.0,0.0,3.1310050049280247,6.283185307179586,1.588426523927119,0.04880745736926884,0.0,0.19634954084936207,0.0,0.0,0.036099090925377324,0.0,6.283185307179586,0.0,3.1281603787247807,0.0,0.0,6.283185307179586,1.6033293554206212,3.1245644720722368,1.5471875145629124,3.140162710161636
3.1427835510122395,6.283185307179586,0.0,0.0,3.1310050049280247,6.283185307179586,1.588426523927119,0.04880745736926884,0.0,0.0,0.19634954084936207,0.0,0.036099090925377324,0.0,6.283185307179586,0.0,3.1281603787247807,0.0,0.0,6.283185307179586,1.6033293554206212,3.1245644720722368,1.5471875145629124,3.140162710161636
3.1427835510122395,6.283185307179586,0.0,0.0,3.1310050049280247,6.283185307179586,1.588426523927119,0.04880745736926884,0.0,0.0,0.0,0.19634954084936207,0.036099090925377324,0.0,6.283185307179586,0.0,3.1281603787247807,0.0,0.0,6.283185307179586,1.6033293554206212,3.1245644720722368,1.5471875145629124,3.140162710161636
3.1427835510122395,6.283185307179586,0.0,0.0,3.1310050049280247,6.283185307179586,1.588426523927119,0.04880745736926884,0.0,0.0,0.0,0.0,0.2324486317747394,0.0,6.283185307179586,0.0,3.1281603787247807,0.0,0.0,6.283185307179586,1.6033293554206212,3.1245644720722368,1.5471875145629124,3.140162710161636
3.1427835510122395,6.283185307179586,0.0,0.0,3.1310050049280247,6.283185307179586,1.588426523927119,0.04880745736926884,0.0,0.0,0.0,0.0,0.036099090925377324,0.19634954084936207,6.283185307179586,0.0,3.1281603787247807,0.0,0.0,6.283185307179586,1.6033293554206212,3.1245644720722368,1.5471875145629124,3.140162710161636
3.1427835510122395,6.283185307179586,0.0,0.0,3.1310050049280247,6.283185307179586,1.588426523927119,0.04880745736926884,0.0,0.0,0.0,0.0,0.036099090925377324,0.0,6.283185307179586,0.19634954084936207,3.1281603787247807,0.0,0.0,6.283185307179586,1.6033293554206212,3.1245644720722368,1.5471875145629124,3.140162710161636
3.1427835510122395,6.283185307179586,0.0,0.0,3.1310050049280247,6.283185307179586,1.588426523927119,0.04880745736926884,0.0,0.0,0.0,0.0,0.036099090925377324,0.0,6.283185307179586,0.0,3.3245099195741425,0.0,0.0,6.283185307179586,1.6033293554206212,3.1245644720722368,1.5471875145629124,3.140162710161636
3.1427835510122395,6.283185307179586,0.0,0.0,3.1310050049280247,6.283185307179586,1.588426523927119,0.04880745736926884,0.0,0.0,0.0,0.0,0.036099090925377324,0.0,6.283185307179586,0.0,3.1281603787247807,0.19634954084936207,0.0,6.283185307179586,1.6033293554206212,3.1245644720722368,1.5471875145629124,3.140162710161636
3.1427835510122395,6.283185307179586,0.0,0.0,3.1310050049280247,6.283185307179586,1.588426523927119,0.04880745736926884,0.0,0.0,0.0,0.0,0.036099090925377324,0.0,6.283185307179586,0.0,3.1281603787247807,0.0,0.19634954084936207,6.283185307179586,1.6033293554206212,3.1245644720722368,1.5471875145629124,3.140162710161636
3.1427835510122395,6.283185307179586,0.0,0.0,3.1310050049280247,6.283185307179586,1.588426523927119,0.04880745736926884,0.0,0.0,0.0,0.0,0.036099090925377324,0.0,6.283185307179586,0.0,3.1281603787247807,0.0,0.0,6.283185307179586,1.7996788962699832,3.1245644720722368,1.5471875145629124,3.140162710161636
3.1427835510122395,6.283185307179586,0.0,0.0,3.1310050049280247,6.283185307179586,1.588426523927119,0.04880745736926884,0.0,0.0,0.0,0.0,0.036099090925377324,0.0,6.283185307179586,0.0,3.1281603787247807,0.0,0.0,6.283185307179586,1.6033293554206212,3.320914012921599,1.5471875145629124,3.140162710161636
3.1427835510122395,6.283185307179586,0.0,0.0,3.1310050049280247,6.283185307179586,1.588426523927119,0.04880745736926884,0.0,0.0,0.0,0.0,0.036099090925377324,0.0,6.283185307179586,0.0,3.1281603787247807,0.0,0.0,6.283185307179586,1.6033293554206212,3.1245644720722368,1.7435370554122744,3.140162710161636
3.1427835510122395,6.283185307179586,0.0,0.0,3.1310050049280247,6.283185307179586,1.588426523927119,0.04880745736926884,0.0,0.0,0.0,0.0,0.036099090925377324,0.0,6.283185307179586,0.0,3.1281603787247807,0.0,0.0,6.283185307179586,1.6033293554206212,3.1245644720722368,1.5471875145629124,3.336512251010998
2.946434010162877,6.283185307179586,0.0,0.0,3.1310050049280247,6.283185307179586,1.588426523927119,0.04880745736926884,0.0,0.0,0.0,0.0,0.036099090925377324,0.0,6.283185307179586,0.0,3.1281603787247807,0.0,0.0,6.283185307179586,1.6033293554206212,3.1245644720722368,1.5471875145629124,3.140162710161636
3.1427835510122395,6.086835766330224,0.0,0.0,3.1310050049280247,6.283185307179586,1.588426523927119,0.04880745736926884,0.0,0.0,0.0,0.0,0.036099090925377324,0.0,6.283185307179586,0.0,3.1281603787247807,0.0,0.0,6.283185307179586,1.6033293554206212,3.1245644720722368,1.5471875145629124,3.140162710161636
3.1427835510122395,6.283185307179586,0.0,0.0,2.9346554640786624,6.283185307179586,1.588426523927119,0.04880745736926884,0.0,0.0,0.0,0.0,0.036099090925377324,0.0,6.283185307179586,0.0,3.1281603787247807,0.0,0.0,6.283185307179586,1.6033293554206212,3.1245644720722368,1.5471875145629124,3.140162710161636
3.1427835510122395,6.283185307179586,0.0,0.0,3.1310050049280247,6.086835766330224,1.588426523927119,0.04880745736926884,0.0,0.0,0.0,0.0,0.036099090925377324,0.0,6.283185307179586,0.0,3.1281603787247807,0.0,0.0,6.283185307179586,1.6033293554206212,3.1245644720722368,1.5471875145629124,3.140162710161636
3.1427835510122395,6.283185307179586,0.0,0.0,3.1310050049280247,6.283185307179586,1.3920769830777568,0.04880745736926884,0.0,0.0,0.0,0.0,0.036099090925377324,0.0,6.283185307179586,0.0,3.1281603787247807,0.0,0.0,6.283185307179586,1.6033293554206212,3.1245644720722368,1.5471875145629124,3.140162710161636
3.1427835510122395,6.283185307179586,0.0,0.0,3.1310050049280247,6.283185307179586,1.588426523927119,0.04880745736926884,0.0,0.0,0.0,0.0,0.036099090925377324,0.0,6.086835766330224,0.0,3.1281603787247807,0.0,0.0,6.283185307179586,1.6033293554206212,3.1245644720722368,1.5471875145629124,3.140162710161636
3.1427835510122395,6.283185307179586,0.0,0.0,3.1310050049280247,6.283185307179586,1.588426523927119,0.04880745736926884,0.0,0.0,0.0,0.0,0.036099090925377324,0.0,6.283185307179586,0.0,2.9318108378754184,0.0,0.0,6.283185307179586,1.6033293554206212,3.1245644720722368,1.5471875145629124,3.140162710161636
3.1427835510122395,6.283185307179586,0.0,0.0,3.1310050049280247,6.283185307179586,1.588426523927119,0.04880745736926884,0.0,0.0,0.0,0.0,0.036099090925377324,0.0,6.283185307179586,0.0,3.1281603787247807,0.0,0.0,6.086835766330224,1.6033293554206212,3.1245644720722368,1.5471875145629124,3.140162710161636
3.1427835510122395,6.283185307179586,0.0,0.0,3.1310050049280247,6.283185307179586,1.588426523927119,0.04880745736926884,0.0,0.0,0.0,0.0,0.036099090925377324,0.0,6.283185307179586,0.0,3.1281603787247807,0.0,0.0,6.283185307179586,1.406979814571259,3.1245644720722368,1.5471875145629124,3.140162710161636
3.1427835510122395,6.283185307179586,0.0,0.0,3.1310050049280247,6.283185307179586,1.588426523927119,0.04880745736926884,0.0,0.0,0.0,0.0,0.036099090925377324,0.0,6.283185307179586,0.0,3.1281603787247807,0.0,0.0,6.283185307179586,1.6033293554206212,2.928214931222875,1.5471875145629124,3.140162710161636
3.1427835510122395,6.283185307179586,0.0,0.0,3.1310050049280247,6.283185307179586,1.588426523927119,0.04880745736926884,0.0,0.0,0.0,0.0,0.036099090925377324,0.0,6.283185307179586,0.0,3.1281603787247807,0.0,0.0,6.283185307179586,1.6033293554206212,3.1245644720722368,1.3508379737135503,3.140162710161636
3.1427835510122395,6.283185307179586,0.0,0.0,3.1310050049280247,6.283185307179586,1.588426523927119,0.04880745736926884,0.0,0.0,0.0,0.0,0.036099090925377324,0.0,6.283185307179586,0.0,3.1281603787247807,0.0,0.0,6.283185307179586,1.6033293554206212,3.1245644720722368,1.5471875145629124,2.943813169312274
3.2409583214369206,6.283185307179586,0.0,0.0,3.1310050049280247,6.283185307179586,1.784776064776481,0.04880745736926884,0.0,0.0,0.0,0.0,0.036099090925377324,0.0,6.283185307179586,0.0,3.1281603787247807,0.0,0.0,6.283185307179586,1.6033293554206212,3.1245644720722368,1.5471875145629124,3.140162710161636
3.1427835510122395,6.283185307179586,0.09817477042468103,0.0,3.1310050049280247,6.283185307179586,1.784776064776481,0.04880745736926884,0.0,0.0,0.0,0.0,0.036099090925377324,0.0,6.283185307179586,0.0,3.1281603787247807,0.0,0.0,6.283185307179586,1.6033293554206212,3.1245644720722368,1.5471875145629124,3.140162710161636
3.1427835510122395,6.283185307179586,0.0,0.09817477042468103,3.1310050049280247,6.283185307179586,1.784776064776481,0.04880745736926884,0.0,0.0,0.0,0.0,0.036099090925377324,0.0,6.283185307179586,0.0,3.1281603787247807,0.0,0.0,6.283185307179586,1.6033293554206212,3.1245644720722368,1.5471875145629124,3.140162710161636
3.1427835510122395,6.283185307179586,0.0,0.0,3.2291797753527054,6.283185307179586,1.784776064776481,0.04880745736926884,0.0,0.0,0.0,0.0,0.036099090925377324,0.0,6.283185307179586,0.0,3.1281603787247807,0.0,0.0,6.283185307179586,1.6033293554206212,3.1245644720722368,1.5471875145629124,3.140162710161636
3.1427835510122395,6.283185307179586,0.0,0.0,3.1310050049280247,6.283185307179586,1.882950835201162,0.04880745736926884,0.0,0.0,0.0,0.0,0.036099090925377324,0.0,6.283185307179586,0.0,3.1281603787247807,0.0,0.0,6.283185307179586,1.6033293554206212,3.1245644720722368,1.5471875145629124,3.140162710161636
3.1427835510122395,6.283185307179586,0.0,0.0,3.1310050049280247,6.283185307179586,1.784776064776481,0.14698222779394987,0.0,0.0,0.0,0.0,0.036099090925377324,0.0,6.283185307179586,0.0,3.1281603787247807,0.0,0.0,6.283185307179586,1.6033293554206212,3.1245644720722368,1.5471875145629124,3.140162710161636
3.1427835510122395,6.283185307179586,0.0,0.0,3.1310050049280247,6.283185307179586,1.784776064776481,0.04880745736926884,0.09817477042468103,0.0,0.0,0.0,0.036099090925377324,0.0,6.283185307179586,0.0,3.1281603787247807,0.0,0.0,6.283185307179586,1.6033293554206212,3.1245644720722368,1.5471875145629124,3.140162710161636
3.1427835510122395,6.283185307179586,0.0,0.0,3.1310050049280247,6.283185307179586,1.784776064776481,0.04880745736926884,0.0,0.09817477042468103,0.0,0.0,0.036099090925377324,0.0,6.283185307179586,0.0,3.1281603787247807,0.0,0.0,6.283185307179586,1.6033293554206212,3.1245644720722368,1.5471875145629124,3.140162710161636
3.1427835510122395,6.283185307179586,0.0,0.0,3.1310050049280247,6.283185307179586,1.784776064776481,0.04880745736926884,0.0,0.0,0.09817477042468103,0.0,0.036099090925377324,0.0,6.283185307179586,0.0,3.1281603787247807,0.0,0.0,6.283185307179586,1.6033293554206212,3.1245644720722368,1.5471875145629124,3.140162710161636
3.1427835510122395,6.283185307179586,0.0,0.0,3.1310050049280247,6.283185307179586,1.784776064776481,0.04880745736926884,0.0,0.0,0.0,0.09817477042468103,0.036099090925377324,0.0,6.283185307179586,0.0,3.1281603787247807,0.0,0.0,6.283185307179586,1.6033293554206212,3.1245644720722368,1.5471875145629124,3.140162710161636
3.1427835510122395,6.283185307179586,0.0,0.0,3.1310050049280247,6.283185307179586,1.784776064776481,0.04880745736926884,0.0,0.0,0.0,0.0,0.13427386135005837,0.0,6.283185307179586,0.0,3.1281603787247807,0.0,0.0,6.283185307179586,1.6033293554206212,3.1245644720722368,1.5471875145629124,3.140162710161636
3.1427835510122395,6.283185307179586,0.0,0.0,3.1310050049280247,6.283185307179586,1.784776064776481,0.04880745736926884,0.0,0.0,0.0,0.0,0.036099090925377324,0.09817477042468103,6.283185307179586,0.0,3.1281603787247807,0.0,0.0,6.283185307179586,1.6033293554206212,3.1245644720722368,1.5471875145629124,3.140162710161636
3.1427835510122395,6.283185307179586,0.0,0.0,3.1310050049280247,6.283185307179586,1.784776064776481,0.04880745736926884,0.0,0.0,0.0,0.0,0.036099090925377324,0.0,6.283185307179586,0.09817477042468103,3.1281603787247807,0.0,0.0,6.283185307179586,1.6033293554206212,3.1245644720722368,1.5471875145629124,3.140162710161636
3.1427835510122395,6.283185307179586,0.0,0.0,3.1310050049280247,6.283185307179586,1.784776064776481,0.04880745736926884,0.0,0.0,0.0,0.0,0.036099090925377324,0.0,6.283185307179586,0.0,3.226335149149462,0.0,0.0,6.283185307179586,1.6033293554206212,3.1245644720722368,1.5471875145629124,3.140162710161636
3.1427835510122395,6.283185307179586,0.0,0.0,3.1310050049280247,6.283185307179586,1.784776064776481,0.04880745736926884,0.0,0.0,0.0,0.0,0.036099090925377324,0.0,6.283185307179586,0.0,3.1281603787247807,0.09817477042468103,0.0,6.283185307179586,1.6033293554206212,3.1245644720722368,1.5471875145629124,3.140162710161636
3.1427835510122395,6.283185307179586,0.0,0.0,3.1310050049280247,6.283185307179586,1.784776064776481,0.04880745736926884,0.0,0.0,0.0,0.0,0.036099090925377324,0.0,6.283185307179586,0.0,3.1281603787247807,0.0,0.09817477042468103,6.283185307179586,1.6033293554206212,3.1245644720722368,1.5471875145629124,3.140162710161636
3.1427835510122395,6.283185307179586,0.0,0.0,3.1310050049280247,6.283185307179586,1.784776064776481,0.04880745736926884,0.0,0.0,0.0,0.0,0.036099090925377324,0.0,6.283185307179586,0.0,3.1281603787247807,0.0,0.0,6.283185307179586,1.701504125845302,3.1245644720722368,1.5471875145629124,3.140162710161636
3.1427835510122395,6.283185307179586,0.0,0.0,3.1310050049280247,6.283185307179586,1.784776064776481,0.04880745736926884,0.0,0.0,0.0,0.0,0.036099090925377324,0.0,6.283185307179586,0.0,3.1281603787247807,0.0,0.0,6.283185307179586,1.6033293554206212,3.222739242496918,1.5471875145629124,3.140162710161636
3.1427835510122395,6.283185307179586,0.0,0.0,3.1310050049280247,6.283185307179586,1.784776064776481,0.04880745736926884,0.0,0.0,0.0,0.0,0.036099090925377324,0.0,6.283185307179586,0.0,3.1281603787247807,0.0,0.0,6.283185307179586,1.6033293554206212,3.1245644720722368,1.6453622849875935,3.140162710161636
3.1427835510122395,6.283185307179586,0.0,0.0,3.1310050049280247,6.283185307179586,1.784776064776481,0.04880745736926884,0.0,0.0,0.0,0.0,0.036099090925377324,0.0,6.283185307179586,0.0,3.1281603787247807,0.0,0.0,6.283185307179586,1.6033293554206212,3.1245644720722368,1.5471875145629124,3.2383374805863174
3.0446087805875583,6.283185307179586,0.0,0.0,3.1310050049280247,6.283185307179586,1.784776064776481,0.04880745736926884,0.0,0.0,0.0,0.0,0.036099090925377324,0.0,6.283185307179586,0.0,3.1281603787247807,0.0,0.0,6.283185307179586,1.6033293554206212,3.1245644720722368,1.5471875145629124,3.140162710161636
3.1427835510122395,6.1850105367549055,0.0,0.0,3.1310050049280247,6.283185307179586,1.784776064776481,0.04880745736926884,0.0,0.0,0.0,0.0,0.036099090925377324,0.0,6.283185307179586,0.0,3.1281603787247807,0.0,0.0,6.283185307179586,1.6033293554206212,3.1245644720722368,1.5471875145629124,3.140162710161636
3.1427835510122395,6.283185307179586,0.0,0.0,3.0328302345033435,6.283185307179586,1.784776064776481,0.04880745736926884,0.0,0.0,0.0,0.0,0.036099090925377324,0.0,6.283185307179586,0.0,3.1281603787247807,0.0,0.0,6.283185307179586,1.6033293554206212,3.1245644720722368,1.5471875145629124,3.140162710161636
3.1427835510122395,6.283185307179586,0.0,0.0,3.1310050049280247,6.1850105367549055,1.784776064776481,0.04880745736926884,0.0,0.0,0.0,0.0,0.036099090925377324,0.0,6.283185307179586,0.0,3.1281603787247807,0.0,0.0,6.283185307179586,1.6033293554206212,3.1245644720722368,1.5471875145629124,3.140162710161636
3.1427835510122395,6.283185307179586,0.0,0.0,3.1310050049280247,6.283185307179586,1.6866012943517998,0.04880745736926884,0.0,0.0,0.0,0.0,0.036099090925377324,0.0,6.283185307179586,0.0,3.1281603787247807,0.0,0.0,6.283185307179586,1.6033293554206212,3.1245644720722368,1.5471875145629124,3.140162710161636
3.1427835510122395,6.283185307179586,0.0,0.0,3.1310050049280247,6.283185307179586,1.784776064776481,0.04880745736926884,0.0,0.0,0.0,0.0,0.036099090925377324,0.0,6.1850105367549055,0.0,3.1281603787247807,0.0,0.0,6.283185307179586,1.6033293554206212,3.1245644720722368,1.5471875145629124,3.140162710161636
3.1427835510122395,6.283185307179586,0.0,0.0,3.1310050049280247,6.283185307179586,1.784776064776481,0.04880745736926884,0.0,0.0,0.0,0.0,0.036099090925377324,0.0,6.283185307179586,0.0,3.0299856083000996,0.0,0.0,6.283185307179586,1.6033293554206212,3.1245644720722368,1.5471875145629124,3.140162710161636
3.1427835510122395,6.283185307179586,0.0,0.0,3.1310050049280247,6.283185307179586,1.784776064776481,0.04880745736926884,0.0,0.0,0.0,0.0,0.036099090925377324,0.0,6.283185307179586,0.0,3.1281603787247807,0.0,0.0,6.1850105367549055,1.6033293554206212,3.1245644720722368,1.5471875145629124,3.140162710161636
3.1427835510122395,6.283185307179586,0.0,0.0,3.1310050049280247,6.283185307179586,1.784776064776481,0.04880745736926884,0.0,0.0,0.0,0.0,0.036099090925377324,0.0,6.283185307179586,0.0,3.1281603787247807,0.0,0.0,6.283185307179586,1.50515458499594,3.1245644720722368,1.5471875145629124,3.140162710161636
3.1427835510122395,6.283185307179586,0.0,0.0,3.1310050049280247,6.283185307179586,1.784776064776481,0.04880745736926884,0.0,0.0,0.0,0.0,0.036099090925377324,0.0,6.283185307179586,0.0,3.1281603787247807,0.0,0.0,6.283185307179586,1.6033293554206212,3.026389701647556,1.5471875145629124,3.140162710161636
3.1427835510122395,6.283185307179586,0.0,0.0,3.1310050049280247,6.283185307179586,1.784776064776481,0.04880745736926884,0.0,0.0,0.0,0.0,0.036099090925377324,0.0,6.283185307179586,0.0,3.1281603787247807,0.0,0.0,6.283185307179586,1.6033293554206212,3.1245644720722368,1.4490127441382314,3.140162710161636
3.1427835510122395,6.283185307179586,0.0,0.0,3.1310050049280247,6.283185307179586,1.784776064776481,0.04880745736926884,0.0,0.0,0.0,0.0,0.036099090925377324,0.0,6.283185307179586,0.0,3.1281603787247807,0.0,0.0,6.283185307179586,1.6033293554206212,3.1245644720722368,1.5471875145629124,3.0419879397369547
3.004830585986806,6.283185307179586,0.0,0.0,3.0239165731678415,6.283185307179586,1.6214846230730238,0.0,0.0,0.0,0.0,0.0,0.0,0.0,6.283185307179586,0.0,3.2470633727578195,0.0,0.0,6.283185307179586,1.635182585441691,3.1261594216836674,1.5325243186380966,3.1581999177751867
3.0738070684995225,6.283185307179586,0.0,0.0,3.077460789047933,6.283185307179586,1.7031303439247523,0.0,0.0,0.0,0.0,0.0,0.0,0.0,6.283185307179586,0.0,3.1876118757413,0.0,0.0,6.283185307179586,1.619255970431156,3.125361946877952,1.5398559166005046,3.1491813139684113
3.108295309755881,6.283185307179586,0.0,0.0,3.1042328969879787,6.283185307179586,1.7439532043506165,0.011548929496821955,0.0,0.0,0.0,0.0,0.0,0.0,6.283185307179586,0.0,3.15788612723304,0.0,0.0,6.283185307179586,1.6112926629258888,3.1249632094750943,1.5435217155817085,3.144672012065024
3.1255394303840602,6.283185307179586,0.0,0.0,3.117618950958002,6.283185307179586,1.7643646345635489,0.0301781934330454,0.0,0.0,0.0,0.0,0.012361919681813436,0.0,6.283185307179586,0.0,3.1430232529789106,0.0,0.0,6.283185307179586,1.6073110091732548,3.1247638407736655,1.5453546150723103,3.1424173611133295
3.2409583214369206,6.283185307179586,0.0,0.0,3.1310050049280247,6.283185307179586,1.784776064776481,0.04880745736926884,0.0,0.0,0.0,0.0,0.036099090925377324,0.0,6.283185307179586,0.0,3.1281603787247807,0.0,0.0,6.283185307179586,1.6033293554206212,3.1245644720722368,1.5471875145629124,3.140162710161636
3.1427835510122395,6.283185307179586,0.09817477042468103,0.0,3.1310050049280247,6.283185307179586,1.784776064776481,0.04880745736926884,0.0,0.0,0.0,0.0,0.036099090925377324,0.0,6.283185307179586,0.0,3.1281603787247807,0.0,0.0,6.283185307179586,1.6033293554206212,3.1245644720722368,1.5471875145629124,3.140162710161636
3.1427835510122395,6.283185307179586,0.0,0.09817477042468103,3.1310050049280247,6.283185307179586,1.784776064776481,0.04880745736926884,0.0,0.0,0.0,0.0,0.036099090925377324,0.0,6.283185307179586,0.0,3.1281603787247807,0.0,0.0,6.283185307179586,1.6033293554206212,3.1245644720722368,1.5471875145629124,3.140162710161636
3.1427835510122395,6.283185307179586,0.0,0.0,3.2291797753527054,6.283185307179586,1.784776064776481,0.04880745736926884,0.0,0.0,0.0,0.0,0.036099090925377324,0.0,6.283185307179586,0.0,3.1281603787247807,0.0,0.0,6.283185307179586,1.6033293554206212,3.1245644720722368,1.5471875145629124,3.140162710161636
3.1427835510122395,6.283185307179586,0.0,0.0,3.1310050049280247,6.283185307179586,1.882950835201162,0.04880745736926884,0.0,0.0,0.0,0.0,0.036099090925377324,0.0,6.283185307179586,0.0,3.1281603787247807,0.0,0.0,6.283185307179586,1.6033293554206212,3.1245644720722368,1.5471875145629124,3.140162710161636
3.1427835510122395,6.283185307179586,0.0,0.0,3.1310050049280247,6.283185307179586,1.784776064776481,0.14698222779394987,0.0,0.0,0.0,0.0,0.036099090925377324,0.0,6.283185307179586,0.0,3.1281603787247807,0.0,0.0,6.283185307179586,1.6033293554206212,3.1245644720722368,1.5471875145629124,3.140162710161636
3.1427835510122395,6.283185307179586,0.0,0.0,3.1310050049280247,6.283185307179586,1.784776064776481,0.04880745736926884,0.09817477042468103,0.0,0.0,0.0,0.036099090925377324,0.0,6.283185307179586,0.0,3.1281603787247807,0.0,0.0,6.283185307179586,1.6033293554206212,3.1245644720722368,1.5471875145629124,3.140162710161636
3.1427835510122395,6.283185307179586,0.0,0.0,3.1310050049280247,6.283185307179586,1.784776064776481,0.04880745736926884,0.0,0.09817477042468103,0.0,0.0,0.036099090925377324,0.0,6.283185307179586,0.0,3.1281603787247807,0.0,0.0,6.283185307179586,1.6033293554206212,3.1245644720722368,1.5471875145629124,3.140162710161636
3.1427835510122395,6.283185307179586,0.0,0.0,3.1310050049280247,6.283185307179586,1.784776064776481,0.04880745736926884,0.0,0.0,0.09817477042468103,0.0,0.036099090925377324,0.0,6.283185307179586,0.0,3.1281603787247807,0.0,0.0,6.283185307179586,1.6033293554206212,3.1245644720722368,1.5471875145629124,3.140162710161636
3.1427835510122395,6.283185307179586,0.0,0.0,3.1310050049280247,6.283185307179586,1.784776064776481,0.04880745736926884,0.0,0.0,0.0,0.09817477042468103,0.036099090925377324,0.0,6.283185307179586,0.0,3.1281603787247807,0.0,0.0,6.283185307179586,1.6033293554206212,3.1245644720722368,1.5471875145629124,3.140162710161636
3.1427835510122395,6.283185307179586,0.0,0.0,3.1310050049280247,6.283185307179586,1.784776064776481,0.04880745736926884,0.0,0.0,0.0,0.0,0.13427386135005837,0.0,6.283185307179586,0.0,3.1281603787247807,0.0,0.0,6.283185307179586,1.6033293554206212,3.1245644720722368,1.5471875145629124,3.140162710161636
3.1427835510122395,6.283185307179586,0.0,0.0,3.1310050049280247,6.283185307179586,1.784776064776481,0.04880745736926884,0.0,0.0,0.0,0.0,0.036099090925377324,0.09817477042468103,6.283185307179586,0.0,3.1281603787247807,0.0,0.0,6.283185307179586,1.6033293554206212,3.1245644720722368,1.5471875145629124,3.140162710161636
3.1427835510122395,6.283185307179586,0.0,0.0,3.1310050049280247,6.283185307179586,1.784776064776481,0.04880745736926884,0.0,0.0,0.0,0.0,0.036099090925377324,0.0,6.283185307179586,0.09817477042468103,3.1281603787247807,0.0,0.0,6.283185307179586,1.6033293554206212,3.1245644720722368,1.5471875145629124,3.140162710161636
3.1427835510122395,6.283185307179586,0.0,0.0,3.1310050049280247,6.283185307179586,1.784776064776481,0.04880745736926884,0.0,0.0,0.0,0.0,0.036099090925377324,0.0,6.283185307179586,0.0,3.226335149149462,0.0,0.0,6.283185307179586,1.6033293554206212,3.1245644720722368,1.5471875145629124,3.140162710161636
3.1427835510122395,6.283185307179586,0.0,0.0,3.1310050049280247,6.283185307179586,1.784776064776481,0.04880745736926884,0.0,0.0,0.0,0.0,0.036099090925377324,0.0,6.283185307179586,0.0,3.1281603787247807,0.09817477042468103,0.0,6.283185307179586,1.6033293554206212,3.1245644720722368,1.5471875145629124,3.140162710161636
3.1427835510122395,6.283185307179586,0.0,0.0,3.1310050049280247,6.283185307179586,1.784776064776481,0.04880745736926884,0.0,0.0,0.0,0.0,0.036099090925377324,0.0,6.283185307179586,0.0,3.1281603787247807,0.0,0.09817477042468103,6.283185307179586,1.6033293554206212,3.1245644720722368,1.5471875145629124,3.140162710161636
3.1427835510122395,6.283185307179586,0.0,0.0,3.1310050049280247,6.283185307179586,1.784776064776481,0.04880745736926884,0.0,0.0,0.0,0.0,0.036099090925377324,0.0,6.283185307179586,0.0,3.1281603787247807,0.0,0.0,6.283185307179586,1.701504125845302,3.1245644720722368,1.5471875145629124,3.140162710161636
3.1427835510122395,6.283185307179586,0.0,0.0,3.1310050049280247,6.283185307179586,1.784776064776481,0.04880745736926884,0.0,0.0,0.0,0.0,0.036099090925377324,0.0,6.283185307179586,0.0,3.1281603787247807,0.0,0.0,6.283185307179586,1.6033293554206212,3.222739242496918,1.5471875145629124,3.140162710161636
3.1427835510122395,6.283185307179586,0.0,0.0,3.1310050049280247,6.283185307179586,1.784776064776481,0.04880745736926884,0.0,0.0,0.0,0.0,0.036099090925377324,0.0,6.283185307179586,0.0,3.1281603787247807,0.0,0.0,6.283185307179586,1.6033293554206212,3.1245644720722368,1.6453622849875935,3.140162710161636
3.1427835510122395,6.283185307179586,0.0,0.0,3.1310050049280247,6.283185307179586,1.784776064776481,0.04880745736926884,0.0,0.0,0.0,0.0,0.036099090925377324,0.0,6.283185307179586,0.0,3.1281603787247807,0.0,0.0,6.283185307179586,1.6033293554206212,3.1245644720722368,1.5471875145629124,3.2383374805863174
3.0446087805875583,6.283185307179586,0.0,0.0,3.1310050049280247,6.283185307179586,1.784776064776481,0.04880745736926884,0.0,0.0,0.0,0.0,0.036099090925377324,0.0,6.283185307179586,0.0,3.1281603787247807,0.0,0.0,6.283185307179586,1.6033293554206212,3.1245644720722368,1.5471875145629124,3.140162710161636
3.1427835510122395,6.1850105367549055,0.0,0.0,3.1310050049280247,6.283185307179586,1.784776064776481,0.04880745736926884,0.0,0.0,0.0,0.0,0.036099090925377324,0.0,6.283185307179586,0.0,3.1281603787247807,0.0,0.0,6.283185307179586,1.6033293554206212,3.1245644720722368,1.5471875145629124,3.140162710161636
3.1427835510122395,6.283185307179586,0.0,0.0,3.0328302345033435,6.283185307179586,1.784776064776481,0.04880745736926884,0.0,0.0,0.0,0.0,0.036099090925377324,0.0,6.283185307179586,0.0,3.1281603787247807,0.0,0.0,6.283185307179586,1.6033293554206212,3.1245644720722368,1.5471875145629124,3.140162710161636
3.1427835510122395,6.283185307179586,0.0,0.0,3.1310050049280247,6.1850105367549055,1.784776064776481,0.04880745736926884,0.0,0.0,0.0,0.0,0.036099090925377324,0.0,6.283185307179586,0.0,3.1281603787247807,0.0,0.0,6.283185307179586,1.6033293554206212,3.1245644720722368,1.5471875145629124,3.140162710161636
3.1427835510122395,6.283185307179586,0.0,0.0,3.1310050049280247,6.283185307179586,1.6866012943517998,0.04880745736926884,0.0,0.0,0.0,0.0,0.036099090925377324,0.0,6.283185307179586,0.0,3.1281603787247807,0.0,0.0,6.283185307179586,1.6033293554206212,3.1245644720722368,1.5471875145629124,3.140162710161636
3.1427835510122395,6.283185307179586,0.0,0.0,3.1310050049280247,6.283185307179586,1.784776064776481,0.04880745736926884,0.0,0.0,0.0,0.0,0.036099090925377324,0.0,6.1850105367549055,0.0,3.1281603787247807,0.0,0.0,6.283185307179586,1.6033293554206212,3.1245644720722368,1.5471875145629124,3.140162710161636
3.1427835510122395,6.283185307179586,0.0,0.0,3.1310050049280247,6.283185307179586,1.784776064776481,0.04880745736926884,0.0,0.0,0.0,0.0,0.036099090925377324,0.0,6.283185307179586,0.0,3.0299856083000996,0.0,0.0,6.283185307179586,1.6033293554206212,3.1245644720722368,1.5471875145629124,3.140162710161636
3.1427835510122395,6.283185307179586,0.0,0.0,3.1310050049280247,6.283185307179586,1.784776064776481,0.04880745736926884,0.0,0.0,0.0,0.0,0.036099090925377324,0.0,6.283185307179586,0.0,3.1281603787247807,0.0,0.0,6.1850105367549055,1.6033293554206212,3.1245644720722368,1.5471875145629124,3.140162710161636
3.1427835510122395,6.283185307179586,0.0,0.0,3.1310050049280247,6.283185307179586,1.784776064776481,0.04880745736926884,0.0,0.0,0.0,0.0,0.036099090925377324,0.0,6.283185307179586,0.0,3.1281603787247807,0.0,0.0,6.283185307179586,1.50515458499594,3.1245644720722368,1.5471875145629124,3.140162710161636
3.1427835510122395,6.283185307179586,0.0,0.0,3.1310050049280247,6.283185307179586,1.784776064776481,0.04880745736926884,0.0,0.0,0.0,0.0,0.036099090925377324,0.0,6.283185307179586,0.0,3.1281603787247807,0.0,0.0,6.283185307179586,1.6033293554206212,3.026389701647556,1.5471875145629124,3.140162710161636
3.1427835510122395,6.283185307179586,0.0,0.0,3.1310050049280247,6.283185307179586,1.784776064776481,0.04880745736926884,0.0,0.0,0.0,0.0,0.036099090925377324,0.0,6.283185307179586,0.0,3.1281603787247807,0.0,0.0,6.283185307179586,1.6033293554206212,3.1245644720722368,1.4490127441382314,3.140162710161636
3.1427835510122395,6.283185307179586,0.0,0.0,3.1310050049280247,6.283185307179586,1.784776064776481,0.04880745736926884,0.0,0.0,0.0,0.0,0.036099090925377324,0.0,6.283185307179586,0.0,3.1281603787247807,0.0,0.0,6.283185307179586,1.6033293554206212,3.1245644720722368,1.5471875145629124,3.0419879397369547
3.19187093622458,6.283185307179586,0.0,0.0,3.1310050049280247,6.283185307179586,1.784776064776481,0.04880745736926884,0.0,0.0,0.0,0.0,0.036099090925377324,0.0,6.283185307179586,0.0,3.0299856083000996,0.0,0.0,6.283185307179586,1.6033293554206212,3.1245644720722368,1.5471875145629124,3.140162710161636
3.1427835510122395,6.283185307179586,0.04908738521234052,0.0,3.1310050049280247,6.283185307179586,1.784776064776481,0.04880745736926884,0.0,0.0,0.0,0.0,0.036099090925377324,0.0,6.283185307179586,0.0,3.0299856083000996,0.0,0.0,6.283185307179586,1.6033293554206212,3.1245644720722368,1.5471875145629124,3.140162710161636
3.1427835510122395,6.283185307179586,0.0,0.04908738521234052,3.1310050049280247,6.283185307179586,1.784776064776481,0.04880745736926884,0.0,0.0,0.0,0.0,0.036099090925377324,0.0,6.283185307179586,0.0,3.0299856083000996,0.0,0.0,6.283185307179586,1.6033293554206212,3.1245644720722368,1.5471875145629124,3.140162710161636
3.1427835510122395,6.283185307179586,0.0,0.0,3.180092390140365,6.283185307179586,1.784776064776481,0.04880745736926884,0.0,0.0,0.0,0.0,0.036099090925377324,0.0,6.283185307179586,0.0,3.0299856083000996,0.0,0.0,6.283185307179586,1.6033293554206212,3.1245644720722368,1.5471875145629124,3.140162710161636
3.1427835510122395,6.283185307179586,0.0,0.0,3.1310050049280247,6.283185307179586,1.8338634499888216,0.04880745736926884,0.0,0.0,0.0,0.0,0.036099090925377324,0.0,6.283185307179586,0.0,3.0299856083000996,0.0,0.0,6.283185307179586,1.6033293554206212,3.1245644720722368,1.5471875145629124,3.140162710161636
3.1427835510122395,6.283185307179586,0.0,0.0,3.1310050049280247,6.283185307179586,1.784776064776481,0.09789484258160937,0.0,0.0,0.0,0.0,0.036099090925377324,0.0,6.283185307179586,0.0,3.0299856083000996,0.0,0.0,6.283185307179586,1.6033293554206212,3.1245644720722368,1.5471875145629124,3.140162710161636
3.1427835510122395,6.283185307179586,0.0,0.0,3.1310050049280247,6.283185307179586,1.784776064776481,0.04880745736926884,0.04908738521234052,0.0,0.0,0.0,0.036099090925377324,0.0,6.283185307179586,0.0,3.0299856083000996,0.0,0.0,6.283185307179586,1.6033293554206212,3.1245644720722368,1.5471875145629124,3.140162710161636
3.1427835510122395,6.283185307179586,0.0,0.0,3.1310050049280247,6.283185307179586,1.784776064776481,0.04880745736926884,0.0,0.04908738521234052,0.0,0.0,0.036099090925377324,0.0,6.283185307179586,0.0,3.0299856083000996,0.0,0.0,6.283185307179586,1.6033293554206212,3.1245644720722368,1.5471875145629124,3.140162710161636
3.1427835510122395,6.283185307179586,0.0,0.0,3.1310050049280247,6.283185307179586,1.784776064776481,0.04880745736926884,0.0,0.0,0.04908738521234052,0.0,0.036099090925377324,0.0,6.283185307179586,0.0,3.0299856083000996,0.0,0.0,6.283185307179586,1.6033293554206212,3.1245644720722368,1.5471875145629124,3.140162710161636
3.1427835510122395,6.283185307179586,0.0,0.0,3.1310050049280247,6.283185307179586,1.784776064776481,0.04880745736926884,0.0,0.0,0.0,0.04908738521234052,0.036099090925377324,0.0,6.283185307179586,0.0,3.0299856083000996,0.0,0.0,6.283185307179586,1.6033293554206212,3.1245644720722368,1.5471875145629124,3.140162710161636
3.1427835510122395,6.283185307179586,0.0,0.0,3.1310050049280247,6.283185307179586,1.784776064776481,0.04880745736926884,0.0,0.0,0.0,0.0,0.08518647613771785,0.0,6.283185307179586,0.0,3.0299856083000996,0.0,0.0,6.283185307179586,1.6033293554206212,3.1245644720722368,1.5471875145629124,3.140162710161636
3.1427835510122395,6.283185307179586,0.0,0.0,3.1310050049280247,6.283185307179586,1.784776064776481,0.04880745736926884,0.0,0.0,0.0,0.0,0.036099090925377324,0.04908738521234052,6.283185307179586,0.0,3.0299856083000996,0.0,0.0,6.283185307179586,1.6033293554206212,3.1245644720722368,1.5471875145629124,3.140162710161636
3.1427835510122395,6.283185307179586,0.0,0.0,3.1310050049280247,6.283185307179586,1.784776064776481,0.04880745736926884,0.0,0.0,0.0,0.0,0.036099090925377324,0.0,6.283185307179586,0.04908738521234052,3.0299856083000996,0.0,0.0,6.283185307179586,1.6033293554206212,3.1245644720722368,1.5471875145629124,3.140162710161636
3.1427835510122395,6.283185307179586,0.0,0.0,3.1310050049280247,6.283185307179586,1.784776064776481,0.04880745736926884,0.0,0.0,0.0,0.0,0.036099090925377324,0.0,6.283185307179586,0.0,3.07907299351244,0.0,0.0,6.283185307179586,1.6033293554206212,3.1245644720722368,1.5471875145629124,3.140162710161636
3.1427835510122395,6.283185307179586,0.0,0.0,3.1310050049280247,6.283185307179586,1.784776064776481,0.04880745736926884,0.0,0.0,0.0,0.0,0.036099090925377324,0.0,6.283185307179586,0.0,3.0299856083000996,0.04908738521234052,0.0,6.283185307179586,1.6033293554206212,3.1245644720722368,1.5471875145629124,3.140162710161636
3.1427835510122395,6.283185307179586,0.0,0.0,3.1310050049280247,6.283185307179586,1.784776064776481,0.04880745736926884,0.0,0.0,0.0,0.0,0.036099090925377324,0.0,6.283185307179586,0.0,3.0299856083000996,0.0,0.04908738521234052,6.283185307179586,1.6033293554206212,3.1245644720722368,1.5471875145629124,3.140162710161636
3.1427835510122395,6.283185307179586,0.0,0.0,3.1310050049280247,6.283185307179586,1.784776064776481,0.04880745736926884,0.0,0.0,0.0,0.0,0.036099090925377324,0.0,6.283185307179586,0.0,3.0299856083000996,0.0,0.0,6.283185307179586,1.6524167406329615,3.1245644720722368,1.5471875145629124,3.140162710161636
3.1427835510122395,6.283185307179586,0.0,0.0,3.1310050049280247,6.283185307179586,1.784776064776481,0.04880745736926884,0.0,0.0,0.0,0.0,0.036099090925377324,0.0,6.283185307179586,0.0,3.0299856083000996,0.0,0.0,6.283185307179586,1.6033293554206212,3.1736518572845775,1.5471875145629124,3.140162710161636
3.1427835510122395,6.283185307179586,0.0,0.0,3.1310050049280247,6.283185307179586,1.784776064776481,0.04880745736926884,0.0,0.0,0.0,0.0,0.036099090925377324,0.0,6.283185307179586,0.0,3.0299856083000996,0.0,0.0,6.283185307179586,1.6033293554206212,3.1245644720722368,1.596274899775253,3.140162710161636
3.1427835510122395,6.283185307179586,0.0,0.0,3.1310050049280247,6.283185307179586,1.784776064776481,0.04880745736926884,0.0,0.0,0.0,0.0,0.036099090925377324,0.0,6.283185307179586,0.0,3.0299856083000996,0.0,0.0,6.283185307179586,1.6033293554206212,3.1245644720722368,1.5471875145629124,3.1892500953739766
3.0936961657998987,6.283185307179586,0.0,0.0,3.1310050049280247,6.283185307179586,1.784776064776481,0.04880745736926884,0.0,0.0,0.0,0.0,0.036099090925377324,0.0,6.283185307179586,0.0,3.0299856083000996,0.0,0.0,6.283185307179586,1.6033293554206212,3.1245644720722368,1.5471875145629124,3.140162710161636
3.1427835510122395,6.234097921967246,0.0,0.0,3.1310050049280247,6.283185307179586,1.784776064776481,0.04880745736926884,0.0,0.0,0.0,0.0,0.036099090925377324,0.0,6.283185307179586,0.0,3.0299856083000996,0.0,0.0,6.283185307179586,1.6033293554206212,3.1245644720722368,1.5471875145629124,3.140162710161636
3.1427835510122395,6.283185307179586,0.0,0.0,3.081917619715684,6.283185307179586,1.784776064776481,0.04880745736926884,0.0,0.0,0.0,0.0,0.036099090925377324,0.0,6.283185307179586,0.0,3.0299856083000996,0.0,0.0,6.283185307179586,1.6033293554206212,3.1245644720722368,1.5471875145629124,3.140162710161636
3.1427835510122395,6.283185307179586,0.0,0.0,3.1310050049280247,6.234097921967246,1.784776064776481,0.04880745736926884,0.0,0.0,0.0,0.0,0.036099090925377324,0.0,6.283185307179586,0.0,3.0299856083000996,0.0,0.0,6.283185307179586,1.6033293554206212,3.1245644720722368,1.5471875145629124,3.140162710161636
3.1427835510122395,6.283185307179586,0.0,0.0,3.1310050049280247,6.283185307179586,1.7356886795641404,0.04880745736926884,0.0,0.0,0.0,0.0,0.036099090925377324,0.0,6.283185307179586,0.0,3.0299856083000996,0.0,0.0,6.283185307179586,1.6033293554206212,3.1245644720722368,1.5471875145629124,3.140162710161636
3.1427835510122395,6.283185307179586,0.0,0.0,3.1310050049280247,6.283185307179586,1.784776064776481,0.04880745736926884,0.0,0.0,0.0,0.0,0.036099090925377324,0.0,6.234097921967246,0.0,3.0299856083000996,0.0,0.0,6.283185307179586,1.6033293554206212,3.1245644720722368,1.5471875145629124,3.140162710161636
3.1427835510122395,6.283185307179586,0.0,0.0,3.1310050049280247,6.283185307179586,1.784776064776481,0.04880745736926884,0.0,0.0,0.0,0.0,0.036099090925377324,0.0,6.283185307179586,0.0,2.980898223087759,0.0,0.0,6.283185307179586,1.6033293554206212,3.1245644720722368,1.5471875145629124,3.140162710161636
3.1427835510122395,6.283185307179586,0.0,0.0,3.1310050049280247,6.283185307179586,1.784776064776481,0.04880745736926884,0.0,0.0,0.0,0.0,0.036099090925377324,0.0,6.283185307179586,0.0,3.0299856083000996,0.0,0.0,6.234097921967246,1.6033293554206212,3.1245644720722368,1.5471875145629124,3.140162710161636
3.1427835510122395,6.283185307179586,0.0,0.0,3.1310050049280247,6.283185307179586,1.784776064776481,0.04880745736926884,0.0,0.0,0.0,0.0,0.036099090925377324,0.0,6.283185307179586,0.0,3.0299856083000996,0.0,0.0,6.283185307179586,1.5542419702082806,3.1245644720722368,1.5471875145629124,3.140162710161636
3.1427835510122395,6.283185307179586,0.0,0.0,3.1310050049280247,6.283185307179586,1.784776064776481,0.04880745736926884,0.0,0.0,0.0,0.0,0.036099090925377324,0.0,6.283185307179586,0.0,3.0299856083000996,0.0,0.0,6.283185307179586,1.6033293554206212,3.0754770868598964,1.5471875145629124,3.140162710161636
3.1427835510122395,6.283185307179586,0.0,0.0,3.1310050049280247,6.283185307179586,1.784776064776481,0.04880745736926884,0.0,0.0,0.0,0.0,0.036099090925377324,0.0,6.283185307179586,0.0,3.0299856083000996,0.0,0.0,6.283185307179586,1.6033293554206212,3.1245644720722368,1.4981001293505718,3.140162710161636
3.1427835510122395,6.283185307179586,0.0,0.0,3.1310050049280247,6.283185307179586,1.784776064776481,0.04880745736926884,0.0,0.0,0.0,0.0,0.036099090925377324,0.0,6.283185307179586,0.0,3.0299856083000996,0.0,0.0,6.283185307179586,1.6033293554206212,3.1245644720722368,1.5471875145629124,3.0910753249492955
3.1673272436184097,6.283185307179586,0.0,0.0,3.1310050049280247,6.283185307179586,1.784776064776481,0.04880745736926884,0.0,0.0,0.0,0.0,0.036099090925377324,0.0,6.283185307179586,0.0,3.0299856083000996,0.0,0.0,6.283185307179586,1.6033293554206212,3.1245644720722368,1.5471875145629124,3.140162710161636
3.1427835510122395,6.283185307179586,0.02454369260617026,0.0,3.1310050049280247,6.283185307179586,1.784776064776481,0.04880745736926884,0.0,0.0,0.0,0.0,0.036099090925377324,0.0,6.283185307179586,0.0,3.0299856083000996,0.0,0.0,6.283185307179586,1.6033293554206212,3.1245644720722368,1.5471875145629124,3.140162710161636
3.1427835510122395,6.283185307179586,0.0,0.02454369260617026,3.1310050049280247,6.283185307179586,1.784776064776481,0.04880745736926884,0.0,0.0,0.0,0.0,0.036099090925377324,0.0,6.283185307179586,0.0,3.0299856083000996,0.0,0.0,6.283185307179586,1.6033293554206212,3.1245644720722368,1.5471875145629124,3.140162710161636
3.1427835510122395,6.283185307179586,0.0,0.0,3.155548697534195,6.283185307179586,1.784776064776481,0.04880745736926884,0.0,0.0,0.0,0.0,0.036099090925377324,0.0,6.283185307179586,0.0,3.0299856083000996,0.0,0.0,6.283185307179586,1.6033293554206212,3.1245644720722368,1.5471875145629124,3.140162710161636
3.1427835510122395,6.283185307179586,0.0,0.0,3.1310050049280247,6.283185307179586,1.8093197573826512,0.04880745736926884,0.0,0.0,0.0,0.0,0.036099090925377324,0.0,6.283185307179586,0.0,3.0299856083000996,0.0,0.0,6.283185307179586,1.6033293554206212,3.1245644720722368,1.5471875145629124,3.140162710161636
3.1427835510122395,6.283185307179586,0.0,0.0,3.1310050049280247,6.283185307179586,1.784776064776481,0.07335114997543911,0.0,0.0,0.0,0.0,0.036099090925377324,0.0,6.283185307179586,0.0,3.0299856083000996,0.0,0.0,6.283185307179586,1.6033293554206212,3.1245644720722368,1.5471875145629124,3.140162710161636
3.1427835510122395,6.283185307179586,0.0,0.0,3.1310050049280247,6.283185307179586,1.784776064776481,0.04880745736926884,0.02454369260617026,0.0,0.0,0.0,0.036099090925377324,0.0,6.283185307179586,0.0,3.0299856083000996,0.0,0.0,6.283185307179586,1.6033293554206212,3.1245644720722368,1.5471875145629124,3.140162710161636
3.1427835510122395,6.283185307179586,0.0,0.0,3.1310050049280247,6.283185307179586,1.784776064776481,0.04880745736926884,0.0,0.02454369260617026,0.0,0.0,0.036099090925377324,0.0,6.283185307179586,0.0,3.0299856083000996,0.0,0.0,6.283185307179586,1.6033293554206212,3.1245644720722368,1.5471875145629124,3.140162710161636
3.1427835510122395,6.283185307179586,0.0,0.0,3.1310050049280247,6.283185307179586,1.784776064776481,0.04880745736926884,0.0,0.0,0.02454369260617026,0.0,0.036099090925377324,0.0,6.283185307179586,0.0,3.0299856083000996,0.0,0.0,6.283185307179586,1.6033293554206212,3.1245644720722368,1.5471875145629124,3.140162710161636
3.1427835510122395,6.283185307179586,0.0,0.0,3.1310050049280247,6.283185307179586,1.784776064776481,0.04880745736926884,0.0,0.0,0.0,0.02454369260617026,0.036099090925377324,0.0,6.283185307179586,0.0,3.0299856083000996,0.0,0.0,6.283185307179586,1.6033293554206212,3.1245644720722368,1.5471875145629124,3.140162710161636
3.1427835510122395,6.283185307179586,0.0,0.0,3.1310050049280247,6.283185307179586,1.784776064776481,0.04880745736926884,0.0,0.0,0.0,0.0,0.06064278353154758,0.0,6.283185307179586,0.0,3.0299856083000996,0.0,0.0,6.283185307179586,1.6033293554206212,3.1245644720722368,1.5471875145629124,3.140162710161636
3.1427835510122395,6.283185307179586,0.0,0.0,3.1310050049280247,6.283185307179586,1.784776064776481,0.04880745736926884,0.0,0.0,0.0,0.0,0.036099090925377324,0.02454369260617026,6.283185307179586,0.0,3.0299856083000996,0.0,0.0,6.283185307179586,1.6033293554206212,3.1245644720722368,1.5471875145629124,3.140162710161636
3.1427835510122395,6.283185307179586,0.0,0.0,3.1310050049280247,6.283185307179586,1.784776064776481,0.04880745736926884,0.0,0.0,0.0,0.0,0.036099090925377324,0.0,6.283185307179586,0.02454369260617026,3.0299856083000996,0.0,0.0,6.283185307179586,1.6033293554206212,3.1245644720722368,1.5471875145629124,3.140162710161636
3.1427835510122395,6.283185307179586,0.0,0.0,3.1310050049280247,6.283185307179586,1.784776064776481,0.04880745736926884,0.0,0.0,0.0,0.0,0.036099090925377324,0.0,6.283185307179586,0.0,3.0545293009062697,0.0,0.0,6.283185307179586,1.6033293554206212,3.1245644720722368,1.5471875145629124,3.140162710161636
3.1427835510122395,6.283185307179586,0.0,0.0,3.1310050049280247,6.283185307179586,1.784776064776481,0.04880745736926884,0.0,0.0,0.0,0.0,0.036099090925377324,0.0,6.283185307179586,0.0,3.0299856083000996,0.02454369260617026,0.0,6.283185307179586,1.6033293554206212,3.1245644720722368,1.5471875145629124,3.140162710161636
3.1427835510122395,6.283185307179586,0.0,0.0,3.1310050049280247,6.283185307179586,1.784776064776481,0.04880745736926884,0.0,0.0,0.0,0.0,0.036099090925377324,0.0,6.283185307179586,0.0,3.0299856083000996,0.0,0.02454369260617026,6.283185307179586,1.6033293554206212,3.1245644720722368,1.5471875145629124,3.140162710161636
3.1427835510122395,6.283185307179586,0.0,0.0,3.1310050049280247,6.283185307179586,1.784776064776481,0.04880745736926884,0.0,0.0,0.0,0.0,0.036099090925377324,0.0,6.283185307179586,0.0,3.0299856083000996,0.0,0.0,6.283185307179586,1.6278730480267913,3.1245644720722368,1.5471875145629124,3.140162710161636
3.1427835510122395,6.283185307179586,0.0,0.0,3.1310050049280247,6.283185307179586,1.784776064776481,0.04880745736926884,0.0,0.0,0.0,0.0,0.036099090925377324,0.0,6.283185307179586,0.0,3.0299856083000996,0.0,0.0,6.283185307179586,1.6033293554206212,3.1491081646784074,1.5471875145629124,3.140162710161636
3.1427835510122395,6.283185307179586,0.0,0.0,3.1310050049280247,6.283185307179586,1.784776064776481,0.04880745736926884,0.0,0.0,0.0,0.0,0.036099090925377324,0.0,6.283185307179586,0.0,3.0299856083000996,0.0,0.0,6.283185307179586,1.6033293554206212,3.1245644720722368,1.5717312071690828,3.140162710161636
3.1427835510122395,6.283185307179586,0.0,0.0,3.1310050049280247,6.283185307179586,1.784776064776481,0.04880745736926884,0.0,0.0,0.0,0.0,0.036099090925377324,0.0,6.283185307179586,0.0,3.0299856083000996,0.0,0.0,6.283185307179586,1.6033293554206212,3.1245644720722368,1.5471875145629124,3.1647064027678065
3.1182398584060693,6.283185307179586,0.0,0.0,3.1310050049280247,6.283185307179586,1.784776064776481,0.04880745736926884,0.0,0.0,0.0,0.0,0.036099090925377324,0.0,6.283185307179586,0.0,3.0299856083000996,0.0,0.0,6.283185307179586,1.6033293554206212,3.1245644720722368,1.5471875145629124,3.140162710161636
3.1427835510122395,6.258641614573416,0.0,0.0,3.1310050049280247,6.283185307179586,1.784776064776481,0.04880745736926884,0.0,0.0,0.0,0.0,0.036099090925377324,0.0,6.283185307179586,0.0,3.0299856083000996,0.0,0.0,6.283185307179586,1.6033293554206212,3.1245644720722368,1.5471875145629124,3.140162710161636
3.1427835510122395,6.283185307179586,0.0,0.0,3.1064613123218545,6.283185307179586,1.784776064776481,0.04880745736926884,0.0,0.0,0.0,0.0,0.036099090925377324,0.0,6.283185307179586,0.0,3.0299856083000996,0.0,0.0,6.283185307179586,1.6033293554206212,3.1245644720722368,1.5471875145629124,3.140162710161636
3.1427835510122395,6.283185307179586,0.0,0.0,3.1310050049280247,6.258641614573416,1.784776064776481,0.04880745736926884,0.0,0.0,0.0,0.0,0.036099090925377324,0.0,6.283185307179586,0.0,3.0299856083000996,0.0,0.0,6.283185307179586,1.6033293554206212,3.1245644720722368,1.5471875145629124,3.140162710161636
3.1427835510122395,6.283185307179586,0.0,0.0,3.1310050049280247,6.283185307179586,1.7602323721703106,0.04880745736926884,0.0,0.0,0.0,0.0,0.036099090925377324,0.0,6.283185307179586,0.0,3.0299856083000996,0.0,0.0,6.283185307179586,1.6033293554206212,3.1245644720722368,1.5471875145629124,3.140162710161636
3.1427835510122395,6.283185307179586,0.0,0.0,3.1310050049280247,6.283185307179586,1.784776064776481,0.024263764763098588,0.0,0.0,0.0,0.0,0.036099090925377324,0.0,6.283185307179586,0.0,3.0299856083000996,0.0,0.0,6.283185307179586,1.6033293554206212,3.1245644720722368,1.5471875145629124,3.140162710161636
3.1427835510122395,6.283185307179586,0.0,0.0,3.1310050049280247,6.283185307179586,1.784776064776481,0.04880745736926884,0.0,0.0,0.0,0.0,0.011555398319207068,0.0,6.283185307179586,0.0,3.0299856083000996,0.0,0.0,6.283185307179586,1.6033293554206212,3.1245644720722368,1.5471875145629124,3.140162710161636
3.1427835510122395,6.283185307179586,0.0,0.0,3.1310050049280247,6.283185307179586,1.784776064776481,0.04880745736926884,0.0,0.0,0.0,0.0,0.036099090925377324,0.0,6.258641614573416,0.0,3.0299856083000996,0.0,0.0,6.283185307179586,1.6033293554206212,3.1245644720722368,1.5471875145629124,3.140162710161636
3.1427835510122395,6.283185307179586,0.0,0.0,3.1310050049280247,6.283185307179586,1.784776064776481,0.04880745736926884,0.0,0.0,0.0,0.0,0.036099090925377324,0.0,6.283185307179586,0.0,3.0054419156939294,0.0,0.0,6.283185307179586,1.6033293554206212,3.1245644720722368,1.5471875145629124,3.140162710161636
3.1427835510122395,6.283185307179586,0.0,0.0,3.1310050049280247,6.283185307179586,1.784776064776481,0.04880745736926884,0.0,0.0,0.0,0.0,0.036099090925377324,0.0,6.283185307179586,0.0,3.0299856083000996,0.0,0.0,6.258641614573416,1.6033293554206212,3.1245644720722368,1.5471875145629124,3.140162710161636
3.1427835510122395,6.283185307179586,0.0,0.0,3.1310050049280247,6.283185307179586,1.784776064776481,0.04880745736926884,0.0,0.0,0.0,0.0,0.036099090925377324,0.0,6.283185307179586,0.0,3.0299856083000996,0.0,0.0,6.283185307179586,1.5787856628144508,3.1245644720722368,1.5471875145629124,3.140162710161636
3.1427835510122395,6.283185307179586,0.0,0.0,3.1310050049280247,6.283185307179586,1.784776064776481,0.04880745736926884,0.0,0.0,0.0,0.0,0.036099090925377324,0.0,6.283185307179586,0.0,3.0299856083000996,0.0,0.0,6.283185307179586,1.6033293554206212,3.1000207794660666,1.5471875145629124,3.140162710161636
3.1427835510122395,6.283185307179586,0.0,0.0,3.1310050049280247,6.283185307179586,1.784776064776481,0.04880745736926884,0.0,0.0,0.0,0.0,0.036099090925377324,0.0,6.283185307179586,0.0,3.0299856083000996,0.0,0.0,6.283185307179586,1.6033293554206212,3.1245644720722368,1.5226438219567422,3.140162710161636
3.1427835510122395,6.283185307179586,0.0,0.0,3.1310050049280247,6.283185307179586,1.784776064776481,0.04880745736926884,0.0,0.0,0.0,0.0,0.036099090925377324,0.0,6.283185307179586,0.0,3.0299856083000996,0.0,0.0,6.283185307179586,1.6033293554206212,3.1245644720722368,1.5471875145629124,3.1156190175554657
