3.141592653589793,3.141592653589793,4.71238898038469,4.71238898038469,0.0,4.71238898038469,0.0,4.71238898038469,0.0,0.0,4.71238898038469,4.71238898038469,1.5707963267948966,1.5707963267948966,0.0,4.71238898038469,3.141592653589793,3.141592653589793,1.5707963267948966,0.0,4.71238898038469,3.141592653589793,0.0,1.5707963267948966
6.283185307179586,3.141592653589793,4.71238898038469,4.71238898038469,0.0,4.71238898038469,0.0,4.71238898038469,0.0,0.0,4.71238898038469,4.71238898038469,1.5707963267948966,1.5707963267948966,0.0,4.71238898038469,3.141592653589793,3.141592653589793,1.5707963267948966,0.0,4.71238898038469,3.141592653589793,0.0,1.5707963267948966
3.141592653589793,6.283185307179586,4.71238898038469,4.71238898038469,0.0,4.71238898038469,0.0,4.71238898038469,0.0,0.0,4.71238898038469,4.71238898038469,1.5707963267948966,1.5707963267948966,0.0,4.71238898038469,3.141592653589793,3.141592653589793,1.5707963267948966,0.0,4.71238898038469,3.141592653589793,0.0,1.5707963267948966
3.141592653589793,3.141592653589793,4.71238898038469,4.71238898038469,3.141592653589793,4.71238898038469,0.0,4.71238898038469,0.0,0.0,4.71238898038469,4.71238898038469,1.5707963267948966,1.5707963267948966,0.0,4.71238898038469,3.141592653589793,3.141592653589793,1.5707963267948966,0.0,4.71238898038469,3.141592653589793,0.0,1.5707963267948966
3.141592653589793,3.141592653589793,4.71238898038469,4.71238898038469,0.0,4.71238898038469,3.141592653589793,4.71238898038469,0.0,0.0,4.71238898038469,4.71238898038469,1.5707963267948966,1.5707963267948966,0.0,4.71238898038469,3.141592653589793,3.141592653589793,1.5707963267948966,0.0,4.71238898038469,3.141592653589793,0.0,1.5707963267948966
3.141592653589793,3.141592653589793,4.71238898038469,4.71238898038469,0.0,4.71238898038469,0.0,4.71238898038469,3.141592653589793,0.0,4.71238898038469,4.71238898038469,1.5707963267948966,1.5707963267948966,0.0,4.71238898038469,3.141592653589793,3.141592653589793,1.5707963267948966,0.0,4.71238898038469,3.141592653589793,0.0,1.5707963267948966
3.141592653589793,3.141592653589793,4.71238898038469,4.71238898038469,0.0,4.71238898038469,0.0,4.71238898038469,0.0,3.141592653589793,4.71238898038469,4.71238898038469,1.5707963267948966,1.5707963267948966,0.0,4.71238898038469,3.141592653589793,3.141592653589793,1.5707963267948966,0.0,4.71238898038469,3.141592653589793,0.0,1.5707963267948966
3.141592653589793,3.141592653589793,4.71238898038469,4.71238898038469,0.0,4.71238898038469,0.0,4.71238898038469,0.0,0.0,4.71238898038469,4.71238898038469,4.71238898038469,1.5707963267948966,0.0,4.71238898038469,3.141592653589793,3.141592653589793,1.5707963267948966,0.0,4.71238898038469,3.141592653589793,0.0,1.5707963267948966
3.141592653589793,3.141592653589793,4.71238898038469,4.71238898038469,0.0,4.71238898038469,0.0,4.71238898038469,0.0,0.0,4.71238898038469,4.71238898038469,1.5707963267948966,4.71238898038469,0.0,4.71238898038469,3.141592653589793,3.141592653589793,1.5707963267948966,0.0,4.71238898038469,3.141592653589793,0.0,1.5707963267948966
3.141592653589793,3.141592653589793,4.71238898038469,4.71238898038469,0.0,4.71238898038469,0.0,4.71238898038469,0.0,0.0,4.71238898038469,4.71238898038469,1.5707963267948966,1.5707963267948966,3.141592653589793,4.71238898038469,3.141592653589793,3.141592653589793,1.5707963267948966,0.0,4.71238898038469,3.141592653589793,0.0,1.5707963267948966
3.141592653589793,3.141592653589793,4.71238898038469,4.71238898038469,0.0,4.71238898038469,0.0,4.71238898038469,0.0,0.0,4.71238898038469,4.71238898038469,1.5707963267948966,1.5707963267948966,0.0,4.71238898038469,6.283185307179586,3.141592653589793,1.5707963267948966,0.0,4.71238898038469,3.141592653589793,0.0,1.5707963267948966
3.141592653589793,3.141592653589793,4.71238898038469,4.71238898038469,0.0,4.71238898038469,0.0,4.71238898038469,0.0,0.0,4.71238898038469,4.71238898038469,1.5707963267948966,1.5707963267948966,0.0,4.71238898038469,3.141592653589793,6.283185307179586,1.5707963267948966,0.0,4.71238898038469,3.141592653589793,0.0,1.5707963267948966
3.141592653589793,3.141592653589793,4.71238898038469,4.71238898038469,0.0,4.71238898038469,0.0,4.71238898038469,0.0,0.0,4.71238898038469,4.71238898038469,1.5707963267948966,1.5707963267948966,0.0,4.71238898038469,3.141592653589793,3.141592653589793,4.71238898038469,0.0,4.71238898038469,3.141592653589793,0.0,1.5707963267948966
3.141592653589793,3.141592653589793,4.71238898038469,4.71238898038469,0.0,4.71238898038469,0.0,4.71238898038469,0.0,0.0,4.71238898038469,4.71238898038469,1.5707963267948966,1.5707963267948966,0.0,4.71238898038469,3.141592653589793,3.141592653589793,1.5707963267948966,3.141592653589793,4.71238898038469,3.141592653589793,0.0,1.5707963267948966
3.141592653589793,3.141592653589793,4.71238898038469,4.71238898038469,0.0,4.71238898038469,0.0,4.71238898038469,0.0,0.0,4.71238898038469,4.71238898038469,1.5707963267948966,1.5707963267948966,0.0,4.71238898038469,3.141592653589793,3.141592653589793,1.5707963267948966,0.0,4.71238898038469,6.283185307179586,0.0,1.5707963267948966
3.141592653589793,3.141592653589793,4.71238898038469,4.71238898038469,0.0,4.71238898038469,0.0,4.71238898038469,0.0,0.0,4.71238898038469,4.71238898038469,1.5707963267948966,1.5707963267948966,0.0,4.71238898038469,3.141592653589793,3.141592653589793,1.5707963267948966,0.0,4.71238898038469,3.141592653589793,3.141592653589793,1.5707963267948966
3.141592653589793,3.141592653589793,4.71238898038469,4.71238898038469,0.0,4.71238898038469,0.0,4.71238898038469,0.0,0.0,4.71238898038469,4.71238898038469,1.5707963267948966,1.5707963267948966,0.0,4.71238898038469,3.141592653589793,3.141592653589793,1.5707963267948966,0.0,4.71238898038469,3.141592653589793,0.0,4.71238898038469
0.0,3.141592653589793,4.71238898038469,4.71238898038469,0.0,4.71238898038469,0.0,4.71238898038469,0.0,0.0,4.71238898038469,4.71238898038469,1.5707963267948966,1.5707963267948966,0.0,4.71238898038469,3.141592653589793,3.141592653589793,1.5707963267948966,0.0,4.71238898038469,3.141592653589793,0.0,1.5707963267948966
3.141592653589793,0.0,4.71238898038469,4.71238898038469,0.0,4.71238898038469,0.0,4.71238898038469,0.0,0.0,4.71238898038469,4.71238898038469,1.5707963267948966,1.5707963267948966,0.0,4.71238898038469,3.141592653589793,3.141592653589793,1.5707963267948966,0.0,4.71238898038469,3.141592653589793,0.0,1.5707963267948966
3.141592653589793,3.141592653589793,1.5707963267948966,4.71238898038469,0.0,4.71238898038469,0.0,4.71238898038469,0.0,0.0,4.71238898038469,4.71238898038469,1.5707963267948966,1.5707963267948966,0.0,4.71238898038469,3.141592653589793,3.141592653589793,1.5707963267948966,0.0,4.71238898038469,3.141592653589793,0.0,1.5707963267948966
3.141592653589793,3.141592653589793,4.71238898038469,1.5707963267948966,0.0,4.71238898038469,0.0,4.71238898038469,0.0,0.0,4.71238898038469,4.71238898038469,1.5707963267948966,1.5707963267948966,0.0,4.71238898038469,3.141592653589793,3.141592653589793,1.5707963267948966,0.0,4.71238898038469,3.141592653589793,0.0,1.5707963267948966
3.141592653589793,3.141592653589793,4.71238898038469,4.71238898038469,0.0,1.5707963267948966,0.0,4.71238898038469,0.0,0.0,4.71238898038469,4.71238898038469,1.5707963267948966,1.5707963267948966,0.0,4.71238898038469,3.141592653589793,3.141592653589793,1.5707963267948966,0.0,4.71238898038469,3.141592653589793,0.0,1.5707963267948966
3.141592653589793,3.141592653589793,4.71238898038469,4.71238898038469,0.0,4.71238898038469,0.0,1.5707963267948966,0.0,0.0,4.71238898038469,4.71238898038469,1.5707963267948966,1.5707963267948966,0.0,4.71238898038469,3.141592653589793,3.141592653589793,1.5707963267948966,0.0,4.71238898038469,3.141592653589793,0.0,1.5707963267948966
3.141592653589793,3.141592653589793,4.71238898038469,4.71238898038469,0.0,4.71238898038469,0.0,4.71238898038469,0.0,0.0,1.5707963267948966,4.71238898038469,1.5707963267948966,1.5707963267948966,0.0,4.71238898038469,3.141592653589793,3.141592653589793,1.5707963267948966,0.0,4.71238898038469,3.141592653589793,0.0,1.5707963267948966
3.141592653589793,3.141592653589793,4.71238898038469,4.71238898038469,0.0,4.71238898038469,0.0,4.71238898038469,0.0,0.0,4.71238898038469,1.5707963267948966,1.5707963267948966,1.5707963267948966,0.0,4.71238898038469,3.141592653589793,3.141592653589793,1.5707963267948966,0.0,4.71238898038469,3.141592653589793,0.0,1.5707963267948966
3.141592653589793,3.141592653589793,4.71238898038469,4.71238898038469,0.0,4.71238898038469,0.0,4.71238898038469,0.0,0.0,4.71238898038469,4.71238898038469,1.5707963267948966,1.5707963267948966,0.0,1.5707963267948966,3.141592653589793,3.141592653589793,1.5707963267948966,0.0,4.71238898038469,3.141592653589793,0.0,1.5707963267948966
3.141592653589793,3.141592653589793,4.71238898038469,4.71238898038469,0.0,4.71238898038469,0.0,4.71238898038469,0.0,0.0,4.71238898038469,4.71238898038469,1.5707963267948966,1.5707963267948966,0.0,4.71238898038469,0.0,3.141592653589793,1.5707963267948966,0.0,4.71238898038469,3.141592653589793,0.0,1.5707963267948966
3.141592653589793,3.141592653589793,4.71238898038469,4.71238898038469,0.0,4.71238898038469,0.0,4.71238898038469,0.0,0.0,4.71238898038469,4.71238898038469,1.5707963267948966,1.5707963267948966,0.0,4.71238898038469,3.141592653589793,0.0,1.5707963267948966,0.0,4.71238898038469,3.141592653589793,0.0,1.5707963267948966
3.141592653589793,3.141592653589793,4.71238898038469,4.71238898038469,0.0,4.71238898038469,0.0,4.71238898038469,0.0,0.0,4.71238898038469,4.71238898038469,1.5707963267948966,1.5707963267948966,0.0,4.71238898038469,3.141592653589793,3.141592653589793,1.5707963267948966,0.0,1.5707963267948966,3.141592653589793,0.0,1.5707963267948966
3.141592653589793,3.141592653589793,4.71238898038469,4.71238898038469,0.0,4.71238898038469,0.0,4.71238898038469,0.0,0.0,4.71238898038469,4.71238898038469,1.5707963267948966,1.5707963267948966,0.0,4.71238898038469,3.141592653589793,3.141592653589793,1.5707963267948966,0.0,4.71238898038469,0.0,0.0,1.5707963267948966
3.145869738317657,3.146754543565676,6.283185307179586,6.283185307179586,0.0,4.673026841488393,0.0,6.283185307179586,0.0,0.0,6.283185307179586,6.283185307179586,1.545169069293602,1.5985053280475616,0.0,6.283185307179586,3.1463618136377947,3.1410688101720488,0.0,0.0,4.749652948835801,3.155229621401776,0.034058168278900305,1.6012914447985307
3.143731195953725,3.144173598577735,6.0128189190051256,5.960980774813457,0.0,4.692707910936541,0.0,5.980524276720192,0.0,0.0,6.114749335259929,6.021034980984896,1.5579826980442493,1.5846508274212292,0.0,5.956326650682771,3.143977233613794,3.1413307318809207,0.3027829718478497,0.0,4.731020964610246,3.148411137495785,0.017029084139450153,1.5860438857967136
3.142661924771759,3.142883126083764,5.362603949694908,5.336684877599073,0.0,4.702548445660615,0.0,5.346456628552441,0.0,0.0,5.41356915782231,5.3667119806847925,1.5643895124195728,1.5777235771080629,0.0,5.33435781553373,3.1427849436017934,3.1414616927353567,0.9367896493213731,0.0,4.721704972497467,3.145001895542789,0.008514542069725076,1.578420106295805
3.142127289180776,3.142237889836778,5.037496465039799,5.024536928991882,0.0,4.707468713022652,0.0,5.029422804468565,0.0,0.0,5.062979069103499,5.039550480534742,1.5675929196072347,1.5742599519514795,0.0,5.02337339795921,3.1421887985957935,3.141527173162575,1.2537929880581349,0.0,4.717046976441079,3.1432972745662906,0.004257271034862538,1.5746082165453508
6.283185307179586,3.141592653589793,4.71238898038469,4.71238898038469,0.0,4.71238898038469,0.0,4.71238898038469,0.0,0.0,4.71238898038469,4.71238898038469,1.5707963267948966,1.5707963267948966,0.0,4.71238898038469,3.141592653589793,3.141592653589793,1.5707963267948966,0.0,4.71238898038469,3.141592653589793,0.0,1.5707963267948966
3.141592653589793,6.283185307179586,4.71238898038469,4.71238898038469,0.0,4.71238898038469,0.0,4.71238898038469,0.0,0.0,4.71238898038469,4.71238898038469,1.5707963267948966,1.5707963267948966,0.0,4.71238898038469,3.141592653589793,3.141592653589793,1.5707963267948966,0.0,4.71238898038469,3.141592653589793,0.0,1.5707963267948966
3.141592653589793,3.141592653589793,4.71238898038469,4.71238898038469,3.141592653589793,4.71238898038469,0.0,4.71238898038469,0.0,0.0,4.71238898038469,4.71238898038469,1.5707963267948966,1.5707963267948966,0.0,4.71238898038469,3.141592653589793,3.141592653589793,1.5707963267948966,0.0,4.71238898038469,3.141592653589793,0.0,1.5707963267948966
3.141592653589793,3.141592653589793,4.71238898038469,4.71238898038469,0.0,4.71238898038469,3.141592653589793,4.71238898038469,0.0,0.0,4.71238898038469,4.71238898038469,1.5707963267948966,1.5707963267948966,0.0,4.71238898038469,3.141592653589793,3.141592653589793,1.5707963267948966,0.0,4.71238898038469,3.141592653589793,0.0,1.5707963267948966
3.141592653589793,3.141592653589793,4.71238898038469,4.71238898038469,0.0,4.71238898038469,0.0,4.71238898038469,3.141592653589793,0.0,4.71238898038469,4.71238898038469,1.5707963267948966,1.5707963267948966,0.0,4.71238898038469,3.141592653589793,3.141592653589793,1.5707963267948966,0.0,4.71238898038469,3.141592653589793,0.0,1.5707963267948966
3.141592653589793,3.141592653589793,4.71238898038469,4.71238898038469,0.0,4.71238898038469,0.0,4.71238898038469,0.0,3.141592653589793,4.71238898038469,4.71238898038469,1.5707963267948966,1.5707963267948966,0.0,4.71238898038469,3.141592653589793,3.141592653589793,1.5707963267948966,0.0,4.71238898038469,3.141592653589793,0.0,1.5707963267948966
3.141592653589793,3.141592653589793,4.71238898038469,4.71238898038469,0.0,4.71238898038469,0.0,4.71238898038469,0.0,0.0,4.71238898038469,4.71238898038469,4.71238898038469,1.5707963267948966,0.0,4.71238898038469,3.141592653589793,3.141592653589793,1.5707963267948966,0.0,4.71238898038469,3.141592653589793,0.0,1.5707963267948966
3.141592653589793,3.141592653589793,4.71238898038469,4.71238898038469,0.0,4.71238898038469,0.0,4.71238898038469,0.0,0.0,4.71238898038469,4.71238898038469,1.5707963267948966,4.71238898038469,0.0,4.71238898038469,3.141592653589793,3.141592653589793,1.5707963267948966,0.0,4.71238898038469,3.141592653589793,0.0,1.5707963267948966
3.141592653589793,3.141592653589793,4.71238898038469,4.71238898038469,0.0,4.71238898038469,0.0,4.71238898038469,0.0,0.0,4.71238898038469,4.71238898038469,1.5707963267948966,1.5707963267948966,3.141592653589793,4.71238898038469,3.141592653589793,3.141592653589793,1.5707963267948966,0.0,4.71238898038469,3.141592653589793,0.0,1.5707963267948966
3.141592653589793,3.141592653589793,4.71238898038469,4.71238898038469,0.0,4.71238898038469,0.0,4.71238898038469,0.0,0.0,4.71238898038469,4.71238898038469,1.5707963267948966,1.5707963267948966,0.0,4.71238898038469,6.283185307179586,3.141592653589793,1.5707963267948966,0.0,4.71238898038469,3.141592653589793,0.0,1.5707963267948966
3.141592653589793,3.141592653589793,4.71238898038469,4.71238898038469,0.0,4.71238898038469,0.0,4.71238898038469,0.0,0.0,4.71238898038469,4.71238898038469,1.5707963267948966,1.5707963267948966,0.0,4.71238898038469,3.141592653589793,6.283185307179586,1.5707963267948966,0.0,4.71238898038469,3.141592653589793,0.0,1.5707963267948966
3.141592653589793,3.141592653589793,4.71238898038469,4.71238898038469,0.0,4.71238898038469,0.0,4.71238898038469,0.0,0.0,4.71238898038469,4.71238898038469,1.5707963267948966,1.5707963267948966,0.0,4.71238898038469,3.141592653589793,3.141592653589793,4.71238898038469,0.0,4.71238898038469,3.141592653589793,0.0,1.5707963267948966
3.141592653589793,3.141592653589793,4.71238898038469,4.71238898038469,0.0,4.71238898038469,0.0,4.71238898038469,0.0,0.0,4.71238898038469,4.71238898038469,1.5707963267948966,1.5707963267948966,0.0,4.71238898038469,3.141592653589793,3.141592653589793,1.5707963267948966,3.141592653589793,4.71238898038469,3.141592653589793,0.0,1.5707963267948966
3.141592653589793,3.141592653589793,4.71238898038469,4.71238898038469,0.0,4.71238898038469,0.0,4.71238898038469,0.0,0.0,4.71238898038469,4.71238898038469,1.5707963267948966,1.5707963267948966,0.0,4.71238898038469,3.141592653589793,3.141592653589793,1.5707963267948966,0.0,4.71238898038469,6.283185307179586,0.0,1.5707963267948966
3.141592653589793,3.141592653589793,4.71238898038469,4.71238898038469,0.0,4.71238898038469,0.0,4.71238898038469,0.0,0.0,4.71238898038469,4.71238898038469,1.5707963267948966,1.5707963267948966,0.0,4.71238898038469,3.141592653589793,3.141592653589793,1.5707963267948966,0.0,4.71238898038469,3.141592653589793,3.141592653589793,1.5707963267948966
3.141592653589793,3.141592653589793,4.71238898038469,4.71238898038469,0.0,4.71238898038469,0.0,4.71238898038469,0.0,0.0,4.71238898038469,4.71238898038469,1.5707963267948966,1.5707963267948966,0.0,4.71238898038469,3.141592653589793,3.141592653589793,1.5707963267948966,0.0,4.71238898038469,3.141592653589793,0.0,4.71238898038469
0.0,3.141592653589793,4.71238898038469,4.71238898038469,0.0,4.71238898038469,0.0,4.71238898038469,0.0,0.0,4.71238898038469,4.71238898038469,1.5707963267948966,1.5707963267948966,0.0,4.71238898038469,3.141592653589793,3.141592653589793,1.5707963267948966,0.0,4.71238898038469,3.141592653589793,0.0,1.5707963267948966
3.141592653589793,0.0,4.71238898038469,4.71238898038469,0.0,4.71238898038469,0.0,4.71238898038469,0.0,0.0,4.71238898038469,4.71238898038469,1.5707963267948966,1.5707963267948966,0.0,4.71238898038469,3.141592653589793,3.141592653589793,1.5707963267948966,0.0,4.71238898038469,3.141592653589793,0.0,1.5707963267948966
3.141592653589793,3.141592653589793,1.5707963267948966,4.71238898038469,0.0,4.71238898038469,0.0,4.71238898038469,0.0,0.0,4.71238898038469,4.71238898038469,1.5707963267948966,1.5707963267948966,0.0,4.71238898038469,3.141592653589793,3.141592653589793,1.5707963267948966,0.0,4.71238898038469,3.141592653589793,0.0,1.5707963267948966
3.141592653589793,3.141592653589793,4.71238898038469,1.5707963267948966,0.0,4.71238898038469,0.0,4.71238898038469,0.0,0.0,4.71238898038469,4.71238898038469,1.5707963267948966,1.5707963267948966,0.0,4.71238898038469,3.141592653589793,3.141592653589793,1.5707963267948966,0.0,4.71238898038469,3.141592653589793,0.0,1.5707963267948966
3.141592653589793,3.141592653589793,4.71238898038469,4.71238898038469,0.0,1.5707963267948966,0.0,4.71238898038469,0.0,0.0,4.71238898038469,4.71238898038469,1.5707963267948966,1.5707963267948966,0.0,4.71238898038469,3.141592653589793,3.141592653589793,1.5707963267948966,0.0,4.71238898038469,3.141592653589793,0.0,1.5707963267948966
3.141592653589793,3.141592653589793,4.71238898038469,4.71238898038469,0.0,4.71238898038469,0.0,1.5707963267948966,0.0,0.0,4.71238898038469,4.71238898038469,1.5707963267948966,1.5707963267948966,0.0,4.71238898038469,3.141592653589793,3.141592653589793,1.5707963267948966,0.0,4.71238898038469,3.141592653589793,0.0,1.5707963267948966
3.141592653589793,3.141592653589793,4.71238898038469,4.71238898038469,0.0,4.71238898038469,0.0,4.71238898038469,0.0,0.0,1.5707963267948966,4.71238898038469,1.5707963267948966,1.5707963267948966,0.0,4.71238898038469,3.141592653589793,3.141592653589793,1.5707963267948966,0.0,4.71238898038469,3.141592653589793,0.0,1.5707963267948966
3.141592653589793,3.141592653589793,4.71238898038469,4.71238898038469,0.0,4.71238898038469,0.0,4.71238898038469,0.0,0.0,4.71238898038469,1.5707963267948966,1.5707963267948966,1.5707963267948966,0.0,4.71238898038469,3.141592653589793,3.141592653589793,1.5707963267948966,0.0,4.71238898038469,3.141592653589793,0.0,1.5707963267948966
3.141592653589793,3.141592653589793,4.71238898038469,4.71238898038469,0.0,4.71238898038469,0.0,4.71238898038469,0.0,0.0,4.71238898038469,4.71238898038469,1.5707963267948966,1.5707963267948966,0.0,1.5707963267948966,3.141592653589793,3.141592653589793,1.5707963267948966,0.0,4.71238898038469,3.141592653589793,0.0,1.5707963267948966
3.141592653589793,3.141592653589793,4.71238898038469,4.71238898038469,0.0,4.71238898038469,0.0,4.71238898038469,0.0,0.0,4.71238898038469,4.71238898038469,1.5707963267948966,1.5707963267948966,0.0,4.71238898038469,0.0,3.141592653589793,1.5707963267948966,0.0,4.71238898038469,3.141592653589793,0.0,1.5707963267948966
3.141592653589793,3.141592653589793,4.71238898038469,4.71238898038469,0.0,4.71238898038469,0.0,4.71238898038469,0.0,0.0,4.71238898038469,4.71238898038469,1.5707963267948966,1.5707963267948966,0.0,4.71238898038469,3.141592653589793,0.0,1.5707963267948966,0.0,4.71238898038469,3.141592653589793,0.0,1.5707963267948966
3.141592653589793,3.141592653589793,4.71238898038469,4.71238898038469,0.0,4.71238898038469,0.0,4.71238898038469,0.0,0.0,4.71238898038469,4.71238898038469,1.5707963267948966,1.5707963267948966,0.0,4.71238898038469,3.141592653589793,3.141592653589793,1.5707963267948966,0.0,1.5707963267948966,3.141592653589793,0.0,1.5707963267948966
3.141592653589793,3.141592653589793,4.71238898038469,4.71238898038469,0.0,4.71238898038469,0.0,4.71238898038469,0.0,0.0,4.71238898038469,4.71238898038469,1.5707963267948966,1.5707963267948966,0.0,4.71238898038469,3.141592653589793,3.141592653589793,1.5707963267948966,0.0,4.71238898038469,0.0,0.0,1.5707963267948966
4.71238898038469,3.141592653589793,4.71238898038469,4.71238898038469,0.0,4.71238898038469,0.0,4.71238898038469,0.0,0.0,4.71238898038469,4.71238898038469,1.5707963267948966,1.5707963267948966,0.0,4.71238898038469,3.141592653589793,3.141592653589793,1.5707963267948966,0.0,4.71238898038469,6.283185307179586,0.0,1.5707963267948966
3.141592653589793,4.71238898038469,4.71238898038469,4.71238898038469,0.0,4.71238898038469,0.0,4.71238898038469,0.0,0.0,4.71238898038469,4.71238898038469,1.5707963267948966,1.5707963267948966,0.0,4.71238898038469,3.141592653589793,3.141592653589793,1.5707963267948966,0.0,4.71238898038469,6.283185307179586,0.0,1.5707963267948966
3.141592653589793,3.141592653589793,6.283185307179586,4.71238898038469,0.0,4.71238898038469,0.0,4.71238898038469,0.0,0.0,4.71238898038469,4.71238898038469,1.5707963267948966,1.5707963267948966,0.0,4.71238898038469,3.141592653589793,3.141592653589793,1.5707963267948966,0.0,4.71238898038469,6.283185307179586,0.0,1.5707963267948966
3.141592653589793,3.141592653589793,4.71238898038469,6.283185307179586,0.0,4.71238898038469,0.0,4.71238898038469,0.0,0.0,4.71238898038469,4.71238898038469,1.5707963267948966,1.5707963267948966,0.0,4.71238898038469,3.141592653589793,3.141592653589793,1.5707963267948966,0.0,4.71238898038469,6.283185307179586,0.0,1.5707963267948966
3.141592653589793,3.141592653589793,4.71238898038469,4.71238898038469,1.5707963267948966,4.71238898038469,0.0,4.71238898038469,0.0,0.0,4.71238898038469,4.71238898038469,1.5707963267948966,1.5707963267948966,0.0,4.71238898038469,3.141592653589793,3.141592653589793,1.5707963267948966,0.0,4.71238898038469,6.283185307179586,0.0,1.5707963267948966
3.141592653589793,3.141592653589793,4.71238898038469,4.71238898038469,0.0,6.283185307179586,0.0,4.71238898038469,0.0,0.0,4.71238898038469,4.71238898038469,1.5707963267948966,1.5707963267948966,0.0,4.71238898038469,3.141592653589793,3.141592653589793,1.5707963267948966,0.0,4.71238898038469,6.283185307179586,0.0,1.5707963267948966
3.141592653589793,3.141592653589793,4.71238898038469,4.71238898038469,0.0,4.71238898038469,1.5707963267948966,4.71238898038469,0.0,0.0,4.71238898038469,4.71238898038469,1.5707963267948966,1.5707963267948966,0.0,4.71238898038469,3.141592653589793,3.141592653589793,1.5707963267948966,0.0,4.71238898038469,6.283185307179586,0.0,1.5707963267948966
3.141592653589793,3.141592653589793,4.71238898038469,4.71238898038469,0.0,4.71238898038469,0.0,6.283185307179586,0.0,0.0,4.71238898038469,4.71238898038469,1.5707963267948966,1.5707963267948966,0.0,4.71238898038469,3.141592653589793,3.141592653589793,1.5707963267948966,0.0,4.71238898038469,6.283185307179586,0.0,1.5707963267948966
3.141592653589793,3.141592653589793,4.71238898038469,4.71238898038469,0.0,4.71238898038469,0.0,4.71238898038469,1.5707963267948966,0.0,4.71238898038469,4.71238898038469,1.5707963267948966,1.5707963267948966,0.0,4.71238898038469,3.141592653589793,3.141592653589793,1.5707963267948966,0.0,4.71238898038469,6.283185307179586,0.0,1.5707963267948966
3.141592653589793,3.141592653589793,4.71238898038469,4.71238898038469,0.0,4.71238898038469,0.0,4.71238898038469,0.0,1.5707963267948966,4.71238898038469,4.71238898038469,1.5707963267948966,1.5707963267948966,0.0,4.71238898038469,3.141592653589793,3.141592653589793,1.5707963267948966,0.0,4.71238898038469,6.283185307179586,0.0,1.5707963267948966
3.141592653589793,3.141592653589793,4.71238898038469,4.71238898038469,0.0,4.71238898038469,0.0,4.71238898038469,0.0,0.0,6.283185307179586,4.71238898038469,1.5707963267948966,1.5707963267948966,0.0,4.71238898038469,3.141592653589793,3.141592653589793,1.5707963267948966,0.0,4.71238898038469,6.283185307179586,0.0,1.5707963267948966
3.141592653589793,3.141592653589793,4.71238898038469,4.71238898038469,0.0,4.71238898038469,0.0,4.71238898038469,0.0,0.0,4.71238898038469,6.283185307179586,1.5707963267948966,1.5707963267948966,0.0,4.71238898038469,3.141592653589793,3.141592653589793,1.5707963267948966,0.0,4.71238898038469,6.283185307179586,0.0,1.5707963267948966
3.141592653589793,3.141592653589793,4.71238898038469,4.71238898038469,0.0,4.71238898038469,0.0,4.71238898038469,0.0,0.0,4.71238898038469,4.71238898038469,3.141592653589793,1.5707963267948966,0.0,4.71238898038469,3.141592653589793,3.141592653589793,1.5707963267948966,0.0,4.71238898038469,6.283185307179586,0.0,1.5707963267948966
3.141592653589793,3.141592653589793,4.71238898038469,4.71238898038469,0.0,4.71238898038469,0.0,4.71238898038469,0.0,0.0,4.71238898038469,4.71238898038469,1.5707963267948966,3.141592653589793,0.0,4.71238898038469,3.141592653589793,3.141592653589793,1.5707963267948966,0.0,4.71238898038469,6.283185307179586,0.0,1.5707963267948966
3.141592653589793,3.141592653589793,4.71238898038469,4.71238898038469,0.0,4.71238898038469,0.0,4.71238898038469,0.0,0.0,4.71238898038469,4.71238898038469,1.5707963267948966,1.5707963267948966,1.5707963267948966,4.71238898038469,3.141592653589793,3.141592653589793,1.5707963267948966,0.0,4.71238898038469,6.283185307179586,0.0,1.5707963267948966
3.141592653589793,3.141592653589793,4.71238898038469,4.71238898038469,0.0,4.71238898038469,0.0,4.71238898038469,0.0,0.0,4.71238898038469,4.71238898038469,1.5707963267948966,1.5707963267948966,0.0,6.283185307179586,3.141592653589793,3.141592653589793,1.5707963267948966,0.0,4.71238898038469,6.283185307179586,0.0,1.5707963267948966
3.141592653589793,3.141592653589793,4.71238898038469,4.71238898038469,0.0,4.71238898038469,0.0,4.71238898038469,0.0,0.0,4.71238898038469,4.71238898038469,1.5707963267948966,1.5707963267948966,0.0,4.71238898038469,4.71238898038469,3.141592653589793,1.5707963267948966,0.0,4.71238898038469,6.283185307179586,0.0,1.5707963267948966
3.141592653589793,3.141592653589793,4.71238898038469,4.71238898038469,0.0,4.71238898038469,0.0,4.71238898038469,0.0,0.0,4.71238898038469,4.71238898038469,1.5707963267948966,1.5707963267948966,0.0,4.71238898038469,3.141592653589793,4.71238898038469,1.5707963267948966,0.0,4.71238898038469,6.283185307179586,0.0,1.5707963267948966
3.141592653589793,3.141592653589793,4.71238898038469,4.71238898038469,0.0,4.71238898038469,0.0,4.71238898038469,0.0,0.0,4.71238898038469,4.71238898038469,1.5707963267948966,1.5707963267948966,0.0,4.71238898038469,3.141592653589793,3.141592653589793,3.141592653589793,0.0,4.71238898038469,6.283185307179586,0.0,1.5707963267948966
3.141592653589793,3.141592653589793,4.71238898038469,4.71238898038469,0.0,4.71238898038469,0.0,4.71238898038469,0.0,0.0,4.71238898038469,4.71238898038469,1.5707963267948966,1.5707963267948966,0.0,4.71238898038469,3.141592653589793,3.141592653589793,1.5707963267948966,1.5707963267948966,4.71238898038469,6.283185307179586,0.0,1.5707963267948966
3.141592653589793,3.141592653589793,4.71238898038469,4.71238898038469,0.0,4.71238898038469,0.0,4.71238898038469,0.0,0.0,4.71238898038469,4.71238898038469,1.5707963267948966,1.5707963267948966,0.0,4.71238898038469,3.141592653589793,3.141592653589793,1.5707963267948966,0.0,6.283185307179586,6.283185307179586,0.0,1.5707963267948966
3.141592653589793,3.141592653589793,4.71238898038469,4.71238898038469,0.0,4.71238898038469,0.0,4.71238898038469,0.0,0.0,4.71238898038469,4.71238898038469,1.5707963267948966,1.5707963267948966,0.0,4.71238898038469,3.141592653589793,3.141592653589793,1.5707963267948966,0.0,4.71238898038469,6.283185307179586,1.5707963267948966,1.5707963267948966
3.141592653589793,3.141592653589793,4.71238898038469,4.71238898038469,0.0,4.71238898038469,0.0,4.71238898038469,0.0,0.0,4.71238898038469,4.71238898038469,1.5707963267948966,1.5707963267948966,0.0,4.71238898038469,3.141592653589793,3.141592653589793,1.5707963267948966,0.0,4.71238898038469,6.283185307179586,0.0,3.141592653589793
1.5707963267948966,3.141592653589793,4.71238898038469,4.71238898038469,0.0,4.71238898038469,0.0,4.71238898038469,0.0,0.0,4.71238898038469,4.71238898038469,1.5707963267948966,1.5707963267948966,0.0,4.71238898038469,3.141592653589793,3.141592653589793,1.5707963267948966,0.0,4.71238898038469,6.283185307179586,0.0,1.5707963267948966
3.141592653589793,1.5707963267948966,4.71238898038469,4.71238898038469,0.0,4.71238898038469,0.0,4.71238898038469,0.0,0.0,4.71238898038469,4.71238898038469,1.5707963267948966,1.5707963267948966,0.0,4.71238898038469,3.141592653589793,3.141592653589793,1.5707963267948966,0.0,4.71238898038469,6.283185307179586,0.0,1.5707963267948966
3.141592653589793,3.141592653589793,3.141592653589793,4.71238898038469,0.0,4.71238898038469,0.0,4.71238898038469,0.0,0.0,4.71238898038469,4.71238898038469,1.5707963267948966,1.5707963267948966,0.0,4.71238898038469,3.141592653589793,3.141592653589793,1.5707963267948966,0.0,4.71238898038469,6.283185307179586,0.0,1.5707963267948966
3.141592653589793,3.141592653589793,4.71238898038469,3.141592653589793,0.0,4.71238898038469,0.0,4.71238898038469,0.0,0.0,4.71238898038469,4.71238898038469,1.5707963267948966,1.5707963267948966,0.0,4.71238898038469,3.141592653589793,3.141592653589793,1.5707963267948966,0.0,4.71238898038469,6.283185307179586,0.0,1.5707963267948966
3.141592653589793,3.141592653589793,4.71238898038469,4.71238898038469,0.0,3.141592653589793,0.0,4.71238898038469,0.0,0.0,4.71238898038469,4.71238898038469,1.5707963267948966,1.5707963267948966,0.0,4.71238898038469,3.141592653589793,3.141592653589793,1.5707963267948966,0.0,4.71238898038469,6.283185307179586,0.0,1.5707963267948966
3.141592653589793,3.141592653589793,4.71238898038469,4.71238898038469,0.0,4.71238898038469,0.0,3.141592653589793,0.0,0.0,4.71238898038469,4.71238898038469,1.5707963267948966,1.5707963267948966,0.0,4.71238898038469,3.141592653589793,3.141592653589793,1.5707963267948966,0.0,4.71238898038469,6.283185307179586,0.0,1.5707963267948966
3.141592653589793,3.141592653589793,4.71238898038469,4.71238898038469,0.0,4.71238898038469,0.0,4.71238898038469,0.0,0.0,3.141592653589793,4.71238898038469,1.5707963267948966,1.5707963267948966,0.0,4.71238898038469,3.141592653589793,3.141592653589793,1.5707963267948966,0.0,4.71238898038469,6.283185307179586,0.0,1.5707963267948966
3.141592653589793,3.141592653589793,4.71238898038469,4.71238898038469,0.0,4.71238898038469,0.0,4.71238898038469,0.0,0.0,4.71238898038469,3.141592653589793,1.5707963267948966,1.5707963267948966,0.0,4.71238898038469,3.141592653589793,3.141592653589793,1.5707963267948966,0.0,4.71238898038469,6.283185307179586,0.0,1.5707963267948966
3.141592653589793,3.141592653589793,4.71238898038469,4.71238898038469,0.0,4.71238898038469,0.0,4.71238898038469,0.0,0.0,4.71238898038469,4.71238898038469,0.0,1.5707963267948966,0.0,4.71238898038469,3.141592653589793,3.141592653589793,1.5707963267948966,0.0,4.71238898038469,6.283185307179586,0.0,1.5707963267948966
3.141592653589793,3.141592653589793,4.71238898038469,4.71238898038469,0.0,4.71238898038469,0.0,4.71238898038469,0.0,0.0,4.71238898038469,4.71238898038469,1.5707963267948966,0.0,0.0,4.71238898038469,3.141592653589793,3.141592653589793,1.5707963267948966,0.0,4.71238898038469,6.283185307179586,0.0,1.5707963267948966
3.141592653589793,3.141592653589793,4.71238898038469,4.71238898038469,0.0,4.71238898038469,0.0,4.71238898038469,0.0,0.0,4.71238898038469,4.71238898038469,1.5707963267948966,1.5707963267948966,0.0,3.141592653589793,3.141592653589793,3.141592653589793,1.5707963267948966,0.0,4.71238898038469,6.283185307179586,0.0,1.5707963267948966
3.141592653589793,3.141592653589793,4.71238898038469,4.71238898038469,0.0,4.71238898038469,0.0,4.71238898038469,0.0,0.0,4.71238898038469,4.71238898038469,1.5707963267948966,1.5707963267948966,0.0,4.71238898038469,1.5707963267948966,3.141592653589793,1.5707963267948966,0.0,4.71238898038469,6.283185307179586,0.0,1.5707963267948966
3.141592653589793,3.141592653589793,4.71238898038469,4.71238898038469,0.0,4.71238898038469,0.0,4.71238898038469,0.0,0.0,4.71238898038469,4.71238898038469,1.5707963267948966,1.5707963267948966,0.0,4.71238898038469,3.141592653589793,1.5707963267948966,1.5707963267948966,0.0,4.71238898038469,6.283185307179586,0.0,1.5707963267948966
3.141592653589793,3.141592653589793,4.71238898038469,4.71238898038469,0.0,4.71238898038469,0.0,4.71238898038469,0.0,0.0,4.71238898038469,4.71238898038469,1.5707963267948966,1.5707963267948966,0.0,4.71238898038469,3.141592653589793,3.141592653589793,0.0,0.0,4.71238898038469,6.283185307179586,0.0,1.5707963267948966
3.141592653589793,3.141592653589793,4.71238898038469,4.71238898038469,0.0,4.71238898038469,0.0,4.71238898038469,0.0,0.0,4.71238898038469,4.71238898038469,1.5707963267948966,1.5707963267948966,0.0,4.71238898038469,3.141592653589793,3.141592653589793,1.5707963267948966,0.0,3.141592653589793,6.283185307179586,0.0,1.5707963267948966
3.141592653589793,3.141592653589793,4.71238898038469,4.71238898038469,0.0,4.71238898038469,0.0,4.71238898038469,0.0,0.0,4.71238898038469,4.71238898038469,1.5707963267948966,1.5707963267948966,0.0,4.71238898038469,3.141592653589793,3.141592653589793,1.5707963267948966,0.0,4.71238898038469,4.71238898038469,0.0,1.5707963267948966
3.141592653589793,3.141592653589793,4.71238898038469,4.71238898038469,0.0,4.71238898038469,0.0,4.71238898038469,0.0,0.0,4.71238898038469,4.71238898038469,1.5707963267948966,1.5707963267948966,0.0,4.71238898038469,3.141592653589793,3.141592653589793,1.5707963267948966,0.0,4.71238898038469,6.283185307179586,0.0,0.0
3.1815449164506475,3.1963885837571095,4.754319021194178,4.801250685449448,0.0011376143282147656,4.628269362604686,0.0,4.717988978268868,0.0,0.0,4.737911291700619,4.744809635625846,1.5765168655544262,1.4949493080919587,0.0,4.755940833944382,3.0635663396788906,3.0862896286545634,1.446576599739617,0.0,4.7655268774465265,6.283185307179586,0.0,1.531826032986812
3.1615687850202203,3.168990618673451,4.733354000789434,4.756819832917069,0.0005688071641073828,4.6703291714946875,0.0,4.715188979326779,0.0,0.0,4.725150136042655,4.728599308005268,1.5736565961746614,1.5328728174434276,0.0,4.734164907164536,3.1025794966343416,3.1139411411221785,1.5086864632672567,0.0,4.7389579289156085,6.283185307179586,0.0,1.5513111798908543
3.1515807193050067,3.1552916361316226,4.722871490587062,4.734604406650879,0.0002844035820536914,4.6913590759396895,0.0,4.713788979855734,0.0,0.0,4.718769558213672,4.720494144194979,1.572226461484779,1.5518345721191622,0.0,4.7232769437746125,3.1220860751120676,3.127766897355986,1.5397413950310765,0.0,4.725673454650149,6.283185307179586,0.0,1.5610537533428754
3.1465866864474004,3.1484421448607076,4.717630235485875,4.7234966935177845,0.0001422017910268457,4.701874028162189,0.0,4.7130889801202125,0.0,0.0,4.715579269299181,4.716441562289834,1.571511394139838,1.5613154494570294,0.0,4.717832962079651,3.13183936435093,3.1346797754728892,1.5552688609129866,0.0,4.719031217517419,6.283185307179586,0.0,1.565925040068886
4.71238898038469,3.141592653589793,4.71238898038469,4.71238898038469,0.0,4.71238898038469,0.0,4.71238898038469,0.0,0.0,4.71238898038469,4.71238898038469,1.5707963267948966,1.5707963267948966,0.0,4.71238898038469,3.141592653589793,3.141592653589793,1.5707963267948966,0.0,4.71238898038469,6.283185307179586,0.0,1.5707963267948966
3.141592653589793,4.71238898038469,4.71238898038469,4.71238898038469,0.0,4.71238898038469,0.0,4.71238898038469,0.0,0.0,4.71238898038469,4.71238898038469,1.5707963267948966,1.5707963267948966,0.0,4.71238898038469,3.141592653589793,3.141592653589793,1.5707963267948966,0.0,4.71238898038469,6.283185307179586,0.0,1.5707963267948966
3.141592653589793,3.141592653589793,6.283185307179586,4.71238898038469,0.0,4.71238898038469,0.0,4.71238898038469,0.0,0.0,4.71238898038469,4.71238898038469,1.5707963267948966,1.5707963267948966,0.0,4.71238898038469,3.141592653589793,3.141592653589793,1.5707963267948966,0.0,4.71238898038469,6.283185307179586,0.0,1.5707963267948966
3.141592653589793,3.141592653589793,4.71238898038469,6.283185307179586,0.0,4.71238898038469,0.0,4.71238898038469,0.0,0.0,4.71238898038469,4.71238898038469,1.5707963267948966,1.5707963267948966,0.0,4.71238898038469,3.141592653589793,3.141592653589793,1.5707963267948966,0.0,4.71238898038469,6.283185307179586,0.0,1.5707963267948966
3.141592653589793,3.141592653589793,4.71238898038469,4.71238898038469,1.5707963267948966,4.71238898038469,0.0,4.71238898038469,0.0,0.0,4.71238898038469,4.71238898038469,1.5707963267948966,1.5707963267948966,0.0,4.71238898038469,3.141592653589793,3.141592653589793,1.5707963267948966,0.0,4.71238898038469,6.283185307179586,0.0,1.5707963267948966
3.141592653589793,3.141592653589793,4.71238898038469,4.71238898038469,0.0,6.283185307179586,0.0,4.71238898038469,0.0,0.0,4.71238898038469,4.71238898038469,1.5707963267948966,1.5707963267948966,0.0,4.71238898038469,3.141592653589793,3.141592653589793,1.5707963267948966,0.0,4.71238898038469,6.283185307179586,0.0,1.5707963267948966
3.141592653589793,3.141592653589793,4.71238898038469,4.71238898038469,0.0,4.71238898038469,1.5707963267948966,4.71238898038469,0.0,0.0,4.71238898038469,4.71238898038469,1.5707963267948966,1.5707963267948966,0.0,4.71238898038469,3.141592653589793,3.141592653589793,1.5707963267948966,0.0,4.71238898038469,6.283185307179586,0.0,1.5707963267948966
3.141592653589793,3.141592653589793,4.71238898038469,4.71238898038469,0.0,4.71238898038469,0.0,6.283185307179586,0.0,0.0,4.71238898038469,4.71238898038469,1.5707963267948966,1.5707963267948966,0.0,4.71238898038469,3.141592653589793,3.141592653589793,1.5707963267948966,0.0,4.71238898038469,6.283185307179586,0.0,1.5707963267948966
3.141592653589793,3.141592653589793,4.71238898038469,4.71238898038469,0.0,4.71238898038469,0.0,4.71238898038469,1.5707963267948966,0.0,4.71238898038469,4.71238898038469,1.5707963267948966,1.5707963267948966,0.0,4.71238898038469,3.141592653589793,3.141592653589793,1.5707963267948966,0.0,4.71238898038469,6.283185307179586,0.0,1.5707963267948966
3.141592653589793,3.141592653589793,4.71238898038469,4.71238898038469,0.0,4.71238898038469,0.0,4.71238898038469,0.0,1.5707963267948966,4.71238898038469,4.71238898038469,1.5707963267948966,1.5707963267948966,0.0,4.71238898038469,3.141592653589793,3.141592653589793,1.5707963267948966,0.0,4.71238898038469,6.283185307179586,0.0,1.5707963267948966
3.141592653589793,3.141592653589793,4.71238898038469,4.71238898038469,0.0,4.71238898038469,0.0,4.71238898038469,0.0,0.0,6.283185307179586,4.71238898038469,1.5707963267948966,1.5707963267948966,0.0,4.71238898038469,3.141592653589793,3.141592653589793,1.5707963267948966,0.0,4.71238898038469,6.283185307179586,0.0,1.5707963267948966
3.141592653589793,3.141592653589793,4.71238898038469,4.71238898038469,0.0,4.71238898038469,0.0,4.71238898038469,0.0,0.0,4.71238898038469,6.283185307179586,1.5707963267948966,1.5707963267948966,0.0,4.71238898038469,3.141592653589793,3.141592653589793,1.5707963267948966,0.0,4.71238898038469,6.283185307179586,0.0,1.5707963267948966
3.141592653589793,3.141592653589793,4.71238898038469,4.71238898038469,0.0,4.71238898038469,0.0,4.71238898038469,0.0,0.0,4.71238898038469,4.71238898038469,3.141592653589793,1.5707963267948966,0.0,4.71238898038469,3.141592653589793,3.141592653589793,1.5707963267948966,0.0,4.71238898038469,6.283185307179586,0.0,1.5707963267948966
3.141592653589793,3.141592653589793,4.71238898038469,4.71238898038469,0.0,4.71238898038469,0.0,4.71238898038469,0.0,0.0,4.71238898038469,4.71238898038469,1.5707963267948966,3.141592653589793,0.0,4.71238898038469,3.141592653589793,3.141592653589793,1.5707963267948966,0.0,4.71238898038469,6.283185307179586,0.0,1.5707963267948966
3.141592653589793,3.141592653589793,4.71238898038469,4.71238898038469,0.0,4.71238898038469,0.0,4.71238898038469,0.0,0.0,4.71238898038469,4.71238898038469,1.5707963267948966,1.5707963267948966,1.5707963267948966,4.71238898038469,3.141592653589793,3.141592653589793,1.5707963267948966,0.0,4.71238898038469,6.283185307179586,0.0,1.5707963267948966
3.141592653589793,3.141592653589793,4.71238898038469,4.71238898038469,0.0,4.71238898038469,0.0,4.71238898038469,0.0,0.0,4.71238898038469,4.71238898038469,1.5707963267948966,1.5707963267948966,0.0,6.283185307179586,3.141592653589793,3.141592653589793,1.5707963267948966,0.0,4.71238898038469,6.283185307179586,0.0,1.5707963267948966
3.141592653589793,3.141592653589793,4.71238898038469,4.71238898038469,0.0,4.71238898038469,0.0,4.71238898038469,0.0,0.0,4.71238898038469,4.71238898038469,1.5707963267948966,1.5707963267948966,0.0,4.71238898038469,4.71238898038469,3.141592653589793,1.5707963267948966,0.0,4.71238898038469,6.283185307179586,0.0,1.5707963267948966
3.141592653589793,3.141592653589793,4.71238898038469,4.71238898038469,0.0,4.71238898038469,0.0,4.71238898038469,0.0,0.0,4.71238898038469,4.71238898038469,1.5707963267948966,1.5707963267948966,0.0,4.71238898038469,3.141592653589793,4.71238898038469,1.5707963267948966,0.0,4.71238898038469,6.283185307179586,0.0,1.5707963267948966
3.141592653589793,3.141592653589793,4.71238898038469,4.71238898038469,0.0,4.71238898038469,0.0,4.71238898038469,0.0,0.0,4.71238898038469,4.71238898038469,1.5707963267948966,1.5707963267948966,0.0,4.71238898038469,3.141592653589793,3.141592653589793,3.141592653589793,0.0,4.71238898038469,6.283185307179586,0.0,1.5707963267948966
3.141592653589793,3.141592653589793,4.71238898038469,4.71238898038469,0.0,4.71238898038469,0.0,4.71238898038469,0.0,0.0,4.71238898038469,4.71238898038469,1.5707963267948966,1.5707963267948966,0.0,4.71238898038469,3.141592653589793,3.141592653589793,1.5707963267948966,1.5707963267948966,4.71238898038469,6.283185307179586,0.0,1.5707963267948966
3.141592653589793,3.141592653589793,4.71238898038469,4.71238898038469,0.0,4.71238898038469,0.0,4.71238898038469,0.0,0.0,4.71238898038469,4.71238898038469,1.5707963267948966,1.5707963267948966,0.0,4.71238898038469,3.141592653589793,3.141592653589793,1.5707963267948966,0.0,6.283185307179586,6.283185307179586,0.0,1.5707963267948966
3.141592653589793,3.141592653589793,4.71238898038469,4.71238898038469,0.0,4.71238898038469,0.0,4.71238898038469,0.0,0.0,4.71238898038469,4.71238898038469,1.5707963267948966,1.5707963267948966,0.0,4.71238898038469,3.141592653589793,3.141592653589793,1.5707963267948966,0.0,4.71238898038469,6.283185307179586,1.5707963267948966,1.5707963267948966
3.141592653589793,3.141592653589793,4.71238898038469,4.71238898038469,0.0,4.71238898038469,0.0,4.71238898038469,0.0,0.0,4.71238898038469,4.71238898038469,1.5707963267948966,1.5707963267948966,0.0,4.71238898038469,3.141592653589793,3.141592653589793,1.5707963267948966,0.0,4.71238898038469,6.283185307179586,0.0,3.141592653589793
1.5707963267948966,3.141592653589793,4.71238898038469,4.71238898038469,0.0,4.71238898038469,0.0,4.71238898038469,0.0,0.0,4.71238898038469,4.71238898038469,1.5707963267948966,1.5707963267948966,0.0,4.71238898038469,3.141592653589793,3.141592653589793,1.5707963267948966,0.0,4.71238898038469,6.283185307179586,0.0,1.5707963267948966
3.141592653589793,1.5707963267948966,4.71238898038469,4.71238898038469,0.0,4.71238898038469,0.0,4.71238898038469,0.0,0.0,4.71238898038469,4.71238898038469,1.5707963267948966,1.5707963267948966,0.0,4.71238898038469,3.141592653589793,3.141592653589793,1.5707963267948966,0.0,4.71238898038469,6.283185307179586,0.0,1.5707963267948966
3.141592653589793,3.141592653589793,3.141592653589793,4.71238898038469,0.0,4.71238898038469,0.0,4.71238898038469,0.0,0.0,4.71238898038469,4.71238898038469,1.5707963267948966,1.5707963267948966,0.0,4.71238898038469,3.141592653589793,3.141592653589793,1.5707963267948966,0.0,4.71238898038469,6.283185307179586,0.0,1.5707963267948966
3.141592653589793,3.141592653589793,4.71238898038469,3.141592653589793,0.0,4.71238898038469,0.0,4.71238898038469,0.0,0.0,4.71238898038469,4.71238898038469,1.5707963267948966,1.5707963267948966,0.0,4.71238898038469,3.141592653589793,3.141592653589793,1.5707963267948966,0.0,4.71238898038469,6.283185307179586,0.0,1.5707963267948966
3.141592653589793,3.141592653589793,4.71238898038469,4.71238898038469,0.0,3.141592653589793,0.0,4.71238898038469,0.0,0.0,4.71238898038469,4.71238898038469,1.5707963267948966,1.5707963267948966,0.0,4.71238898038469,3.141592653589793,3.141592653589793,1.5707963267948966,0.0,4.71238898038469,6.283185307179586,0.0,1.5707963267948966
3.141592653589793,3.141592653589793,4.71238898038469,4.71238898038469,0.0,4.71238898038469,0.0,3.141592653589793,0.0,0.0,4.71238898038469,4.71238898038469,1.5707963267948966,1.5707963267948966,0.0,4.71238898038469,3.141592653589793,3.141592653589793,1.5707963267948966,0.0,4.71238898038469,6.283185307179586,0.0,1.5707963267948966
3.141592653589793,3.141592653589793,4.71238898038469,4.71238898038469,0.0,4.71238898038469,0.0,4.71238898038469,0.0,0.0,3.141592653589793,4.71238898038469,1.5707963267948966,1.5707963267948966,0.0,4.71238898038469,3.141592653589793,3.141592653589793,1.5707963267948966,0.0,4.71238898038469,6.283185307179586,0.0,1.5707963267948966
3.141592653589793,3.141592653589793,4.71238898038469,4.71238898038469,0.0,4.71238898038469,0.0,4.71238898038469,0.0,0.0,4.71238898038469,3.141592653589793,1.5707963267948966,1.5707963267948966,0.0,4.71238898038469,3.141592653589793,3.141592653589793,1.5707963267948966,0.0,4.71238898038469,6.283185307179586,0.0,1.5707963267948966
3.141592653589793,3.141592653589793,4.71238898038469,4.71238898038469,0.0,4.71238898038469,0.0,4.71238898038469,0.0,0.0,4.71238898038469,4.71238898038469,0.0,1.5707963267948966,0.0,4.71238898038469,3.141592653589793,3.141592653589793,1.5707963267948966,0.0,4.71238898038469,6.283185307179586,0.0,1.5707963267948966
3.141592653589793,3.141592653589793,4.71238898038469,4.71238898038469,0.0,4.71238898038469,0.0,4.71238898038469,0.0,0.0,4.71238898038469,4.71238898038469,1.5707963267948966,0.0,0.0,4.71238898038469,3.141592653589793,3.141592653589793,1.5707963267948966,0.0,4.71238898038469,6.283185307179586,0.0,1.5707963267948966
3.141592653589793,3.141592653589793,4.71238898038469,4.71238898038469,0.0,4.71238898038469,0.0,4.71238898038469,0.0,0.0,4.71238898038469,4.71238898038469,1.5707963267948966,1.5707963267948966,0.0,3.141592653589793,3.141592653589793,3.141592653589793,1.5707963267948966,0.0,4.71238898038469,6.283185307179586,0.0,1.5707963267948966
3.141592653589793,3.141592653589793,4.71238898038469,4.71238898038469,0.0,4.71238898038469,0.0,4.71238898038469,0.0,0.0,4.71238898038469,4.71238898038469,1.5707963267948966,1.5707963267948966,0.0,4.71238898038469,1.5707963267948966,3.141592653589793,1.5707963267948966,0.0,4.71238898038469,6.283185307179586,0.0,1.5707963267948966
3.141592653589793,3.141592653589793,4.71238898038469,4.71238898038469,0.0,4.71238898038469,0.0,4.71238898038469,0.0,0.0,4.71238898038469,4.71238898038469,1.5707963267948966,1.5707963267948966,0.0,4.71238898038469,3.141592653589793,1.5707963267948966,1.5707963267948966,0.0,4.71238898038469,6.283185307179586,0.0,1.5707963267948966
3.141592653589793,3.141592653589793,4.71238898038469,4.71238898038469,0.0,4.71238898038469,0.0,4.71238898038469,0.0,0.0,4.71238898038469,4.71238898038469,1.5707963267948966,1.5707963267948966,0.0,4.71238898038469,3.141592653589793,3.141592653589793,0.0,0.0,4.71238898038469,6.283185307179586,0.0,1.5707963267948966
3.141592653589793,3.141592653589793,4.71238898038469,4.71238898038469,0.0,4.71238898038469,0.0,4.71238898038469,0.0,0.0,4.71238898038469,4.71238898038469,1.5707963267948966,1.5707963267948966,0.0,4.71238898038469,3.141592653589793,3.141592653589793,1.5707963267948966,0.0,3.141592653589793,6.283185307179586,0.0,1.5707963267948966
3.141592653589793,3.141592653589793,4.71238898038469,4.71238898038469,0.0,4.71238898038469,0.0,4.71238898038469,0.0,0.0,4.71238898038469,4.71238898038469,1.5707963267948966,1.5707963267948966,0.0,4.71238898038469,3.141592653589793,3.141592653589793,1.5707963267948966,0.0,4.71238898038469,4.71238898038469,0.0,1.5707963267948966
3.141592653589793,3.141592653589793,4.71238898038469,4.71238898038469,0.0,4.71238898038469,0.0,4.71238898038469,0.0,0.0,4.71238898038469,4.71238898038469,1.5707963267948966,1.5707963267948966,0.0,4.71238898038469,3.141592653589793,3.141592653589793,1.5707963267948966,0.0,4.71238898038469,6.283185307179586,0.0,0.0
3.9269908169872414,3.141592653589793,4.71238898038469,4.71238898038469,1.5707963267948966,4.71238898038469,0.0,4.71238898038469,0.0,0.0,4.71238898038469,4.71238898038469,1.5707963267948966,1.5707963267948966,0.0,4.71238898038469,3.141592653589793,3.141592653589793,1.5707963267948966,0.0,4.71238898038469,6.283185307179586,0.0,1.5707963267948966
3.141592653589793,3.9269908169872414,4.71238898038469,4.71238898038469,1.5707963267948966,4.71238898038469,0.0,4.71238898038469,0.0,0.0,4.71238898038469,4.71238898038469,1.5707963267948966,1.5707963267948966,0.0,4.71238898038469,3.141592653589793,3.141592653589793,1.5707963267948966,0.0,4.71238898038469,6.283185307179586,0.0,1.5707963267948966
3.141592653589793,3.141592653589793,5.497787143782138,4.71238898038469,1.5707963267948966,4.71238898038469,0.0,4.71238898038469,0.0,0.0,4.71238898038469,4.71238898038469,1.5707963267948966,1.5707963267948966,0.0,4.71238898038469,3.141592653589793,3.141592653589793,1.5707963267948966,0.0,4.71238898038469,6.283185307179586,0.0,1.5707963267948966
3.141592653589793,3.141592653589793,4.71238898038469,5.497787143782138,1.5707963267948966,4.71238898038469,0.0,4.71238898038469,0.0,0.0,4.71238898038469,4.71238898038469,1.5707963267948966,1.5707963267948966,0.0,4.71238898038469,3.141592653589793,3.141592653589793,1.5707963267948966,0.0,4.71238898038469,6.283185307179586,0.0,1.5707963267948966
3.141592653589793,3.141592653589793,4.71238898038469,4.71238898038469,2.356194490192345,4.71238898038469,0.0,4.71238898038469,0.0,0.0,4.71238898038469,4.71238898038469,1.5707963267948966,1.5707963267948966,0.0,4.71238898038469,3.141592653589793,3.141592653589793,1.5707963267948966,0.0,4.71238898038469,6.283185307179586,0.0,1.5707963267948966
3.141592653589793,3.141592653589793,4.71238898038469,4.71238898038469,1.5707963267948966,5.497787143782138,0.0,4.71238898038469,0.0,0.0,4.71238898038469,4.71238898038469,1.5707963267948966,1.5707963267948966,0.0,4.71238898038469,3.141592653589793,3.141592653589793,1.5707963267948966,0.0,4.71238898038469,6.283185307179586,0.0,1.5707963267948966
3.141592653589793,3.141592653589793,4.71238898038469,4.71238898038469,1.5707963267948966,4.71238898038469,0.7853981633974483,4.71238898038469,0.0,0.0,4.71238898038469,4.71238898038469,1.5707963267948966,1.5707963267948966,0.0,4.71238898038469,3.141592653589793,3.141592653589793,1.5707963267948966,0.0,4.71238898038469,6.283185307179586,0.0,1.5707963267948966
3.141592653589793,3.141592653589793,4.71238898038469,4.71238898038469,1.5707963267948966,4.71238898038469,0.0,5.497787143782138,0.0,0.0,4.71238898038469,4.71238898038469,1.5707963267948966,1.5707963267948966,0.0,4.71238898038469,3.141592653589793,3.141592653589793,1.5707963267948966,0.0,4.71238898038469,6.283185307179586,0.0,1.5707963267948966
3.141592653589793,3.141592653589793,4.71238898038469,4.71238898038469,1.5707963267948966,4.71238898038469,0.0,4.71238898038469,0.7853981633974483,0.0,4.71238898038469,4.71238898038469,1.5707963267948966,1.5707963267948966,0.0,4.71238898038469,3.141592653589793,3.141592653589793,1.5707963267948966,0.0,4.71238898038469,6.283185307179586,0.0,1.5707963267948966
3.141592653589793,3.141592653589793,4.71238898038469,4.71238898038469,1.5707963267948966,4.71238898038469,0.0,4.71238898038469,0.0,0.7853981633974483,4.71238898038469,4.71238898038469,1.5707963267948966,1.5707963267948966,0.0,4.71238898038469,3.141592653589793,3.141592653589793,1.5707963267948966,0.0,4.71238898038469,6.283185307179586,0.0,1.5707963267948966
3.141592653589793,3.141592653589793,4.71238898038469,4.71238898038469,1.5707963267948966,4.71238898038469,0.0,4.71238898038469,0.0,0.0,5.497787143782138,4.71238898038469,1.5707963267948966,1.5707963267948966,0.0,4.71238898038469,3.141592653589793,3.141592653589793,1.5707963267948966,0.0,4.71238898038469,6.283185307179586,0.0,1.5707963267948966
3.141592653589793,3.141592653589793,4.71238898038469,4.71238898038469,1.5707963267948966,4.71238898038469,0.0,4.71238898038469,0.0,0.0,4.71238898038469,5.497787143782138,1.5707963267948966,1.5707963267948966,0.0,4.71238898038469,3.141592653589793,3.141592653589793,1.5707963267948966,0.0,4.71238898038469,6.283185307179586,0.0,1.5707963267948966
3.141592653589793,3.141592653589793,4.71238898038469,4.71238898038469,1.5707963267948966,4.71238898038469,0.0,4.71238898038469,0.0,0.0,4.71238898038469,4.71238898038469,2.356194490192345,1.5707963267948966,0.0,4.71238898038469,3.141592653589793,3.141592653589793,1.5707963267948966,0.0,4.71238898038469,6.283185307179586,0.0,1.5707963267948966
3.141592653589793,3.141592653589793,4.71238898038469,4.71238898038469,1.5707963267948966,4.71238898038469,0.0,4.71238898038469,0.0,0.0,4.71238898038469,4.71238898038469,1.5707963267948966,2.356194490192345,0.0,4.71238898038469,3.141592653589793,3.141592653589793,1.5707963267948966,0.0,4.71238898038469,6.283185307179586,0.0,1.5707963267948966
3.141592653589793,3.141592653589793,4.71238898038469,4.71238898038469,1.5707963267948966,4.71238898038469,0.0,4.71238898038469,0.0,0.0,4.71238898038469,4.71238898038469,1.5707963267948966,1.5707963267948966,0.7853981633974483,4.71238898038469,3.141592653589793,3.141592653589793,1.5707963267948966,0.0,4.71238898038469,6.283185307179586,0.0,1.5707963267948966
3.141592653589793,3.141592653589793,4.71238898038469,4.71238898038469,1.5707963267948966,4.71238898038469,0.0,4.71238898038469,0.0,0.0,4.71238898038469,4.71238898038469,1.5707963267948966,1.5707963267948966,0.0,5.497787143782138,3.141592653589793,3.141592653589793,1.5707963267948966,0.0,4.71238898038469,6.283185307179586,0.0,1.5707963267948966
3.141592653589793,3.141592653589793,4.71238898038469,4.71238898038469,1.5707963267948966,4.71238898038469,0.0,4.71238898038469,0.0,0.0,4.71238898038469,4.71238898038469,1.5707963267948966,1.5707963267948966,0.0,4.71238898038469,3.9269908169872414,3.141592653589793,1.5707963267948966,0.0,4.71238898038469,6.283185307179586,0.0,1.5707963267948966
3.141592653589793,3.141592653589793,4.71238898038469,4.71238898038469,1.5707963267948966,4.71238898038469,0.0,4.71238898038469,0.0,0.0,4.71238898038469,4.71238898038469,1.5707963267948966,1.5707963267948966,0.0,4.71238898038469,3.141592653589793,3.9269908169872414,1.5707963267948966,0.0,4.71238898038469,6.283185307179586,0.0,1.5707963267948966
3.141592653589793,3.141592653589793,4.71238898038469,4.71238898038469,1.5707963267948966,4.71238898038469,0.0,4.71238898038469,0.0,0.0,4.71238898038469,4.71238898038469,1.5707963267948966,1.5707963267948966,0.0,4.71238898038469,3.141592653589793,3.141592653589793,2.356194490192345,0.0,4.71238898038469,6.283185307179586,0.0,1.5707963267948966
3.141592653589793,3.141592653589793,4.71238898038469,4.71238898038469,1.5707963267948966,4.71238898038469,0.0,4.71238898038469,0.0,0.0,4.71238898038469,4.71238898038469,1.5707963267948966,1.5707963267948966,0.0,4.71238898038469,3.141592653589793,3.141592653589793,1.5707963267948966,0.7853981633974483,4.71238898038469,6.283185307179586,0.0,1.5707963267948966
3.141592653589793,3.141592653589793,4.71238898038469,4.71238898038469,1.5707963267948966,4.71238898038469,0.0,4.71238898038469,0.0,0.0,4.71238898038469,4.71238898038469,1.5707963267948966,1.5707963267948966,0.0,4.71238898038469,3.141592653589793,3.141592653589793,1.5707963267948966,0.0,5.497787143782138,6.283185307179586,0.0,1.5707963267948966
3.141592653589793,3.141592653589793,4.71238898038469,4.71238898038469,1.5707963267948966,4.71238898038469,0.0,4.71238898038469,0.0,0.0,4.71238898038469,4.71238898038469,1.5707963267948966,1.5707963267948966,0.0,4.71238898038469,3.141592653589793,3.141592653589793,1.5707963267948966,0.0,4.71238898038469,6.283185307179586,0.7853981633974483,1.5707963267948966
3.141592653589793,3.141592653589793,4.71238898038469,4.71238898038469,1.5707963267948966,4.71238898038469,0.0,4.71238898038469,0.0,0.0,4.71238898038469,4.71238898038469,1.5707963267948966,1.5707963267948966,0.0,4.71238898038469,3.141592653589793,3.141592653589793,1.5707963267948966,0.0,4.71238898038469,6.283185307179586,0.0,2.356194490192345
2.356194490192345,3.141592653589793,4.71238898038469,4.71238898038469,1.5707963267948966,4.71238898038469,0.0,4.71238898038469,0.0,0.0,4.71238898038469,4.71238898038469,1.5707963267948966,1.5707963267948966,0.0,4.71238898038469,3.141592653589793,3.141592653589793,1.5707963267948966,0.0,4.71238898038469,6.283185307179586,0.0,1.5707963267948966
3.141592653589793,2.356194490192345,4.71238898038469,4.71238898038469,1.5707963267948966,4.71238898038469,0.0,4.71238898038469,0.0,0.0,4.71238898038469,4.71238898038469,1.5707963267948966,1.5707963267948966,0.0,4.71238898038469,3.141592653589793,3.141592653589793,1.5707963267948966,0.0,4.71238898038469,6.283185307179586,0.0,1.5707963267948966
3.141592653589793,3.141592653589793,3.9269908169872414,4.71238898038469,1.5707963267948966,4.71238898038469,0.0,4.71238898038469,0.0,0.0,4.71238898038469,4.71238898038469,1.5707963267948966,1.5707963267948966,0.0,4.71238898038469,3.141592653589793,3.141592653589793,1.5707963267948966,0.0,4.71238898038469,6.283185307179586,0.0,1.5707963267948966
3.141592653589793,3.141592653589793,4.71238898038469,3.9269908169872414,1.5707963267948966,4.71238898038469,0.0,4.71238898038469,0.0,0.0,4.71238898038469,4.71238898038469,1.5707963267948966,1.5707963267948966,0.0,4.71238898038469,3.141592653589793,3.141592653589793,1.5707963267948966,0.0,4.71238898038469,6.283185307179586,0.0,1.5707963267948966
3.141592653589793,3.141592653589793,4.71238898038469,4.71238898038469,0.7853981633974483,4.71238898038469,0.0,4.71238898038469,0.0,0.0,4.71238898038469,4.71238898038469,1.5707963267948966,1.5707963267948966,0.0,4.71238898038469,3.141592653589793,3.141592653589793,1.5707963267948966,0.0,4.71238898038469,6.283185307179586,0.0,1.5707963267948966
3.141592653589793,3.141592653589793,4.71238898038469,4.71238898038469,1.5707963267948966,3.9269908169872414,0.0,4.71238898038469,0.0,0.0,4.71238898038469,4.71238898038469,1.5707963267948966,1.5707963267948966,0.0,4.71238898038469,3.141592653589793,3.141592653589793,1.5707963267948966,0.0,4.71238898038469,6.283185307179586,0.0,1.5707963267948966
3.141592653589793,3.141592653589793,4.71238898038469,4.71238898038469,1.5707963267948966,4.71238898038469,0.0,3.9269908169872414,0.0,0.0,4.71238898038469,4.71238898038469,1.5707963267948966,1.5707963267948966,0.0,4.71238898038469,3.141592653589793,3.141592653589793,1.5707963267948966,0.0,4.71238898038469,6.283185307179586,0.0,1.5707963267948966
3.141592653589793,3.141592653589793,4.71238898038469,4.71238898038469,1.5707963267948966,4.71238898038469,0.0,4.71238898038469,0.0,0.0,3.9269908169872414,4.71238898038469,1.5707963267948966,1.5707963267948966,0.0,4.71238898038469,3.141592653589793,3.141592653589793,1.5707963267948966,0.0,4.71238898038469,6.283185307179586,0.0,1.5707963267948966
3.141592653589793,3.141592653589793,4.71238898038469,4.71238898038469,1.5707963267948966,4.71238898038469,0.0,4.71238898038469,0.0,0.0,4.71238898038469,3.9269908169872414,1.5707963267948966,1.5707963267948966,0.0,4.71238898038469,3.141592653589793,3.141592653589793,1.5707963267948966,0.0,4.71238898038469,6.283185307179586,0.0,1.5707963267948966
3.141592653589793,3.141592653589793,4.71238898038469,4.71238898038469,1.5707963267948966,4.71238898038469,0.0,4.71238898038469,0.0,0.0,4.71238898038469,4.71238898038469,0.7853981633974483,1.5707963267948966,0.0,4.71238898038469,3.141592653589793,3.141592653589793,1.5707963267948966,0.0,4.71238898038469,6.283185307179586,0.0,1.5707963267948966
3.141592653589793,3.141592653589793,4.71238898038469,4.71238898038469,1.5707963267948966,4.71238898038469,0.0,4.71238898038469,0.0,0.0,4.71238898038469,4.71238898038469,1.5707963267948966,0.7853981633974483,0.0,4.71238898038469,3.141592653589793,3.141592653589793,1.5707963267948966,0.0,4.71238898038469,6.283185307179586,0.0,1.5707963267948966
3.141592653589793,3.141592653589793,4.71238898038469,4.71238898038469,1.5707963267948966,4.71238898038469,0.0,4.71238898038469,0.0,0.0,4.71238898038469,4.71238898038469,1.5707963267948966,1.5707963267948966,0.0,3.9269908169872414,3.141592653589793,3.141592653589793,1.5707963267948966,0.0,4.71238898038469,6.283185307179586,0.0,1.5707963267948966
3.141592653589793,3.141592653589793,4.71238898038469,4.71238898038469,1.5707963267948966,4.71238898038469,0.0,4.71238898038469,0.0,0.0,4.71238898038469,4.71238898038469,1.5707963267948966,1.5707963267948966,0.0,4.71238898038469,2.356194490192345,3.141592653589793,1.5707963267948966,0.0,4.71238898038469,6.283185307179586,0.0,1.5707963267948966
3.141592653589793,3.141592653589793,4.71238898038469,4.71238898038469,1.5707963267948966,4.71238898038469,0.0,4.71238898038469,0.0,0.0,4.71238898038469,4.71238898038469,1.5707963267948966,1.5707963267948966,0.0,4.71238898038469,3.141592653589793,2.356194490192345,1.5707963267948966,0.0,4.71238898038469,6.283185307179586,0.0,1.5707963267948966
3.141592653589793,3.141592653589793,4.71238898038469,4.71238898038469,1.5707963267948966,4.71238898038469,0.0,4.71238898038469,0.0,0.0,4.71238898038469,4.71238898038469,1.5707963267948966,1.5707963267948966,0.0,4.71238898038469,3.141592653589793,3.141592653589793,0.7853981633974483,0.0,4.71238898038469,6.283185307179586,0.0,1.5707963267948966
3.141592653589793,3.141592653589793,4.71238898038469,4.71238898038469,1.5707963267948966,4.71238898038469,0.0,4.71238898038469,0.0,0.0,4.71238898038469,4.71238898038469,1.5707963267948966,1.5707963267948966,0.0,4.71238898038469,3.141592653589793,3.141592653589793,1.5707963267948966,0.0,3.9269908169872414,6.283185307179586,0.0,1.5707963267948966
3.141592653589793,3.141592653589793,4.71238898038469,4.71238898038469,1.5707963267948966,4.71238898038469,0.0,4.71238898038469,0.0,0.0,4.71238898038469,4.71238898038469,1.5707963267948966,1.5707963267948966,0.0,4.71238898038469,3.141592653589793,3.141592653589793,1.5707963267948966,0.0,4.71238898038469,5.497787143782138,0.0,1.5707963267948966
3.141592653589793,3.141592653589793,4.71238898038469,4.71238898038469,1.5707963267948966,4.71238898038469,0.0,4.71238898038469,0.0,0.0,4.71238898038469,4.71238898038469,1.5707963267948966,1.5707963267948966,0.0,4.71238898038469,3.141592653589793,3.141592653589793,1.5707963267948966,0.0,4.71238898038469,6.283185307179586,0.0,0.7853981633974483
3.5342917352885173,3.141592653589793,4.71238898038469,4.71238898038469,1.5707963267948966,4.71238898038469,0.0,4.71238898038469,0.0,0.0,4.71238898038469,4.71238898038469,1.5707963267948966,1.5707963267948966,0.0,4.71238898038469,3.141592653589793,3.141592653589793,1.5707963267948966,0.0,4.71238898038469,6.283185307179586,0.0,1.5707963267948966
3.141592653589793,3.5342917352885173,4.71238898038469,4.71238898038469,1.5707963267948966,4.71238898038469,0.0,4.71238898038469,0.0,0.0,4.71238898038469,4.71238898038469,1.5707963267948966,1.5707963267948966,0.0,4.71238898038469,3.141592653589793,3.141592653589793,1.5707963267948966,0.0,4.71238898038469,6.283185307179586,0.0,1.5707963267948966
3.141592653589793,3.141592653589793,5.105088062083414,4.71238898038469,1.5707963267948966,4.71238898038469,0.0,4.71238898038469,0.0,0.0,4.71238898038469,4.71238898038469,1.5707963267948966,1.5707963267948966,0.0,4.71238898038469,3.141592653589793,3.141592653589793,1.5707963267948966,0.0,4.71238898038469,6.283185307179586,0.0,1.5707963267948966
3.141592653589793,3.141592653589793,4.71238898038469,5.105088062083414,1.5707963267948966,4.71238898038469,0.0,4.71238898038469,0.0,0.0,4.71238898038469,4.71238898038469,1.5707963267948966,1.5707963267948966,0.0,4.71238898038469,3.141592653589793,3.141592653589793,1.5707963267948966,0.0,4.71238898038469,6.283185307179586,0.0,1.5707963267948966
3.141592653589793,3.141592653589793,4.71238898038469,4.71238898038469,1.9634954084936207,4.71238898038469,0.0,4.71238898038469,0.0,0.0,4.71238898038469,4.71238898038469,1.5707963267948966,1.5707963267948966,0.0,4.71238898038469,3.141592653589793,3.141592653589793,1.5707963267948966,0.0,4.71238898038469,6.283185307179586,0.0,1.5707963267948966
3.141592653589793,3.141592653589793,4.71238898038469,4.71238898038469,1.5707963267948966,5.105088062083414,0.0,4.71238898038469,0.0,0.0,4.71238898038469,4.71238898038469,1.5707963267948966,1.5707963267948966,0.0,4.71238898038469,3.141592653589793,3.141592653589793,1.5707963267948966,0.0,4.71238898038469,6.283185307179586,0.0,1.5707963267948966
3.141592653589793,3.141592653589793,4.71238898038469,4.71238898038469,1.5707963267948966,4.71238898038469,0.39269908169872414,4.71238898038469,0.0,0.0,4.71238898038469,4.71238898038469,1.5707963267948966,1.5707963267948966,0.0,4.71238898038469,3.141592653589793,3.141592653589793,1.5707963267948966,0.0,4.71238898038469,6.283185307179586,0.0,1.5707963267948966
3.141592653589793,3.141592653589793,4.71238898038469,4.71238898038469,1.5707963267948966,4.71238898038469,0.0,5.105088062083414,0.0,0.0,4.71238898038469,4.71238898038469,1.5707963267948966,1.5707963267948966,0.0,4.71238898038469,3.141592653589793,3.141592653589793,1.5707963267948966,0.0,4.71238898038469,6.283185307179586,0.0,1.5707963267948966
3.141592653589793,3.141592653589793,4.71238898038469,4.71238898038469,1.5707963267948966,4.71238898038469,0.0,4.71238898038469,0.39269908169872414,0.0,4.71238898038469,4.71238898038469,1.5707963267948966,1.5707963267948966,0.0,4.71238898038469,3.141592653589793,3.141592653589793,1.5707963267948966,0.0,4.71238898038469,6.283185307179586,0.0,1.5707963267948966
3.141592653589793,3.141592653589793,4.71238898038469,4.71238898038469,1.5707963267948966,4.71238898038469,0.0,4.71238898038469,0.0,0.39269908169872414,4.71238898038469,4.71238898038469,1.5707963267948966,1.5707963267948966,0.0,4.71238898038469,3.141592653589793,3.141592653589793,1.5707963267948966,0.0,4.71238898038469,6.283185307179586,0.0,1.5707963267948966
3.141592653589793,3.141592653589793,4.71238898038469,4.71238898038469,1.5707963267948966,4.71238898038469,0.0,4.71238898038469,0.0,0.0,5.105088062083414,4.71238898038469,1.5707963267948966,1.5707963267948966,0.0,4.71238898038469,3.141592653589793,3.141592653589793,1.5707963267948966,0.0,4.71238898038469,6.283185307179586,0.0,1.5707963267948966
3.141592653589793,3.141592653589793,4.71238898038469,4.71238898038469,1.5707963267948966,4.71238898038469,0.0,4.71238898038469,0.0,0.0,4.71238898038469,5.105088062083414,1.5707963267948966,1.5707963267948966,0.0,4.71238898038469,3.141592653589793,3.141592653589793,1.5707963267948966,0.0,4.71238898038469,6.283185307179586,0.0,1.5707963267948966
3.141592653589793,3.141592653589793,4.71238898038469,4.71238898038469,1.5707963267948966,4.71238898038469,0.0,4.71238898038469,0.0,0.0,4.71238898038469,4.71238898038469,1.9634954084936207,1.5707963267948966,0.0,4.71238898038469,3.141592653589793,3.141592653589793,1.5707963267948966,0.0,4.71238898038469,6.283185307179586,0.0,1.5707963267948966
3.141592653589793,3.141592653589793,4.71238898038469,4.71238898038469,1.5707963267948966,4.71238898038469,0.0,4.71238898038469,0.0,0.0,4.71238898038469,4.71238898038469,1.5707963267948966,1.9634954084936207,0.0,4.71238898038469,3.141592653589793,3.141592653589793,1.5707963267948966,0.0,4.71238898038469,6.283185307179586,0.0,1.5707963267948966
3.141592653589793,3.141592653589793,4.71238898038469,4.71238898038469,1.5707963267948966,4.71238898038469,0.0,4.71238898038469,0.0,0.0,4.71238898038469,4.71238898038469,1.5707963267948966,1.5707963267948966,0.39269908169872414,4.71238898038469,3.141592653589793,3.141592653589793,1.5707963267948966,0.0,4.71238898038469,6.283185307179586,0.0,1.5707963267948966
3.141592653589793,3.141592653589793,4.71238898038469,4.71238898038469,1.5707963267948966,4.71238898038469,0.0,4.71238898038469,0.0,0.0,4.71238898038469,4.71238898038469,1.5707963267948966,1.5707963267948966,0.0,5.105088062083414,3.141592653589793,3.141592653589793,1.5707963267948966,0.0,4.71238898038469,6.283185307179586,0.0,1.5707963267948966
3.141592653589793,3.141592653589793,4.71238898038469,4.71238898038469,1.5707963267948966,4.71238898038469,0.0,4.71238898038469,0.0,0.0,4.71238898038469,4.71238898038469,1.5707963267948966,1.5707963267948966,0.0,4.71238898038469,3.5342917352885173,3.141592653589793,1.5707963267948966,0.0,4.71238898038469,6.283185307179586,0.0,1.5707963267948966
3.141592653589793,3.141592653589793,4.71238898038469,4.71238898038469,1.5707963267948966,4.71238898038469,0.0,4.71238898038469,0.0,0.0,4.71238898038469,4.71238898038469,1.5707963267948966,1.5707963267948966,0.0,4.71238898038469,3.141592653589793,3.5342917352885173,1.5707963267948966,0.0,4.71238898038469,6.283185307179586,0.0,1.5707963267948966
3.141592653589793,3.141592653589793,4.71238898038469,4.71238898038469,1.5707963267948966,4.71238898038469,0.0,4.71238898038469,0.0,0.0,4.71238898038469,4.71238898038469,1.5707963267948966,1.5707963267948966,0.0,4.71238898038469,3.141592653589793,3.141592653589793,1.9634954084936207,0.0,4.71238898038469,6.283185307179586,0.0,1.5707963267948966
3.141592653589793,3.141592653589793,4.71238898038469,4.71238898038469,1.5707963267948966,4.71238898038469,0.0,4.71238898038469,0.0,0.0,4.71238898038469,4.71238898038469,1.5707963267948966,1.5707963267948966,0.0,4.71238898038469,3.141592653589793,3.141592653589793,1.5707963267948966,0.39269908169872414,4.71238898038469,6.283185307179586,0.0,1.5707963267948966
3.141592653589793,3.141592653589793,4.71238898038469,4.71238898038469,1.5707963267948966,4.71238898038469,0.0,4.71238898038469,0.0,0.0,4.71238898038469,4.71238898038469,1.5707963267948966,1.5707963267948966,0.0,4.71238898038469,3.141592653589793,3.141592653589793,1.5707963267948966,0.0,5.105088062083414,6.283185307179586,0.0,1.5707963267948966
3.141592653589793,3.141592653589793,4.71238898038469,4.71238898038469,1.5707963267948966,4.71238898038469,0.0,4.71238898038469,0.0,0.0,4.71238898038469,4.71238898038469,1.5707963267948966,1.5707963267948966,0.0,4.71238898038469,3.141592653589793,3.141592653589793,1.5707963267948966,0.0,4.71238898038469,6.283185307179586,0.39269908169872414,1.5707963267948966
3.141592653589793,3.141592653589793,4.71238898038469,4.71238898038469,1.5707963267948966,4.71238898038469,0.0,4.71238898038469,0.0,0.0,4.71238898038469,4.71238898038469,1.5707963267948966,1.5707963267948966,0.0,4.71238898038469,3.141592653589793,3.141592653589793,1.5707963267948966,0.0,4.71238898038469,6.283185307179586,0.0,1.9634954084936207
2.748893571891069,3.141592653589793,4.71238898038469,4.71238898038469,1.5707963267948966,4.71238898038469,0.0,4.71238898038469,0.0,0.0,4.71238898038469,4.71238898038469,1.5707963267948966,1.5707963267948966,0.0,4.71238898038469,3.141592653589793,3.141592653589793,1.5707963267948966,0.0,4.71238898038469,6.283185307179586,0.0,1.5707963267948966
3.141592653589793,2.748893571891069,4.71238898038469,4.71238898038469,1.5707963267948966,4.71238898038469,0.0,4.71238898038469,0.0,0.0,4.71238898038469,4.71238898038469,1.5707963267948966,1.5707963267948966,0.0,4.71238898038469,3.141592653589793,3.141592653589793,1.5707963267948966,0.0,4.71238898038469,6.283185307179586,0.0,1.5707963267948966
3.141592653589793,3.141592653589793,4.319689898685965,4.71238898038469,1.5707963267948966,4.71238898038469,0.0,4.71238898038469,0.0,0.0,4.71238898038469,4.71238898038469,1.5707963267948966,1.5707963267948966,0.0,4.71238898038469,3.141592653589793,3.141592653589793,1.5707963267948966,0.0,4.71238898038469,6.283185307179586,0.0,1.5707963267948966
3.141592653589793,3.141592653589793,4.71238898038469,4.319689898685965,1.5707963267948966,4.71238898038469,0.0,4.71238898038469,0.0,0.0,4.71238898038469,4.71238898038469,1.5707963267948966,1.5707963267948966,0.0,4.71238898038469,3.141592653589793,3.141592653589793,1.5707963267948966,0.0,4.71238898038469,6.283185307179586,0.0,1.5707963267948966
3.141592653589793,3.141592653589793,4.71238898038469,4.71238898038469,1.1780972450961724,4.71238898038469,0.0,4.71238898038469,0.0,0.0,4.71238898038469,4.71238898038469,1.5707963267948966,1.5707963267948966,0.0,4.71238898038469,3.141592653589793,3.141592653589793,1.5707963267948966,0.0,4.71238898038469,6.283185307179586,0.0,1.5707963267948966
3.141592653589793,3.141592653589793,4.71238898038469,4.71238898038469,1.5707963267948966,4.319689898685965,0.0,4.71238898038469,0.0,0.0,4.71238898038469,4.71238898038469,1.5707963267948966,1.5707963267948966,0.0,4.71238898038469,3.141592653589793,3.141592653589793,1.5707963267948966,0.0,4.71238898038469,6.283185307179586,0.0,1.5707963267948966
3.141592653589793,3.141592653589793,4.71238898038469,4.71238898038469,1.5707963267948966,4.71238898038469,0.0,4.319689898685965,0.0,0.0,4.71238898038469,4.71238898038469,1.5707963267948966,1.5707963267948966,0.0,4.71238898038469,3.141592653589793,3.141592653589793,1.5707963267948966,0.0,4.71238898038469,6.283185307179586,0.0,1.5707963267948966
3.141592653589793,3.141592653589793,4.71238898038469,4.71238898038469,1.5707963267948966,4.71238898038469,0.0,4.71238898038469,0.0,0.0,4.319689898685965,4.71238898038469,1.5707963267948966,1.5707963267948966,0.0,4.71238898038469,3.141592653589793,3.141592653589793,1.5707963267948966,0.0,4.71238898038469,6.283185307179586,0.0,1.5707963267948966
3.141592653589793,3.141592653589793,4.71238898038469,4.71238898038469,1.5707963267948966,4.71238898038469,0.0,4.71238898038469,0.0,0.0,4.71238898038469,4.319689898685965,1.5707963267948966,1.5707963267948966,0.0,4.71238898038469,3.141592653589793,3.141592653589793,1.5707963267948966,0.0,4.71238898038469,6.283185307179586,0.0,1.5707963267948966
3.141592653589793,3.141592653589793,4.71238898038469,4.71238898038469,1.5707963267948966,4.71238898038469,0.0,4.71238898038469,0.0,0.0,4.71238898038469,4.71238898038469,1.1780972450961724,1.5707963267948966,0.0,4.71238898038469,3.141592653589793,3.141592653589793,1.5707963267948966,0.0,4.71238898038469,6.283185307179586,0.0,1.5707963267948966
3.141592653589793,3.141592653589793,4.71238898038469,4.71238898038469,1.5707963267948966,4.71238898038469,0.0,4.71238898038469,0.0,0.0,4.71238898038469,4.71238898038469,1.5707963267948966,1.1780972450961724,0.0,4.71238898038469,3.141592653589793,3.141592653589793,1.5707963267948966,0.0,4.71238898038469,6.283185307179586,0.0,1.5707963267948966
3.141592653589793,3.141592653589793,4.71238898038469,4.71238898038469,1.5707963267948966,4.71238898038469,0.0,4.71238898038469,0.0,0.0,4.71238898038469,4.71238898038469,1.5707963267948966,1.5707963267948966,0.0,4.319689898685965,3.141592653589793,3.141592653589793,1.5707963267948966,0.0,4.71238898038469,6.283185307179586,0.0,1.5707963267948966
3.141592653589793,3.141592653589793,4.71238898038469,4.71238898038469,1.5707963267948966,4.71238898038469,0.0,4.71238898038469,0.0,0.0,4.71238898038469,4.71238898038469,1.5707963267948966,1.5707963267948966,0.0,4.71238898038469,2.748893571891069,3.141592653589793,1.5707963267948966,0.0,4.71238898038469,6.283185307179586,0.0,1.5707963267948966
3.141592653589793,3.141592653589793,4.71238898038469,4.71238898038469,1.5707963267948966,4.71238898038469,0.0,4.71238898038469,0.0,0.0,4.71238898038469,4.71238898038469,1.5707963267948966,1.5707963267948966,0.0,4.71238898038469,3.141592653589793,2.748893571891069,1.5707963267948966,0.0,4.71238898038469,6.283185307179586,0.0,1.5707963267948966
3.141592653589793,3.141592653589793,4.71238898038469,4.71238898038469,1.5707963267948966,4.71238898038469,0.0,4.71238898038469,0.0,0.0,4.71238898038469,4.71238898038469,1.5707963267948966,1.5707963267948966,0.0,4.71238898038469,3.141592653589793,3.141592653589793,1.1780972450961724,0.0,4.71238898038469,6.283185307179586,0.0,1.5707963267948966
3.141592653589793,3.141592653589793,4.71238898038469,4.71238898038469,1.5707963267948966,4.71238898038469,0.0,4.71238898038469,0.0,0.0,4.71238898038469,4.71238898038469,1.5707963267948966,1.5707963267948966,0.0,4.71238898038469,3.141592653589793,3.141592653589793,1.5707963267948966,0.0,4.319689898685965,6.283185307179586,0.0,1.5707963267948966
3.141592653589793,3.141592653589793,4.71238898038469,4.71238898038469,1.5707963267948966,4.71238898038469,0.0,4.71238898038469,0.0,0.0,4.71238898038469,4.71238898038469,1.5707963267948966,1.5707963267948966,0.0,4.71238898038469,3.141592653589793,3.141592653589793,1.5707963267948966,0.0,4.71238898038469,5.890486225480862,0.0,1.5707963267948966
3.141592653589793,3.141592653589793,4.71238898038469,4.71238898038469,1.5707963267948966,4.71238898038469,0.0,4.71238898038469,0.0,0.0,4.71238898038469,4.71238898038469,1.5707963267948966,1.5707963267948966,0.0,4.71238898038469,3.141592653589793,3.141592653589793,1.5707963267948966,0.0,4.71238898038469,6.283185307179586,0.0,1.1780972450961724
3.3379421944391554,3.141592653589793,4.71238898038469,4.71238898038469,1.5707963267948966,4.71238898038469,0.0,4.71238898038469,0.0,0.0,4.71238898038469,4.71238898038469,1.5707963267948966,1.5707963267948966,0.0,4.71238898038469,3.141592653589793,3.141592653589793,1.5707963267948966,0.0,4.71238898038469,6.283185307179586,0.0,1.5707963267948966
3.141592653589793,3.3379421944391554,4.71238898038469,4.71238898038469,1.5707963267948966,4.71238898038469,0.0,4.71238898038469,0.0,0.0,4.71238898038469,4.71238898038469,1.5707963267948966,1.5707963267948966,0.0,4.71238898038469,3.141592653589793,3.141592653589793,1.5707963267948966,0.0,4.71238898038469,6.283185307179586,0.0,1.5707963267948966
3.141592653589793,3.141592653589793,4.908738521234052,4.71238898038469,1.5707963267948966,4.71238898038469,0.0,4.71238898038469,0.0,0.0,4.71238898038469,4.71238898038469,1.5707963267948966,1.5707963267948966,0.0,4.71238898038469,3.141592653589793,3.141592653589793,1.5707963267948966,0.0,4.71238898038469,6.283185307179586,0.0,1.5707963267948966
3.141592653589793,3.141592653589793,4.71238898038469,4.908738521234052,1.5707963267948966,4.71238898038469,0.0,4.71238898038469,0.0,0.0,4.71238898038469,4.71238898038469,1.5707963267948966,1.5707963267948966,0.0,4.71238898038469,3.141592653589793,3.141592653589793,1.5707963267948966,0.0,4.71238898038469,6.283185307179586,0.0,1.5707963267948966
3.141592653589793,3.141592653589793,4.71238898038469,4.71238898038469,1.7671458676442586,4.71238898038469,0.0,4.71238898038469,0.0,0.0,4.71238898038469,4.71238898038469,1.5707963267948966,1.5707963267948966,0.0,4.71238898038469,3.141592653589793,3.141592653589793,1.5707963267948966,0.0,4.71238898038469,6.283185307179586,0.0,1.5707963267948966
3.141592653589793,3.141592653589793,4.71238898038469,4.71238898038469,1.5707963267948966,4.908738521234052,0.0,4.71238898038469,0.0,0.0,4.71238898038469,4.71238898038469,1.5707963267948966,1.5707963267948966,0.0,4.71238898038469,3.141592653589793,3.141592653589793,1.5707963267948966,0.0,4.71238898038469,6.283185307179586,0.0,1.5707963267948966
3.141592653589793,3.141592653589793,4.71238898038469,4.71238898038469,1.5707963267948966,4.71238898038469,0.19634954084936207,4.71238898038469,0.0,0.0,4.71238898038469,4.71238898038469,1.5707963267948966,1.5707963267948966,0.0,4.71238898038469,3.141592653589793,3.141592653589793,1.5707963267948966,0.0,4.71238898038469,6.283185307179586,0.0,1.5707963267948966
3.141592653589793,3.141592653589793,4.71238898038469,4.71238898038469,1.5707963267948966,4.71238898038469,0.0,4.908738521234052,0.0,0.0,4.71238898038469,4.71238898038469,1.5707963267948966,1.5707963267948966,0.0,4.71238898038469,3.141592653589793,3.141592653589793,1.5707963267948966,0.0,4.71238898038469,6.283185307179586,0.0,1.5707963267948966
3.141592653589793,3.141592653589793,4.71238898038469,4.71238898038469,1.5707963267948966,4.71238898038469,0.0,4.71238898038469,0.19634954084936207,0.0,4.71238898038469,4.71238898038469,1.5707963267948966,1.5707963267948966,0.0,4.71238898038469,3.141592653589793,3.141592653589793,1.5707963267948966,0.0,4.71238898038469,6.283185307179586,0.0,1.5707963267948966
3.141592653589793,3.141592653589793,4.71238898038469,4.71238898038469,1.5707963267948966,4.71238898038469,0.0,4.71238898038469,0.0,0.19634954084936207,4.71238898038469,4.71238898038469,1.5707963267948966,1.5707963267948966,0.0,4.71238898038469,3.141592653589793,3.141592653589793,1.5707963267948966,0.0,4.71238898038469,6.283185307179586,0.0,1.5707963267948966
3.141592653589793,3.141592653589793,4.71238898038469,4.71238898038469,1.5707963267948966,4.71238898038469,0.0,4.71238898038469,0.0,0.0,4.908738521234052,4.71238898038469,1.5707963267948966,1.5707963267948966,0.0,4.71238898038469,3.141592653589793,3.141592653589793,1.5707963267948966,0.0,4.71238898038469,6.283185307179586,0.0,1.5707963267948966
3.141592653589793,3.141592653589793,4.71238898038469,4.71238898038469,1.5707963267948966,4.71238898038469,0.0,4.71238898038469,0.0,0.0,4.71238898038469,4.908738521234052,1.5707963267948966,1.5707963267948966,0.0,4.71238898038469,3.141592653589793,3.141592653589793,1.5707963267948966,0.0,4.71238898038469,6.283185307179586,0.0,1.5707963267948966
3.141592653589793,3.141592653589793,4.71238898038469,4.71238898038469,1.5707963267948966,4.71238898038469,0.0,4.71238898038469,0.0,0.0,4.71238898038469,4.71238898038469,1.7671458676442586,1.5707963267948966,0.0,4.71238898038469,3.141592653589793,3.141592653589793,1.5707963267948966,0.0,4.71238898038469,6.283185307179586,0.0,1.5707963267948966
3.141592653589793,3.141592653589793,4.71238898038469,4.71238898038469,1.5707963267948966,4.71238898038469,0.0,4.71238898038469,0.0,0.0,4.71238898038469,4.71238898038469,1.5707963267948966,1.7671458676442586,0.0,4.71238898038469,3.141592653589793,3.141592653589793,1.5707963267948966,0.0,4.71238898038469,6.283185307179586,0.0,1.5707963267948966
3.141592653589793,3.141592653589793,4.71238898038469,4.71238898038469,1.5707963267948966,4.71238898038469,0.0,4.71238898038469,0.0,0.0,4.71238898038469,4.71238898038469,1.5707963267948966,1.5707963267948966,0.19634954084936207,4.71238898038469,3.141592653589793,3.141592653589793,1.5707963267948966,0.0,4.71238898038469,6.283185307179586,0.0,1.5707963267948966
3.141592653589793,3.141592653589793,4.71238898038469,4.71238898038469,1.5707963267948966,4.71238898038469,0.0,4.71238898038469,0.0,0.0,4.71238898038469,4.71238898038469,1.5707963267948966,1.5707963267948966,0.0,4.908738521234052,3.141592653589793,3.141592653589793,1.5707963267948966,0.0,4.71238898038469,6.283185307179586,0.0,1.5707963267948966
3.141592653589793,3.141592653589793,4.71238898038469,4.71238898038469,1.5707963267948966,4.71238898038469,0.0,4.71238898038469,0.0,0.0,4.71238898038469,4.71238898038469,1.5707963267948966,1.5707963267948966,0.0,4.71238898038469,3.3379421944391554,3.141592653589793,1.5707963267948966,0.0,4.71238898038469,6.283185307179586,0.0,1.5707963267948966
3.141592653589793,3.141592653589793,4.71238898038469,4.71238898038469,1.5707963267948966,4.71238898038469,0.0,4.71238898038469,0.0,0.0,4.71238898038469,4.71238898038469,1.5707963267948966,1.5707963267948966,0.0,4.71238898038469,3.141592653589793,3.3379421944391554,1.5707963267948966,0.0,4.71238898038469,6.283185307179586,0.0,1.5707963267948966
3.141592653589793,3.141592653589793,4.71238898038469,4.71238898038469,1.5707963267948966,4.71238898038469,0.0,4.71238898038469,0.0,0.0,4.71238898038469,4.71238898038469,1.5707963267948966,1.5707963267948966,0.0,4.71238898038469,3.141592653589793,3.141592653589793,1.7671458676442586,0.0,4.71238898038469,6.283185307179586,0.0,1.5707963267948966
3.141592653589793,3.141592653589793,4.71238898038469,4.71238898038469,1.5707963267948966,4.71238898038469,0.0,4.71238898038469,0.0,0.0,4.71238898038469,4.71238898038469,1.5707963267948966,1.5707963267948966,0.0,4.71238898038469,3.141592653589793,3.141592653589793,1.5707963267948966,0.19634954084936207,4.71238898038469,6.283185307179586,0.0,1.5707963267948966
3.141592653589793,3.141592653589793,4.71238898038469,4.71238898038469,1.5707963267948966,4.71238898038469,0.0,4.71238898038469,0.0,0.0,4.71238898038469,4.71238898038469,1.5707963267948966,1.5707963267948966,0.0,4.71238898038469,3.141592653589793,3.141592653589793,1.5707963267948966,0.0,4.908738521234052,6.283185307179586,0.0,1.5707963267948966
3.141592653589793,3.141592653589793,4.71238898038469,4.71238898038469,1.5707963267948966,4.71238898038469,0.0,4.71238898038469,0.0,0.0,4.71238898038469,4.71238898038469,1.5707963267948966,1.5707963267948966,0.0,4.71238898038469,3.141592653589793,3.141592653589793,1.5707963267948966,0.0,4.71238898038469,6.283185307179586,0.19634954084936207,1.5707963267948966
3.141592653589793,3.141592653589793,4.71238898038469,4.71238898038469,1.5707963267948966,4.71238898038469,0.0,4.71238898038469,0.0,0.0,4.71238898038469,4.71238898038469,1.5707963267948966,1.5707963267948966,0.0,4.71238898038469,3.141592653589793,3.141592653589793,1.5707963267948966,0.0,4.71238898038469,6.283185307179586,0.0,1.7671458676442586
2.945243112740431,3.141592653589793,4.71238898038469,4.71238898038469,1.5707963267948966,4.71238898038469,0.0,4.71238898038469,0.0,0.0,4.71238898038469,4.71238898038469,1.5707963267948966,1.5707963267948966,0.0,4.71238898038469,3.141592653589793,3.141592653589793,1.5707963267948966,0.0,4.71238898038469,6.283185307179586,0.0,1.5707963267948966
3.141592653589793,2.945243112740431,4.71238898038469,4.71238898038469,1.5707963267948966,4.71238898038469,0.0,4.71238898038469,0.0,0.0,4.71238898038469,4.71238898038469,1.5707963267948966,1.5707963267948966,0.0,4.71238898038469,3.141592653589793,3.141592653589793,1.5707963267948966,0.0,4.71238898038469,6.283185307179586,0.0,1.5707963267948966
3.141592653589793,3.141592653589793,4.516039439535327,4.71238898038469,1.5707963267948966,4.71238898038469,0.0,4.71238898038469,0.0,0.0,4.71238898038469,4.71238898038469,1.5707963267948966,1.5707963267948966,0.0,4.71238898038469,3.141592653589793,3.141592653589793,1.5707963267948966,0.0,4.71238898038469,6.283185307179586,0.0,1.5707963267948966
3.141592653589793,3.141592653589793,4.71238898038469,4.516039439535327,1.5707963267948966,4.71238898038469,0.0,4.71238898038469,0.0,0.0,4.71238898038469,4.71238898038469,1.5707963267948966,1.5707963267948966,0.0,4.71238898038469,3.141592653589793,3.141592653589793,1.5707963267948966,0.0,4.71238898038469,6.283185307179586,0.0,1.5707963267948966
3.141592653589793,3.141592653589793,4.71238898038469,4.71238898038469,1.3744467859455345,4.71238898038469,0.0,4.71238898038469,0.0,0.0,4.71238898038469,4.71238898038469,1.5707963267948966,1.5707963267948966,0.0,4.71238898038469,3.141592653589793,3.141592653589793,1.5707963267948966,0.0,4.71238898038469,6.283185307179586,0.0,1.5707963267948966
3.141592653589793,3.141592653589793,4.71238898038469,4.71238898038469,1.5707963267948966,4.516039439535327,0.0,4.71238898038469,0.0,0.0,4.71238898038469,4.71238898038469,1.5707963267948966,1.5707963267948966,0.0,4.71238898038469,3.141592653589793,3.141592653589793,1.5707963267948966,0.0,4.71238898038469,6.283185307179586,0.0,1.5707963267948966
3.141592653589793,3.141592653589793,4.71238898038469,4.71238898038469,1.5707963267948966,4.71238898038469,0.0,4.516039439535327,0.0,0.0,4.71238898038469,4.71238898038469,1.5707963267948966,1.5707963267948966,0.0,4.71238898038469,3.141592653589793,3.141592653589793,1.5707963267948966,0.0,4.71238898038469,6.283185307179586,0.0,1.5707963267948966
3.141592653589793,3.141592653589793,4.71238898038469,4.71238898038469,1.5707963267948966,4.71238898038469,0.0,4.71238898038469,0.0,0.0,4.516039439535327,4.71238898038469,1.5707963267948966,1.5707963267948966,0.0,4.71238898038469,3.141592653589793,3.141592653589793,1.5707963267948966,0.0,4.71238898038469,6.283185307179586,0.0,1.5707963267948966
3.141592653589793,3.141592653589793,4.71238898038469,4.71238898038469,1.5707963267948966,4.71238898038469,0.0,4.71238898038469,0.0,0.0,4.71238898038469,4.516039439535327,1.5707963267948966,1.5707963267948966,0.0,4.71238898038469,3.141592653589793,3.141592653589793,1.5707963267948966,0.0,4.71238898038469,6.283185307179586,0.0,1.5707963267948966
3.141592653589793,3.141592653589793,4.71238898038469,4.71238898038469,1.5707963267948966,4.71238898038469,0.0,4.71238898038469,0.0,0.0,4.71238898038469,4.71238898038469,1.3744467859455345,1.5707963267948966,0.0,4.71238898038469,3.141592653589793,3.141592653589793,1.5707963267948966,0.0,4.71238898038469,6.283185307179586,0.0,1.5707963267948966
3.141592653589793,3.141592653589793,4.71238898038469,4.71238898038469,1.5707963267948966,4.71238898038469,0.0,4.71238898038469,0.0,0.0,4.71238898038469,4.71238898038469,1.5707963267948966,1.3744467859455345,0.0,4.71238898038469,3.141592653589793,3.141592653589793,1.5707963267948966,0.0,4.71238898038469,6.283185307179586,0.0,1.5707963267948966
3.141592653589793,3.141592653589793,4.71238898038469,4.71238898038469,1.5707963267948966,4.71238898038469,0.0,4.71238898038469,0.0,0.0,4.71238898038469,4.71238898038469,1.5707963267948966,1.5707963267948966,0.0,4.516039439535327,3.141592653589793,3.141592653589793,1.5707963267948966,0.0,4.71238898038469,6.283185307179586,0.0,1.5707963267948966
3.141592653589793,3.141592653589793,4.71238898038469,4.71238898038469,1.5707963267948966,4.71238898038469,0.0,4.71238898038469,0.0,0.0,4.71238898038469,4.71238898038469,1.5707963267948966,1.5707963267948966,0.0,4.71238898038469,2.945243112740431,3.141592653589793,1.5707963267948966,0.0,4.71238898038469,6.283185307179586,0.0,1.5707963267948966
3.141592653589793,3.141592653589793,4.71238898038469,4.71238898038469,1.5707963267948966,4.71238898038469,0.0,4.71238898038469,0.0,0.0,4.71238898038469,4.71238898038469,1.5707963267948966,1.5707963267948966,0.0,4.71238898038469,3.141592653589793,2.945243112740431,1.5707963267948966,0.0,4.71238898038469,6.283185307179586,0.0,1.5707963267948966
3.141592653589793,3.141592653589793,4.71238898038469,4.71238898038469,1.5707963267948966,4.71238898038469,0.0,4.71238898038469,0.0,0.0,4.71238898038469,4.71238898038469,1.5707963267948966,1.5707963267948966,0.0,4.71238898038469,3.141592653589793,3.141592653589793,1.3744467859455345,0.0,4.71238898038469,6.283185307179586,0.0,1.5707963267948966
3.141592653589793,3.141592653589793,4.71238898038469,4.71238898038469,1.5707963267948966,4.71238898038469,0.0,4.71238898038469,0.0,0.0,4.71238898038469,4.71238898038469,1.5707963267948966,1.5707963267948966,0.0,4.71238898038469,3.141592653589793,3.141592653589793,1.5707963267948966,0.0,4.516039439535327,6.283185307179586,0.0,1.5707963267948966
3.141592653589793,3.141592653589793,4.71238898038469,4.71238898038469,1.5707963267948966,4.71238898038469,0.0,4.71238898038469,0.0,0.0,4.71238898038469,4.71238898038469,1.5707963267948966,1.5707963267948966,0.0,4.71238898038469,3.141592653589793,3.141592653589793,1.5707963267948966,0.0,4.71238898038469,6.086835766330224,0.0,1.5707963267948966
3.141592653589793,3.141592653589793,4.71238898038469,4.71238898038469,1.5707963267948966,4.71238898038469,0.0,4.71238898038469,0.0,0.0,4.71238898038469,4.71238898038469,1.5707963267948966,1.5707963267948966,0.0,4.71238898038469,3.141592653589793,3.141592653589793,1.5707963267948966,0.0,4.71238898038469,6.283185307179586,0.0,1.3744467859455345
3.2397674240144743,3.141592653589793,4.71238898038469,4.71238898038469,1.5707963267948966,4.71238898038469,0.0,4.71238898038469,0.0,0.0,4.71238898038469,4.71238898038469,1.5707963267948966,1.5707963267948966,0.0,4.71238898038469,3.141592653589793,3.141592653589793,1.5707963267948966,0.0,4.71238898038469,6.283185307179586,0.0,1.5707963267948966
3.141592653589793,3.2397674240144743,4.71238898038469,4.71238898038469,1.5707963267948966,4.71238898038469,0.0,4.71238898038469,0.0,0.0,4.71238898038469,4.71238898038469,1.5707963267948966,1.5707963267948966,0.0,4.71238898038469,3.141592653589793,3.141592653589793,1.5707963267948966,0.0,4.71238898038469,6.283185307179586,0.0,1.5707963267948966
3.141592653589793,3.141592653589793,4.81056375080937,4.71238898038469,1.5707963267948966,4.71238898038469,0.0,4.71238898038469,0.0,0.0,4.71238898038469,4.71238898038469,1.5707963267948966,1.5707963267948966,0.0,4.71238898038469,3.141592653589793,3.141592653589793,1.5707963267948966,0.0,4.71238898038469,6.283185307179586,0.0,1.5707963267948966
3.141592653589793,3.141592653589793,4.71238898038469,4.81056375080937,1.5707963267948966,4.71238898038469,0.0,4.71238898038469,0.0,0.0,4.71238898038469,4.71238898038469,1.5707963267948966,1.5707963267948966,0.0,4.71238898038469,3.141592653589793,3.141592653589793,1.5707963267948966,0.0,4.71238898038469,6.283185307179586,0.0,1.5707963267948966
3.141592653589793,3.141592653589793,4.71238898038469,4.71238898038469,1.6689710972195777,4.71238898038469,0.0,4.71238898038469,0.0,0.0,4.71238898038469,4.71238898038469,1.5707963267948966,1.5707963267948966,0.0,4.71238898038469,3.141592653589793,3.141592653589793,1.5707963267948966,0.0,4.71238898038469,6.283185307179586,0.0,1.5707963267948966
3.141592653589793,3.141592653589793,4.71238898038469,4.71238898038469,1.5707963267948966,4.81056375080937,0.0,4.71238898038469,0.0,0.0,4.71238898038469,4.71238898038469,1.5707963267948966,1.5707963267948966,0.0,4.71238898038469,3.141592653589793,3.141592653589793,1.5707963267948966,0.0,4.71238898038469,6.283185307179586,0.0,1.5707963267948966
3.141592653589793,3.141592653589793,4.71238898038469,4.71238898038469,1.5707963267948966,4.71238898038469,0.09817477042468103,4.71238898038469,0.0,0.0,4.71238898038469,4.71238898038469,1.5707963267948966,1.5707963267948966,0.0,4.71238898038469,3.141592653589793,3.141592653589793,1.5707963267948966,0.0,4.71238898038469,6.283185307179586,0.0,1.5707963267948966
3.141592653589793,3.141592653589793,4.71238898038469,4.71238898038469,1.5707963267948966,4.71238898038469,0.0,4.81056375080937,0.0,0.0,4.71238898038469,4.71238898038469,1.5707963267948966,1.5707963267948966,0.0,4.71238898038469,3.141592653589793,3.141592653589793,1.5707963267948966,0.0,4.71238898038469,6.283185307179586,0.0,1.5707963267948966
3.141592653589793,3.141592653589793,4.71238898038469,4.71238898038469,1.5707963267948966,4.71238898038469,0.0,4.71238898038469,0.09817477042468103,0.0,4.71238898038469,4.71238898038469,1.5707963267948966,1.5707963267948966,0.0,4.71238898038469,3.141592653589793,3.141592653589793,1.5707963267948966,0.0,4.71238898038469,6.283185307179586,0.0,1.5707963267948966
3.141592653589793,3.141592653589793,4.71238898038469,4.71238898038469,1.5707963267948966,4.71238898038469,0.0,4.71238898038469,0.0,0.09817477042468103,4.71238898038469,4.71238898038469,1.5707963267948966,1.5707963267948966,0.0,4.71238898038469,3.141592653589793,3.141592653589793,1.5707963267948966,0.0,4.71238898038469,6.283185307179586,0.0,1.5707963267948966
3.141592653589793,3.141592653589793,4.71238898038469,4.71238898038469,1.5707963267948966,4.71238898038469,0.0,4.71238898038469,0.0,0.0,4.81056375080937,4.71238898038469,1.5707963267948966,1.5707963267948966,0.0,4.71238898038469,3.141592653589793,3.141592653589793,1.5707963267948966,0.0,4.71238898038469,6.283185307179586,0.0,1.5707963267948966
3.141592653589793,3.141592653589793,4.71238898038469,4.71238898038469,1.5707963267948966,4.71238898038469,0.0,4.71238898038469,0.0,0.0,4.71238898038469,4.81056375080937,1.5707963267948966,1.5707963267948966,0.0,4.71238898038469,3.141592653589793,3.141592653589793,1.5707963267948966,0.0,4.71238898038469,6.283185307179586,0.0,1.5707963267948966
3.141592653589793,3.141592653589793,4.71238898038469,4.71238898038469,1.5707963267948966,4.71238898038469,0.0,4.71238898038469,0.0,0.0,4.71238898038469,4.71238898038469,1.6689710972195777,1.5707963267948966,0.0,4.71238898038469,3.141592653589793,3.141592653589793,1.5707963267948966,0.0,4.71238898038469,6.283185307179586,0.0,1.5707963267948966
3.141592653589793,3.141592653589793,4.71238898038469,4.71238898038469,1.5707963267948966,4.71238898038469,0.0,4.71238898038469,0.0,0.0,4.71238898038469,4.71238898038469,1.5707963267948966,1.6689710972195777,0.0,4.71238898038469,3.141592653589793,3.141592653589793,1.5707963267948966,0.0,4.71238898038469,6.283185307179586,0.0,1.5707963267948966
3.141592653589793,3.141592653589793,4.71238898038469,4.71238898038469,1.5707963267948966,4.71238898038469,0.0,4.71238898038469,0.0,0.0,4.71238898038469,4.71238898038469,1.5707963267948966,1.5707963267948966,0.09817477042468103,4.71238898038469,3.141592653589793,3.141592653589793,1.5707963267948966,0.0,4.71238898038469,6.283185307179586,0.0,1.5707963267948966
3.141592653589793,3.141592653589793,4.71238898038469,4.71238898038469,1.5707963267948966,4.71238898038469,0.0,4.71238898038469,0.0,0.0,4.71238898038469,4.71238898038469,1.5707963267948966,1.5707963267948966,0.0,4.81056375080937,3.141592653589793,3.141592653589793,1.5707963267948966,0.0,4.71238898038469,6.283185307179586,0.0,1.5707963267948966
3.141592653589793,3.141592653589793,4.71238898038469,4.71238898038469,1.5707963267948966,4.71238898038469,0.0,4.71238898038469,0.0,0.0,4.71238898038469,4.71238898038469,1.5707963267948966,1.5707963267948966,0.0,4.71238898038469,3.2397674240144743,3.141592653589793,1.5707963267948966,0.0,4.71238898038469,6.283185307179586,0.0,1.5707963267948966
3.141592653589793,3.141592653589793,4.71238898038469,4.71238898038469,1.5707963267948966,4.71238898038469,0.0,4.71238898038469,0.0,0.0,4.71238898038469,4.71238898038469,1.5707963267948966,1.5707963267948966,0.0,4.71238898038469,3.141592653589793,3.2397674240144743,1.5707963267948966,0.0,4.71238898038469,6.283185307179586,0.0,1.5707963267948966
3.141592653589793,3.141592653589793,4.71238898038469,4.71238898038469,1.5707963267948966,4.71238898038469,0.0,4.71238898038469,0.0,0.0,4.71238898038469,4.71238898038469,1.5707963267948966,1.5707963267948966,0.0,4.71238898038469,3.141592653589793,3.141592653589793,1.6689710972195777,0.0,4.71238898038469,6.283185307179586,0.0,1.5707963267948966
3.141592653589793,3.141592653589793,4.71238898038469,4.71238898038469,1.5707963267948966,4.71238898038469,0.0,4.71238898038469,0.0,0.0,4.71238898038469,4.71238898038469,1.5707963267948966,1.5707963267948966,0.0,4.71238898038469,3.141592653589793,3.141592653589793,1.5707963267948966,0.09817477042468103,4.71238898038469,6.283185307179586,0.0,1.5707963267948966
3.141592653589793,3.141592653589793,4.71238898038469,4.71238898038469,1.5707963267948966,4.71238898038469,0.0,4.71238898038469,0.0,0.0,4.71238898038469,4.71238898038469,1.5707963267948966,1.5707963267948966,0.0,4.71238898038469,3.141592653589793,3.141592653589793,1.5707963267948966,0.0,4.81056375080937,6.283185307179586,0.0,1.5707963267948966
3.141592653589793,3.141592653589793,4.71238898038469,4.71238898038469,1.5707963267948966,4.71238898038469,0.0,4.71238898038469,0.0,0.0,4.71238898038469,4.71238898038469,1.5707963267948966,1.5707963267948966,0.0,4.71238898038469,3.141592653589793,3.141592653589793,1.5707963267948966,0.0,4.71238898038469,6.283185307179586,0.09817477042468103,1.5707963267948966
3.141592653589793,3.141592653589793,4.71238898038469,4.71238898038469,1.5707963267948966,4.71238898038469,0.0,4.71238898038469,0.0,0.0,4.71238898038469,4.71238898038469,1.5707963267948966,1.5707963267948966,0.0,4.71238898038469,3.141592653589793,3.141592653589793,1.5707963267948966,0.0,4.71238898038469,6.283185307179586,0.0,1.6689710972195777
3.043417883165112,3.141592653589793,4.71238898038469,4.71238898038469,1.5707963267948966,4.71238898038469,0.0,4.71238898038469,0.0,0.0,4.71238898038469,4.71238898038469,1.5707963267948966,1.5707963267948966,0.0,4.71238898038469,3.141592653589793,3.141592653589793,1.5707963267948966,0.0,4.71238898038469,6.283185307179586,0.0,1.5707963267948966
3.141592653589793,3.043417883165112,4.71238898038469,4.71238898038469,1.5707963267948966,4.71238898038469,0.0,4.71238898038469,0.0,0.0,4.71238898038469,4.71238898038469,1.5707963267948966,1.5707963267948966,0.0,4.71238898038469,3.141592653589793,3.141592653589793,1.5707963267948966,0.0,4.71238898038469,6.283185307179586,0.0,1.5707963267948966
3.141592653589793,3.141592653589793,4.614214209960009,4.71238898038469,1.5707963267948966,4.71238898038469,0.0,4.71238898038469,0.0,0.0,4.71238898038469,4.71238898038469,1.5707963267948966,1.5707963267948966,0.0,4.71238898038469,3.141592653589793,3.141592653589793,1.5707963267948966,0.0,4.71238898038469,6.283185307179586,0.0,1.5707963267948966
3.141592653589793,3.141592653589793,4.71238898038469,4.614214209960009,1.5707963267948966,4.71238898038469,0.0,4.71238898038469,0.0,0.0,4.71238898038469,4.71238898038469,1.5707963267948966,1.5707963267948966,0.0,4.71238898038469,3.141592653589793,3.141592653589793,1.5707963267948966,0.0,4.71238898038469,6.283185307179586,0.0,1.5707963267948966
3.141592653589793,3.141592653589793,4.71238898038469,4.71238898038469,1.4726215563702154,4.71238898038469,0.0,4.71238898038469,0.0,0.0,4.71238898038469,4.71238898038469,1.5707963267948966,1.5707963267948966,0.0,4.71238898038469,3.141592653589793,3.141592653589793,1.5707963267948966,0.0,4.71238898038469,6.283185307179586,0.0,1.5707963267948966
3.141592653589793,3.141592653589793,4.71238898038469,4.71238898038469,1.5707963267948966,4.614214209960009,0.0,4.71238898038469,0.0,0.0,4.71238898038469,4.71238898038469,1.5707963267948966,1.5707963267948966,0.0,4.71238898038469,3.141592653589793,3.141592653589793,1.5707963267948966,0.0,4.71238898038469,6.283185307179586,0.0,1.5707963267948966
3.141592653589793,3.141592653589793,4.71238898038469,4.71238898038469,1.5707963267948966,4.71238898038469,0.0,4.614214209960009,0.0,0.0,4.71238898038469,4.71238898038469,1.5707963267948966,1.5707963267948966,0.0,4.71238898038469,3.141592653589793,3.141592653589793,1.5707963267948966,0.0,4.71238898038469,6.283185307179586,0.0,1.5707963267948966
3.141592653589793,3.141592653589793,4.71238898038469,4.71238898038469,1.5707963267948966,4.71238898038469,0.0,4.71238898038469,0.0,0.0,4.614214209960009,4.71238898038469,1.5707963267948966,1.5707963267948966,0.0,4.71238898038469,3.141592653589793,3.141592653589793,1.5707963267948966,0.0,4.71238898038469,6.283185307179586,0.0,1.5707963267948966
3.141592653589793,3.141592653589793,4.71238898038469,4.71238898038469,1.5707963267948966,4.71238898038469,0.0,4.71238898038469,0.0,0.0,4.71238898038469,4.614214209960009,1.5707963267948966,1.5707963267948966,0.0,4.71238898038469,3.141592653589793,3.141592653589793,1.5707963267948966,0.0,4.71238898038469,6.283185307179586,0.0,1.5707963267948966
3.141592653589793,3.141592653589793,4.71238898038469,4.71238898038469,1.5707963267948966,4.71238898038469,0.0,4.71238898038469,0.0,0.0,4.71238898038469,4.71238898038469,1.4726215563702154,1.5707963267948966,0.0,4.71238898038469,3.141592653589793,3.141592653589793,1.5707963267948966,0.0,4.71238898038469,6.283185307179586,0.0,1.5707963267948966
3.141592653589793,3.141592653589793,4.71238898038469,4.71238898038469,1.5707963267948966,4.71238898038469,0.0,4.71238898038469,0.0,0.0,4.71238898038469,4.71238898038469,1.5707963267948966,1.4726215563702154,0.0,4.71238898038469,3.141592653589793,3.141592653589793,1.5707963267948966,0.0,4.71238898038469,6.283185307179586,0.0,1.5707963267948966
3.141592653589793,3.141592653589793,4.71238898038469,4.71238898038469,1.5707963267948966,4.71238898038469,0.0,4.71238898038469,0.0,0.0,4.71238898038469,4.71238898038469,1.5707963267948966,1.5707963267948966,0.0,4.614214209960009,3.141592653589793,3.141592653589793,1.5707963267948966,0.0,4.71238898038469,6.283185307179586,0.0,1.5707963267948966
3.141592653589793,3.141592653589793,4.71238898038469,4.71238898038469,1.5707963267948966,4.71238898038469,0.0,4.71238898038469,0.0,0.0,4.71238898038469,4.71238898038469,1.5707963267948966,1.5707963267948966,0.0,4.71238898038469,3.043417883165112,3.141592653589793,1.5707963267948966,0.0,4.71238898038469,6.283185307179586,0.0,1.5707963267948966
3.141592653589793,3.141592653589793,4.71238898038469,4.71238898038469,1.5707963267948966,4.71238898038469,0.0,4.71238898038469,0.0,0.0,4.71238898038469,4.71238898038469,1.5707963267948966,1.5707963267948966,0.0,4.71238898038469,3.141592653589793,3.043417883165112,1.5707963267948966,0.0,4.71238898038469,6.283185307179586,0.0,1.5707963267948966
3.141592653589793,3.141592653589793,4.71238898038469,4.71238898038469,1.5707963267948966,4.71238898038469,0.0,4.71238898038469,0.0,0.0,4.71238898038469,4.71238898038469,1.5707963267948966,1.5707963267948966,0.0,4.71238898038469,3.141592653589793,3.141592653589793,1.4726215563702154,0.0,4.71238898038469,6.283185307179586,0.0,1.5707963267948966
3.141592653589793,3.141592653589793,4.71238898038469,4.71238898038469,1.5707963267948966,4.71238898038469,0.0,4.71238898038469,0.0,0.0,4.71238898038469,4.71238898038469,1.5707963267948966,1.5707963267948966,0.0,4.71238898038469,3.141592653589793,3.141592653589793,1.5707963267948966,0.0,4.614214209960009,6.283185307179586,0.0,1.5707963267948966
3.141592653589793,3.141592653589793,4.71238898038469,4.71238898038469,1.5707963267948966,4.71238898038469,0.0,4.71238898038469,0.0,0.0,4.71238898038469,4.71238898038469,1.5707963267948966,1.5707963267948966,0.0,4.71238898038469,3.141592653589793,3.141592653589793,1.5707963267948966,0.0,4.71238898038469,6.1850105367549055,0.0,1.5707963267948966
3.141592653589793,3.141592653589793,4.71238898038469,4.71238898038469,1.5707963267948966,4.71238898038469,0.0,4.71238898038469,0.0,0.0,4.71238898038469,4.71238898038469,1.5707963267948966,1.5707963267948966,0.0,4.71238898038469,3.141592653589793,3.141592653589793,1.5707963267948966,0.0,4.71238898038469,6.283185307179586,0.0,1.4726215563702154
3.1906800388021335,3.141592653589793,4.71238898038469,4.71238898038469,1.5707963267948966,4.71238898038469,0.0,4.71238898038469,0.0,0.0,4.71238898038469,4.71238898038469,1.5707963267948966,1.5707963267948966,0.0,4.71238898038469,3.141592653589793,3.141592653589793,1.5707963267948966,0.0,4.71238898038469,6.283185307179586,0.0,1.5707963267948966
3.141592653589793,3.1906800388021335,4.71238898038469,4.71238898038469,1.5707963267948966,4.71238898038469,0.0,4.71238898038469,0.0,0.0,4.71238898038469,4.71238898038469,1.5707963267948966,1.5707963267948966,0.0,4.71238898038469,3.141592653589793,3.141592653589793,1.5707963267948966,0.0,4.71238898038469,6.283185307179586,0.0,1.5707963267948966
3.141592653589793,3.141592653589793,4.76147636559703,4.71238898038469,1.5707963267948966,4.71238898038469,0.0,4.71238898038469,0.0,0.0,4.71238898038469,4.71238898038469,1.5707963267948966,1.5707963267948966,0.0,4.71238898038469,3.141592653589793,3.141592653589793,1.5707963267948966,0.0,4.71238898038469,6.283185307179586,0.0,1.5707963267948966
3.141592653589793,3.141592653589793,4.71238898038469,4.76147636559703,1.5707963267948966,4.71238898038469,0.0,4.71238898038469,0.0,0.0,4.71238898038469,4.71238898038469,1.5707963267948966,1.5707963267948966,0.0,4.71238898038469,3.141592653589793,3.141592653589793,1.5707963267948966,0.0,4.71238898038469,6.283185307179586,0.0,1.5707963267948966
3.141592653589793,3.141592653589793,4.71238898038469,4.71238898038469,1.6198837120072371,4.71238898038469,0.0,4.71238898038469,0.0,0.0,4.71238898038469,4.71238898038469,1.5707963267948966,1.5707963267948966,0.0,4.71238898038469,3.141592653589793,3.141592653589793,1.5707963267948966,0.0,4.71238898038469,6.283185307179586,0.0,1.5707963267948966
3.141592653589793,3.141592653589793,4.71238898038469,4.71238898038469,1.5707963267948966,4.76147636559703,0.0,4.71238898038469,0.0,0.0,4.71238898038469,4.71238898038469,1.5707963267948966,1.5707963267948966,0.0,4.71238898038469,3.141592653589793,3.141592653589793,1.5707963267948966,0.0,4.71238898038469,6.283185307179586,0.0,1.5707963267948966
3.141592653589793,3.141592653589793,4.71238898038469,4.71238898038469,1.5707963267948966,4.71238898038469,0.04908738521234052,4.71238898038469,0.0,0.0,4.71238898038469,4.71238898038469,1.5707963267948966,1.5707963267948966,0.0,4.71238898038469,3.141592653589793,3.141592653589793,1.5707963267948966,0.0,4.71238898038469,6.283185307179586,0.0,1.5707963267948966
3.141592653589793,3.141592653589793,4.71238898038469,4.71238898038469,1.5707963267948966,4.71238898038469,0.0,4.76147636559703,0.0,0.0,4.71238898038469,4.71238898038469,1.5707963267948966,1.5707963267948966,0.0,4.71238898038469,3.141592653589793,3.141592653589793,1.5707963267948966,0.0,4.71238898038469,6.283185307179586,0.0,1.5707963267948966
3.141592653589793,3.141592653589793,4.71238898038469,4.71238898038469,1.5707963267948966,4.71238898038469,0.0,4.71238898038469,0.04908738521234052,0.0,4.71238898038469,4.71238898038469,1.5707963267948966,1.5707963267948966,0.0,4.71238898038469,3.141592653589793,3.141592653589793,1.5707963267948966,0.0,4.71238898038469,6.283185307179586,0.0,1.5707963267948966
3.141592653589793,3.141592653589793,4.71238898038469,4.71238898038469,1.5707963267948966,4.71238898038469,0.0,4.71238898038469,0.0,0.04908738521234052,4.71238898038469,4.71238898038469,1.5707963267948966,1.5707963267948966,0.0,4.71238898038469,3.141592653589793,3.141592653589793,1.5707963267948966,0.0,4.71238898038469,6.283185307179586,0.0,1.5707963267948966
3.141592653589793,3.141592653589793,4.71238898038469,4.71238898038469,1.5707963267948966,4.71238898038469,0.0,4.71238898038469,0.0,0.0,4.76147636559703,4.71238898038469,1.5707963267948966,1.5707963267948966,0.0,4.71238898038469,3.141592653589793,3.141592653589793,1.5707963267948966,0.0,4.71238898038469,6.283185307179586,0.0,1.5707963267948966
3.141592653589793,3.141592653589793,4.71238898038469,4.71238898038469,1.5707963267948966,4.71238898038469,0.0,4.71238898038469,0.0,0.0,4.71238898038469,4.76147636559703,1.5707963267948966,1.5707963267948966,0.0,4.71238898038469,3.141592653589793,3.141592653589793,1.5707963267948966,0.0,4.71238898038469,6.283185307179586,0.0,1.5707963267948966
3.141592653589793,3.141592653589793,4.71238898038469,4.71238898038469,1.5707963267948966,4.71238898038469,0.0,4.71238898038469,0.0,0.0,4.71238898038469,4.71238898038469,1.6198837120072371,1.5707963267948966,0.0,4.71238898038469,3.141592653589793,3.141592653589793,1.5707963267948966,0.0,4.71238898038469,6.283185307179586,0.0,1.5707963267948966
3.141592653589793,3.141592653589793,4.71238898038469,4.71238898038469,1.5707963267948966,4.71238898038469,0.0,4.71238898038469,0.0,0.0,4.71238898038469,4.71238898038469,1.5707963267948966,1.6198837120072371,0.0,4.71238898038469,3.141592653589793,3.141592653589793,1.5707963267948966,0.0,4.71238898038469,6.283185307179586,0.0,1.5707963267948966
3.141592653589793,3.141592653589793,4.71238898038469,4.71238898038469,1.5707963267948966,4.71238898038469,0.0,4.71238898038469,0.0,0.0,4.71238898038469,4.71238898038469,1.5707963267948966,1.5707963267948966,0.04908738521234052,4.71238898038469,3.141592653589793,3.141592653589793,1.5707963267948966,0.0,4.71238898038469,6.283185307179586,0.0,1.5707963267948966
3.141592653589793,3.141592653589793,4.71238898038469,4.71238898038469,1.5707963267948966,4.71238898038469,0.0,4.71238898038469,0.0,0.0,4.71238898038469,4.71238898038469,1.5707963267948966,1.5707963267948966,0.0,4.76147636559703,3.141592653589793,3.141592653589793,1.5707963267948966,0.0,4.71238898038469,6.283185307179586,0.0,1.5707963267948966
3.141592653589793,3.141592653589793,4.71238898038469,4.71238898038469,1.5707963267948966,4.71238898038469,0.0,4.71238898038469,0.0,0.0,4.71238898038469,4.71238898038469,1.5707963267948966,1.5707963267948966,0.0,4.71238898038469,3.1906800388021335,3.141592653589793,1.5707963267948966,0.0,4.71238898038469,6.283185307179586,0.0,1.5707963267948966
3.141592653589793,3.141592653589793,4.71238898038469,4.71238898038469,1.5707963267948966,4.71238898038469,0.0,4.71238898038469,0.0,0.0,4.71238898038469,4.71238898038469,1.5707963267948966,1.5707963267948966,0.0,4.71238898038469,3.141592653589793,3.1906800388021335,1.5707963267948966,0.0,4.71238898038469,6.283185307179586,0.0,1.5707963267948966
3.141592653589793,3.141592653589793,4.71238898038469,4.71238898038469,1.5707963267948966,4.71238898038469,0.0,4.71238898038469,0.0,0.0,4.71238898038469,4.71238898038469,1.5707963267948966,1.5707963267948966,0.0,4.71238898038469,3.141592653589793,3.141592653589793,1.6198837120072371,0.0,4.71238898038469,6.283185307179586,0.0,1.5707963267948966
3.141592653589793,3.141592653589793,4.71238898038469,4.71238898038469,1.5707963267948966,4.71238898038469,0.0,4.71238898038469,0.0,0.0,4.71238898038469,4.71238898038469,1.5707963267948966,1.5707963267948966,0.0,4.71238898038469,3.141592653589793,3.141592653589793,1.5707963267948966,0.04908738521234052,4.71238898038469,6.283185307179586,0.0,1.5707963267948966
3.141592653589793,3.141592653589793,4.71238898038469,4.71238898038469,1.5707963267948966,4.71238898038469,0.0,4.71238898038469,0.0,0.0,4.71238898038469,4.71238898038469,1.5707963267948966,1.5707963267948966,0.0,4.71238898038469,3.141592653589793,3.141592653589793,1.5707963267948966,0.0,4.76147636559703,6.283185307179586,0.0,1.5707963267948966
3.141592653589793,3.141592653589793,4.71238898038469,4.71238898038469,1.5707963267948966,4.71238898038469,0.0,4.71238898038469,0.0,0.0,4.71238898038469,4.71238898038469,1.5707963267948966,1.5707963267948966,0.0,4.71238898038469,3.141592653589793,3.141592653589793,1.5707963267948966,0.0,4.71238898038469,6.283185307179586,0.04908738521234052,1.5707963267948966
3.141592653589793,3.141592653589793,4.71238898038469,4.71238898038469,1.5707963267948966,4.71238898038469,0.0,4.71238898038469,0.0,0.0,4.71238898038469,4.71238898038469,1.5707963267948966,1.5707963267948966,0.0,4.71238898038469,3.141592653589793,3.141592653589793,1.5707963267948966,0.0,4.71238898038469,6.283185307179586,0.0,1.6198837120072371
3.0925052683774528,3.141592653589793,4.71238898038469,4.71238898038469,1.5707963267948966,4.71238898038469,0.0,4.71238898038469,0.0,0.0,4.71238898038469,4.71238898038469,1.5707963267948966,1.5707963267948966,0.0,4.71238898038469,3.141592653589793,3.141592653589793,1.5707963267948966,0.0,4.71238898038469,6.283185307179586,0.0,1.5707963267948966
3.141592653589793,3.0925052683774528,4.71238898038469,4.71238898038469,1.5707963267948966,4.71238898038469,0.0,4.71238898038469,0.0,0.0,4.71238898038469,4.71238898038469,1.5707963267948966,1.5707963267948966,0.0,4.71238898038469,3.141592653589793,3.141592653589793,1.5707963267948966,0.0,4.71238898038469,6.283185307179586,0.0,1.5707963267948966
3.141592653589793,3.141592653589793,4.663301595172349,4.71238898038469,1.5707963267948966,4.71238898038469,0.0,4.71238898038469,0.0,0.0,4.71238898038469,4.71238898038469,1.5707963267948966,1.5707963267948966,0.0,4.71238898038469,3.141592653589793,3.141592653589793,1.5707963267948966,0.0,4.71238898038469,6.283185307179586,0.0,1.5707963267948966
3.141592653589793,3.141592653589793,4.71238898038469,4.663301595172349,1.5707963267948966,4.71238898038469,0.0,4.71238898038469,0.0,0.0,4.71238898038469,4.71238898038469,1.5707963267948966,1.5707963267948966,0.0,4.71238898038469,3.141592653589793,3.141592653589793,1.5707963267948966,0.0,4.71238898038469,6.283185307179586,0.0,1.5707963267948966
3.141592653589793,3.141592653589793,4.71238898038469,4.71238898038469,1.521708941582556,4.71238898038469,0.0,4.71238898038469,0.0,0.0,4.71238898038469,4.71238898038469,1.5707963267948966,1.5707963267948966,0.0,4.71238898038469,3.141592653589793,3.141592653589793,1.5707963267948966,0.0,4.71238898038469,6.283185307179586,0.0,1.5707963267948966
3.141592653589793,3.141592653589793,4.71238898038469,4.71238898038469,1.5707963267948966,4.663301595172349,0.0,4.71238898038469,0.0,0.0,4.71238898038469,4.71238898038469,1.5707963267948966,1.5707963267948966,0.0,4.71238898038469,3.141592653589793,3.141592653589793,1.5707963267948966,0.0,4.71238898038469,6.283185307179586,0.0,1.5707963267948966
3.141592653589793,3.141592653589793,4.71238898038469,4.71238898038469,1.5707963267948966,4.71238898038469,0.0,4.663301595172349,0.0,0.0,4.71238898038469,4.71238898038469,1.5707963267948966,1.5707963267948966,0.0,4.71238898038469,3.141592653589793,3.141592653589793,1.5707963267948966,0.0,4.71238898038469,6.283185307179586,0.0,1.5707963267948966
3.141592653589793,3.141592653589793,4.71238898038469,4.71238898038469,1.5707963267948966,4.71238898038469,0.0,4.71238898038469,0.0,0.0,4.663301595172349,4.71238898038469,1.5707963267948966,1.5707963267948966,0.0,4.71238898038469,3.141592653589793,3.141592653589793,1.5707963267948966,0.0,4.71238898038469,6.283185307179586,0.0,1.5707963267948966
3.141592653589793,3.141592653589793,4.71238898038469,4.71238898038469,1.5707963267948966,4.71238898038469,0.0,4.71238898038469,0.0,0.0,4.71238898038469,4.663301595172349,1.5707963267948966,1.5707963267948966,0.0,4.71238898038469,3.141592653589793,3.141592653589793,1.5707963267948966,0.0,4.71238898038469,6.283185307179586,0.0,1.5707963267948966
3.141592653589793,3.141592653589793,4.71238898038469,4.71238898038469,1.5707963267948966,4.71238898038469,0.0,4.71238898038469,0.0,0.0,4.71238898038469,4.71238898038469,1.521708941582556,1.5707963267948966,0.0,4.71238898038469,3.141592653589793,3.141592653589793,1.5707963267948966,0.0,4.71238898038469,6.283185307179586,0.0,1.5707963267948966
3.141592653589793,3.141592653589793,4.71238898038469,4.71238898038469,1.5707963267948966,4.71238898038469,0.0,4.71238898038469,0.0,0.0,4.71238898038469,4.71238898038469,1.5707963267948966,1.521708941582556,0.0,4.71238898038469,3.141592653589793,3.141592653589793,1.5707963267948966,0.0,4.71238898038469,6.283185307179586,0.0,1.5707963267948966
3.141592653589793,3.141592653589793,4.71238898038469,4.71238898038469,1.5707963267948966,4.71238898038469,0.0,4.71238898038469,0.0,0.0,4.71238898038469,4.71238898038469,1.5707963267948966,1.5707963267948966,0.0,4.663301595172349,3.141592653589793,3.141592653589793,1.5707963267948966,0.0,4.71238898038469,6.283185307179586,0.0,1.5707963267948966
3.141592653589793,3.141592653589793,4.71238898038469,4.71238898038469,1.5707963267948966,4.71238898038469,0.0,4.71238898038469,0.0,0.0,4.71238898038469,4.71238898038469,1.5707963267948966,1.5707963267948966,0.0,4.71238898038469,3.0925052683774528,3.141592653589793,1.5707963267948966,0.0,4.71238898038469,6.283185307179586,0.0,1.5707963267948966
3.141592653589793,3.141592653589793,4.71238898038469,4.71238898038469,1.5707963267948966,4.71238898038469,0.0,4.71238898038469,0.0,0.0,4.71238898038469,4.71238898038469,1.5707963267948966,1.5707963267948966,0.0,4.71238898038469,3.141592653589793,3.0925052683774528,1.5707963267948966,0.0,4.71238898038469,6.283185307179586,0.0,1.5707963267948966
3.141592653589793,3.141592653589793,4.71238898038469,4.71238898038469,1.5707963267948966,4.71238898038469,0.0,4.71238898038469,0.0,0.0,4.71238898038469,4.71238898038469,1.5707963267948966,1.5707963267948966,0.0,4.71238898038469,3.141592653589793,3.141592653589793,1.521708941582556,0.0,4.71238898038469,6.283185307179586,0.0,1.5707963267948966
3.141592653589793,3.141592653589793,4.71238898038469,4.71238898038469,1.5707963267948966,4.71238898038469,0.0,4.71238898038469,0.0,0.0,4.71238898038469,4.71238898038469,1.5707963267948966,1.5707963267948966,0.0,4.71238898038469,3.141592653589793,3.141592653589793,1.5707963267948966,0.0,4.663301595172349,6.283185307179586,0.0,1.5707963267948966
3.141592653589793,3.141592653589793,4.71238898038469,4.71238898038469,1.5707963267948966,4.71238898038469,0.0,4.71238898038469,0.0,0.0,4.71238898038469,4.71238898038469,1.5707963267948966,1.5707963267948966,0.0,4.71238898038469,3.141592653589793,3.141592653589793,1.5707963267948966,0.0,4.71238898038469,6.234097921967246,0.0,1.5707963267948966
3.141592653589793,3.141592653589793,4.71238898038469,4.71238898038469,1.5707963267948966,4.71238898038469,0.0,4.71238898038469,0.0,0.0,4.71238898038469,4.71238898038469,1.5707963267948966,1.5707963267948966,0.0,4.71238898038469,3.141592653589793,3.141592653589793,1.5707963267948966,0.0,4.71238898038469,6.283185307179586,0.0,1.521708941582556
3.1661363461959633,3.141592653589793,4.71238898038469,4.71238898038469,1.5707963267948966,4.71238898038469,0.0,4.71238898038469,0.0,0.0,4.71238898038469,4.71238898038469,1.5707963267948966,1.5707963267948966,0.0,4.71238898038469,3.141592653589793,3.141592653589793,1.5707963267948966,0.0,4.71238898038469,6.283185307179586,0.0,1.5707963267948966
3.141592653589793,3.1661363461959633,4.71238898038469,4.71238898038469,1.5707963267948966,4.71238898038469,0.0,4.71238898038469,0.0,0.0,4.71238898038469,4.71238898038469,1.5707963267948966,1.5707963267948966,0.0,4.71238898038469,3.141592653589793,3.141592653589793,1.5707963267948966,0.0,4.71238898038469,6.283185307179586,0.0,1.5707963267948966
3.141592653589793,3.141592653589793,4.73693267299086,4.71238898038469,1.5707963267948966,4.71238898038469,0.0,4.71238898038469,0.0,0.0,4.71238898038469,4.71238898038469,1.5707963267948966,1.5707963267948966,0.0,4.71238898038469,3.141592653589793,3.141592653589793,1.5707963267948966,0.0,4.71238898038469,6.283185307179586,0.0,1.5707963267948966
3.141592653589793,3.141592653589793,4.71238898038469,4.73693267299086,1.5707963267948966,4.71238898038469,0.0,4.71238898038469,0.0,0.0,4.71238898038469,4.71238898038469,1.5707963267948966,1.5707963267948966,0.0,4.71238898038469,3.141592653589793,3.141592653589793,1.5707963267948966,0.0,4.71238898038469,6.283185307179586,0.0,1.5707963267948966
3.141592653589793,3.141592653589793,4.71238898038469,4.71238898038469,1.5953400194010667,4.71238898038469,0.0,4.71238898038469,0.0,0.0,4.71238898038469,4.71238898038469,1.5707963267948966,1.5707963267948966,0.0,4.71238898038469,3.141592653589793,3.141592653589793,1.5707963267948966,0.0,4.71238898038469,6.283185307179586,0.0,1.5707963267948966
3.141592653589793,3.141592653589793,4.71238898038469,4.71238898038469,1.5707963267948966,4.73693267299086,0.0,4.71238898038469,0.0,0.0,4.71238898038469,4.71238898038469,1.5707963267948966,1.5707963267948966,0.0,4.71238898038469,3.141592653589793,3.141592653589793,1.5707963267948966,0.0,4.71238898038469,6.283185307179586,0.0,1.5707963267948966
3.141592653589793,3.141592653589793,4.71238898038469,4.71238898038469,1.5707963267948966,4.71238898038469,0.02454369260617026,4.71238898038469,0.0,0.0,4.71238898038469,4.71238898038469,1.5707963267948966,1.5707963267948966,0.0,4.71238898038469,3.141592653589793,3.141592653589793,1.5707963267948966,0.0,4.71238898038469,6.283185307179586,0.0,1.5707963267948966
3.141592653589793,3.141592653589793,4.71238898038469,4.71238898038469,1.5707963267948966,4.71238898038469,0.0,4.73693267299086,0.0,0.0,4.71238898038469,4.71238898038469,1.5707963267948966,1.5707963267948966,0.0,4.71238898038469,3.141592653589793,3.141592653589793,1.5707963267948966,0.0,4.71238898038469,6.283185307179586,0.0,1.5707963267948966
3.141592653589793,3.141592653589793,4.71238898038469,4.71238898038469,1.5707963267948966,4.71238898038469,0.0,4.71238898038469,0.02454369260617026,0.0,4.71238898038469,4.71238898038469,1.5707963267948966,1.5707963267948966,0.0,4.71238898038469,3.141592653589793,3.141592653589793,1.5707963267948966,0.0,4.71238898038469,6.283185307179586,0.0,1.5707963267948966
3.141592653589793,3.141592653589793,4.71238898038469,4.71238898038469,1.5707963267948966,4.71238898038469,0.0,4.71238898038469,0.0,0.02454369260617026,4.71238898038469,4.71238898038469,1.5707963267948966,1.5707963267948966,0.0,4.71238898038469,3.141592653589793,3.141592653589793,1.5707963267948966,0.0,4.71238898038469,6.283185307179586,0.0,1.5707963267948966
3.141592653589793,3.141592653589793,4.71238898038469,4.71238898038469,1.5707963267948966,4.71238898038469,0.0,4.71238898038469,0.0,0.0,4.73693267299086,4.71238898038469,1.5707963267948966,1.5707963267948966,0.0,4.71238898038469,3.141592653589793,3.141592653589793,1.5707963267948966,0.0,4.71238898038469,6.283185307179586,0.0,1.5707963267948966
3.141592653589793,3.141592653589793,4.71238898038469,4.71238898038469,1.5707963267948966,4.71238898038469,0.0,4.71238898038469,0.0,0.0,4.71238898038469,4.73693267299086,1.5707963267948966,1.5707963267948966,0.0,4.71238898038469,3.141592653589793,3.141592653589793,1.5707963267948966,0.0,4.71238898038469,6.283185307179586,0.0,1.5707963267948966
3.141592653589793,3.141592653589793,4.71238898038469,4.71238898038469,1.5707963267948966,4.71238898038469,0.0,4.71238898038469,0.0,0.0,4.71238898038469,4.71238898038469,1.5953400194010667,1.5707963267948966,0.0,4.71238898038469,3.141592653589793,3.141592653589793,1.5707963267948966,0.0,4.71238898038469,6.283185307179586,0.0,1.5707963267948966
3.141592653589793,3.141592653589793,4.71238898038469,4.71238898038469,1.5707963267948966,4.71238898038469,0.0,4.71238898038469,0.0,0.0,4.71238898038469,4.71238898038469,1.5707963267948966,1.5953400194010667,0.0,4.71238898038469,3.141592653589793,3.141592653589793,1.5707963267948966,0.0,4.71238898038469,6.283185307179586,0.0,1.5707963267948966
3.141592653589793,3.141592653589793,4.71238898038469,4.71238898038469,1.5707963267948966,4.71238898038469,0.0,4.71238898038469,0.0,0.0,4.71238898038469,4.71238898038469,1.5707963267948966,1.5707963267948966,0.02454369260617026,4.71238898038469,3.141592653589793,3.141592653589793,1.5707963267948966,0.0,4.71238898038469,6.283185307179586,0.0,1.5707963267948966
3.141592653589793,3.141592653589793,4.71238898038469,4.71238898038469,1.5707963267948966,4.71238898038469,0.0,4.71238898038469,0.0,0.0,4.71238898038469,4.71238898038469,1.5707963267948966,1.5707963267948966,0.0,4.73693267299086,3.141592653589793,3.141592653589793,1.5707963267948966,0.0,4.71238898038469,6.283185307179586,0.0,1.5707963267948966
3.141592653589793,3.141592653589793,4.71238898038469,4.71238898038469,1.5707963267948966,4.71238898038469,0.0,4.71238898038469,0.0,0.0,4.71238898038469,4.71238898038469,1.5707963267948966,1.5707963267948966,0.0,4.71238898038469,3.1661363461959633,3.141592653589793,1.5707963267948966,0.0,4.71238898038469,6.283185307179586,0.0,1.5707963267948966
3.141592653589793,3.141592653589793,4.71238898038469,4.71238898038469,1.5707963267948966,4.71238898038469,0.0,4.71238898038469,0.0,0.0,4.71238898038469,4.71238898038469,1.5707963267948966,1.5707963267948966,0.0,4.71238898038469,3.141592653589793,3.1661363461959633,1.5707963267948966,0.0,4.71238898038469,6.283185307179586,0.0,1.5707963267948966
3.141592653589793,3.141592653589793,4.71238898038469,4.71238898038469,1.5707963267948966,4.71238898038469,0.0,4.71238898038469,0.0,0.0,4.71238898038469,4.71238898038469,1.5707963267948966,1.5707963267948966,0.0,4.71238898038469,3.141592653589793,3.141592653589793,1.5953400194010667,0.0,4.71238898038469,6.283185307179586,0.0,1.5707963267948966
3.141592653589793,3.141592653589793,4.71238898038469,4.71238898038469,1.5707963267948966,4.71238898038469,0.0,4.71238898038469,0.0,0.0,4.71238898038469,4.71238898038469,1.5707963267948966,1.5707963267948966,0.0,4.71238898038469,3.141592653589793,3.141592653589793,1.5707963267948966,0.02454369260617026,4.71238898038469,6.283185307179586,0.0,1.5707963267948966
3.141592653589793,3.141592653589793,4.71238898038469,4.71238898038469,1.5707963267948966,4.71238898038469,0.0,4.71238898038469,0.0,0.0,4.71238898038469,4.71238898038469,1.5707963267948966,1.5707963267948966,0.0,4.71238898038469,3.141592653589793,3.141592653589793,1.5707963267948966,0.0,4.73693267299086,6.283185307179586,0.0,1.5707963267948966
3.141592653589793,3.141592653589793,4.71238898038469,4.71238898038469,1.5707963267948966,4.71238898038469,0.0,4.71238898038469,0.0,0.0,4.71238898038469,4.71238898038469,1.5707963267948966,1.5707963267948966,0.0,4.71238898038469,3.141592653589793,3.141592653589793,1.5707963267948966,0.0,4.71238898038469,6.283185307179586,0.02454369260617026,1.5707963267948966
3.141592653589793,3.141592653589793,4.71238898038469,4.71238898038469,1.5707963267948966,4.71238898038469,0.0,4.71238898038469,0.0,0.0,4.71238898038469,4.71238898038469,1.5707963267948966,1.5707963267948966,0.0,4.71238898038469,3.141592653589793,3.141592653589793,1.5707963267948966,0.0,4.71238898038469,6.283185307179586,0.0,1.5953400194010667
3.117048960983623,3.141592653589793,4.71238898038469,4.71238898038469,1.5707963267948966,4.71238898038469,0.0,4.71238898038469,0.0,0.0,4.71238898038469,4.71238898038469,1.5707963267948966,1.5707963267948966,0.0,4.71238898038469,3.141592653589793,3.141592653589793,1.5707963267948966,0.0,4.71238898038469,6.283185307179586,0.0,1.5707963267948966
3.141592653589793,3.117048960983623,4.71238898038469,4.71238898038469,1.5707963267948966,4.71238898038469,0.0,4.71238898038469,0.0,0.0,4.71238898038469,4.71238898038469,1.5707963267948966,1.5707963267948966,0.0,4.71238898038469,3.141592653589793,3.141592653589793,1.5707963267948966,0.0,4.71238898038469,6.283185307179586,0.0,1.5707963267948966
3.141592653589793,3.141592653589793,4.6878452877785195,4.71238898038469,1.5707963267948966,4.71238898038469,0.0,4.71238898038469,0.0,0.0,4.71238898038469,4.71238898038469,1.5707963267948966,1.5707963267948966,0.0,4.71238898038469,3.141592653589793,3.141592653589793,1.5707963267948966,0.0,4.71238898038469,6.283185307179586,0.0,1.5707963267948966
3.141592653589793,3.141592653589793,4.71238898038469,4.6878452877785195,1.5707963267948966,4.71238898038469,0.0,4.71238898038469,0.0,0.0,4.71238898038469,4.71238898038469,1.5707963267948966,1.5707963267948966,0.0,4.71238898038469,3.141592653589793,3.141592653589793,1.5707963267948966,0.0,4.71238898038469,6.283185307179586,0.0,1.5707963267948966
3.141592653589793,3.141592653589793,4.71238898038469,4.71238898038469,1.5462526341887264,4.71238898038469,0.0,4.71238898038469,0.0,0.0,4.71238898038469,4.71238898038469,1.5707963267948966,1.5707963267948966,0.0,4.71238898038469,3.141592653589793,3.141592653589793,1.5707963267948966,0.0,4.71238898038469,6.283185307179586,0.0,1.5707963267948966
3.141592653589793,3.141592653589793,4.71238898038469,4.71238898038469,1.5707963267948966,4.6878452877785195,0.0,4.71238898038469,0.0,0.0,4.71238898038469,4.71238898038469,1.5707963267948966,1.5707963267948966,0.0,4.71238898038469,3.141592653589793,3.141592653589793,1.5707963267948966,0.0,4.71238898038469,6.283185307179586,0.0,1.5707963267948966
3.141592653589793,3.141592653589793,4.71238898038469,4.71238898038469,1.5707963267948966,4.71238898038469,0.0,4.6878452877785195,0.0,0.0,4.71238898038469,4.71238898038469,1.5707963267948966,1.5707963267948966,0.0,4.71238898038469,3.141592653589793,3.141592653589793,1.5707963267948966,0.0,4.71238898038469,6.283185307179586,0.0,1.5707963267948966
3.141592653589793,3.141592653589793,4.71238898038469,4.71238898038469,1.5707963267948966,4.71238898038469,0.0,4.71238898038469,0.0,0.0,4.6878452877785195,4.71238898038469,1.5707963267948966,1.5707963267948966,0.0,4.71238898038469,3.141592653589793,3.141592653589793,1.5707963267948966,0.0,4.71238898038469,6.283185307179586,0.0,1.5707963267948966
3.141592653589793,3.141592653589793,4.71238898038469,4.71238898038469,1.5707963267948966,4.71238898038469,0.0,4.71238898038469,0.0,0.0,4.71238898038469,4.6878452877785195,1.5707963267948966,1.5707963267948966,0.0,4.71238898038469,3.141592653589793,3.141592653589793,1.5707963267948966,0.0,4.71238898038469,6.283185307179586,0.0,1.5707963267948966
3.141592653589793,3.141592653589793,4.71238898038469,4.71238898038469,1.5707963267948966,4.71238898038469,0.0,4.71238898038469,0.0,0.0,4.71238898038469,4.71238898038469,1.5462526341887264,1.5707963267948966,0.0,4.71238898038469,3.141592653589793,3.141592653589793,1.5707963267948966,0.0,4.71238898038469,6.283185307179586,0.0,1.5707963267948966
3.141592653589793,3.141592653589793,4.71238898038469,4.71238898038469,1.5707963267948966,4.71238898038469,0.0,4.71238898038469,0.0,0.0,4.71238898038469,4.71238898038469,1.5707963267948966,1.5462526341887264,0.0,4.71238898038469,3.141592653589793,3.141592653589793,1.5707963267948966,0.0,4.71238898038469,6.283185307179586,0.0,1.5707963267948966
3.141592653589793,3.141592653589793,4.71238898038469,4.71238898038469,1.5707963267948966,4.71238898038469,0.0,4.71238898038469,0.0,0.0,4.71238898038469,4.71238898038469,1.5707963267948966,1.5707963267948966,0.0,4.6878452877785195,3.141592653589793,3.141592653589793,1.5707963267948966,0.0,4.71238898038469,6.283185307179586,0.0,1.5707963267948966
3.141592653589793,3.141592653589793,4.71238898038469,4.71238898038469,1.5707963267948966,4.71238898038469,0.0,4.71238898038469,0.0,0.0,4.71238898038469,4.71238898038469,1.5707963267948966,1.5707963267948966,0.0,4.71238898038469,3.117048960983623,3.141592653589793,1.5707963267948966,0.0,4.71238898038469,6.283185307179586,0.0,1.5707963267948966
3.141592653589793,3.141592653589793,4.71238898038469,4.71238898038469,1.5707963267948966,4.71238898038469,0.0,4.71238898038469,0.0,0.0,4.71238898038469,4.71238898038469,1.5707963267948966,1.5707963267948966,0.0,4.71238898038469,3.141592653589793,3.117048960983623,1.5707963267948966,0.0,4.71238898038469,6.283185307179586,0.0,1.5707963267948966
3.141592653589793,3.141592653589793,4.71238898038469,4.71238898038469,1.5707963267948966,4.71238898038469,0.0,4.71238898038469,0.0,0.0,4.71238898038469,4.71238898038469,1.5707963267948966,1.5707963267948966,0.0,4.71238898038469,3.141592653589793,3.141592653589793,1.5462526341887264,0.0,4.71238898038469,6.283185307179586,0.0,1.5707963267948966
3.141592653589793,3.141592653589793,4.71238898038469,4.71238898038469,1.5707963267948966,4.71238898038469,0.0,4.71238898038469,0.0,0.0,4.71238898038469,4.71238898038469,1.5707963267948966,1.5707963267948966,0.0,4.71238898038469,3.141592653589793,3.141592653589793,1.5707963267948966,0.0,4.6878452877785195,6.283185307179586,0.0,1.5707963267948966
3.141592653589793,3.141592653589793,4.71238898038469,4.71238898038469,1.5707963267948966,4.71238898038469,0.0,4.71238898038469,0.0,0.0,4.71238898038469,4.71238898038469,1.5707963267948966,1.5707963267948966,0.0,4.71238898038469,3.141592653589793,3.141592653589793,1.5707963267948966,0.0,4.71238898038469,6.258641614573416,0.0,1.5707963267948966
3.141592653589793,3.141592653589793,4.71238898038469,4.71238898038469,1.5707963267948966,4.71238898038469,0.0,4.71238898038469,0.0,0.0,4.71238898038469,4.71238898038469,1.5707963267948966,1.5707963267948966,0.0,4.71238898038469,3.141592653589793,3.141592653589793,1.5707963267948966,0.0,4.71238898038469,6.283185307179586,0.0,1.5462526341887264
