0.0,0.0,4.71238898038469,0.0,4.71238898038469,0.0,4.71238898038469,4.71238898038469,0.0,0.0,3.141592653589793,3.141592653589793,1.5707963267948966,1.5707963267948966,4.71238898038469,3.141592653589793,0.0,0.0,4.71238898038469,0.0,1.5707963267948966,0.0,0.0,3.141592653589793
3.141592653589793,0.0,4.71238898038469,0.0,4.71238898038469,0.0,4.71238898038469,4.71238898038469,0.0,0.0,3.141592653589793,3.141592653589793,1.5707963267948966,1.5707963267948966,4.71238898038469,3.141592653589793,0.0,0.0,4.71238898038469,0.0,1.5707963267948966,0.0,0.0,3.141592653589793
0.0,3.141592653589793,4.71238898038469,0.0,4.71238898038469,0.0,4.71238898038469,4.71238898038469,0.0,0.0,3.141592653589793,3.141592653589793,1.5707963267948966,1.5707963267948966,4.71238898038469,3.141592653589793,0.0,0.0,4.71238898038469,0.0,1.5707963267948966,0.0,0.0,3.141592653589793
0.0,0.0,4.71238898038469,3.141592653589793,4.71238898038469,0.0,4.71238898038469,4.71238898038469,0.0,0.0,3.141592653589793,3.141592653589793,1.5707963267948966,1.5707963267948966,4.71238898038469,3.141592653589793,0.0,0.0,4.71238898038469,0.0,1.5707963267948966,0.0,0.0,3.141592653589793
0.0,0.0,4.71238898038469,0.0,4.71238898038469,3.141592653589793,4.71238898038469,4.71238898038469,0.0,0.0,3.141592653589793,3.141592653589793,1.5707963267948966,1.5707963267948966,4.71238898038469,3.141592653589793,0.0,0.0,4.71238898038469,0.0,1.5707963267948966,0.0,0.0,3.141592653589793
0.0,0.0,4.71238898038469,0.0,4.71238898038469,0.0,4.71238898038469,4.71238898038469,3.141592653589793,0.0,3.141592653589793,3.141592653589793,1.5707963267948966,1.5707963267948966,4.71238898038469,3.141592653589793,0.0,0.0,4.71238898038469,0.0,1.5707963267948966,0.0,0.0,3.141592653589793
0.0,0.0,4.71238898038469,0.0,4.71238898038469,0.0,4.71238898038469,4.71238898038469,0.0,3.141592653589793,3.141592653589793,3.141592653589793,1.5707963267948966,1.5707963267948966,4.71238898038469,3.141592653589793,0.0,0.0,4.71238898038469,0.0,1.5707963267948966,0.0,0.0,3.141592653589793
0.0,0.0,4.71238898038469,0.0,4.71238898038469,0.0,4.71238898038469,4.71238898038469,0.0,0.0,6.283185307179586,3.141592653589793,1.5707963267948966,1.5707963267948966,4.71238898038469,3.141592653589793,0.0,0.0,4.71238898038469,0.0,1.5707963267948966,0.0,0.0,3.141592653589793
0.0,0.0,4.71238898038469,0.0,4.71238898038469,0.0,4.71238898038469,4.71238898038469,0.0,0.0,3.141592653589793,6.283185307179586,1.5707963267948966,1.5707963267948966,4.71238898038469,3.141592653589793,0.0,0.0,4.71238898038469,0.0,1.5707963267948966,0.0,0.0,3.141592653589793
0.0,0.0,4.71238898038469,0.0,4.71238898038469,0.0,4.71238898038469,4.71238898038469,0.0,0.0,3.141592653589793,3.141592653589793,4.71238898038469,1.5707963267948966,4.71238898038469,3.141592653589793,0.0,0.0,4.71238898038469,0.0,1.5707963267948966,0.0,0.0,3.141592653589793
0.0,0.0,4.71238898038469,0.0,4.71238898038469,0.0,4.71238898038469,4.71238898038469,0.0,0.0,3.141592653589793,3.141592653589793,1.5707963267948966,4.71238898038469,4.71238898038469,3.141592653589793,0.0,0.0,4.71238898038469,0.0,1.5707963267948966,0.0,0.0,3.141592653589793
0.0,0.0,4.71238898038469,0.0,4.71238898038469,0.0,4.71238898038469,4.71238898038469,0.0,0.0,3.141592653589793,3.141592653589793,1.5707963267948966,1.5707963267948966,4.71238898038469,6.283185307179586,0.0,0.0,4.71238898038469,0.0,1.5707963267948966,0.0,0.0,3.141592653589793
0.0,0.0,4.71238898038469,0.0,4.71238898038469,0.0,4.71238898038469,4.71238898038469,0.0,0.0,3.141592653589793,3.141592653589793,1.5707963267948966,1.5707963267948966,4.71238898038469,3.141592653589793,3.141592653589793,0.0,4.71238898038469,0.0,1.5707963267948966,0.0,0.0,3.141592653589793
0.0,0.0,4.71238898038469,0.0,4.71238898038469,0.0,4.71238898038469,4.71238898038469,0.0,0.0,3.141592653589793,3.141592653589793,1.5707963267948966,1.5707963267948966,4.71238898038469,3.141592653589793,0.0,3.141592653589793,4.71238898038469,0.0,1.5707963267948966,0.0,0.0,3.141592653589793
0.0,0.0,4.71238898038469,0.0,4.71238898038469,0.0,4.71238898038469,4.71238898038469,0.0,0.0,3.141592653589793,3.141592653589793,1.5707963267948966,1.5707963267948966,4.71238898038469,3.141592653589793,0.0,0.0,4.71238898038469,3.141592653589793,1.5707963267948966,0.0,0.0,3.141592653589793
0.0,0.0,4.71238898038469,0.0,4.71238898038469,0.0,4.71238898038469,4.71238898038469,0.0,0.0,3.141592653589793,3.141592653589793,1.5707963267948966,1.5707963267948966,4.71238898038469,3.141592653589793,0.0,0.0,4.71238898038469,0.0,4.71238898038469,0.0,0.0,3.141592653589793
0.0,0.0,4.71238898038469,0.0,4.71238898038469,0.0,4.71238898038469,4.71238898038469,0.0,0.0,3.141592653589793,3.141592653589793,1.5707963267948966,1.5707963267948966,4.71238898038469,3.141592653589793,0.0,0.0,4.71238898038469,0.0,1.5707963267948966,3.141592653589793,0.0,3.141592653589793
0.0,0.0,4.71238898038469,0.0,4.71238898038469,0.0,4.71238898038469,4.71238898038469,0.0,0.0,3.141592653589793,3.141592653589793,1.5707963267948966,1.5707963267948966,4.71238898038469,3.141592653589793,0.0,0.0,4.71238898038469,0.0,1.5707963267948966,0.0,3.141592653589793,3.141592653589793
0.0,0.0,4.71238898038469,0.0,4.71238898038469,0.0,4.71238898038469,4.71238898038469,0.0,0.0,3.141592653589793,3.141592653589793,1.5707963267948966,1.5707963267948966,4.71238898038469,3.141592653589793,0.0,0.0,4.71238898038469,0.0,1.5707963267948966,0.0,0.0,6.283185307179586
0.0,0.0,1.5707963267948966,0.0,4.71238898038469,0.0,4.71238898038469,4.71238898038469,0.0,0.0,3.141592653589793,3.141592653589793,1.5707963267948966,1.5707963267948966,4.71238898038469,3.141592653589793,0.0,0.0,4.71238898038469,0.0,1.5707963267948966,0.0,0.0,3.141592653589793
0.0,0.0,4.71238898038469,0.0,1.5707963267948966,0.0,4.71238898038469,4.71238898038469,0.0,0.0,3.141592653589793,3.141592653589793,1.5707963267948966,1.5707963267948966,4.71238898038469,3.141592653589793,0.0,0.0,4.71238898038469,0.0,1.5707963267948966,0.0,0.0,3.141592653589793
0.0,0.0,4.71238898038469,0.0,4.71238898038469,0.0,1.5707963267948966,4.71238898038469,0.0,0.0,3.141592653589793,3.141592653589793,1.5707963267948966,1.5707963267948966,4.71238898038469,3.141592653589793,0.0,0.0,4.71238898038469,0.0,1.5707963267948966,0.0,0.0,3.141592653589793
0.0,0.0,4.71238898038469,0.0,4.71238898038469,0.0,4.71238898038469,1.5707963267948966,0.0,0.0,3.141592653589793,3.141592653589793,1.5707963267948966,1.5707963267948966,4.71238898038469,3.141592653589793,0.0,0.0,4.71238898038469,0.0,1.5707963267948966,0.0,0.0,3.141592653589793
0.0,0.0,4.71238898038469,0.0,4.71238898038469,0.0,4.71238898038469,4.71238898038469,0.0,0.0,0.0,3.141592653589793,1.5707963267948966,1.5707963267948966,4.71238898038469,3.141592653589793,0.0,0.0,4.71238898038469,0.0,1.5707963267948966,0.0,0.0,3.141592653589793
0.0,0.0,4.71238898038469,0.0,4.71238898038469,0.0,4.71238898038469,4.71238898038469,0.0,0.0,3.141592653589793,0.0,1.5707963267948966,1.5707963267948966,4.71238898038469,3.141592653589793,0.0,0.0,4.71238898038469,0.0,1.5707963267948966,0.0,0.0,3.141592653589793
0.0,0.0,4.71238898038469,0.0,4.71238898038469,0.0,4.71238898038469,4.71238898038469,0.0,0.0,3.141592653589793,3.141592653589793,1.5707963267948966,1.5707963267948966,1.5707963267948966,3.141592653589793,0.0,0.0,4.71238898038469,0.0,1.5707963267948966,0.0,0.0,3.141592653589793
0.0,0.0,4.71238898038469,0.0,4.71238898038469,0.0,4.71238898038469,4.71238898038469,0.0,0.0,3.141592653589793,3.141592653589793,1.5707963267948966,1.5707963267948966,4.71238898038469,0.0,0.0,0.0,4.71238898038469,0.0,1.5707963267948966,0.0,0.0,3.141592653589793
0.0,0.0,4.71238898038469,0.0,4.71238898038469,0.0,4.71238898038469,4.71238898038469,0.0,0.0,3.141592653589793,3.141592653589793,1.5707963267948966,1.5707963267948966,4.71238898038469,3.141592653589793,0.0,0.0,1.5707963267948966,0.0,1.5707963267948966,0.0,0.0,3.141592653589793
0.0,0.0,4.71238898038469,0.0,4.71238898038469,0.0,4.71238898038469,4.71238898038469,0.0,0.0,3.141592653589793,3.141592653589793,1.5707963267948966,1.5707963267948966,4.71238898038469,3.141592653589793,0.0,0.0,4.71238898038469,0.0,1.5707963267948966,0.0,0.0,0.0
0.0,0.0,6.283185307179586,0.0,4.653695002945444,0.02149825334064042,6.283185307179586,4.67742598016817,0.0,0.0,3.174903062659761,3.12370719860605,1.6535593851683972,1.6175950000313593,6.283185307179586,3.1385970267128918,0.0,0.0,6.283185307179586,0.0,1.6130940422773086,0.04630541010499665,0.05672315896413383,3.121840058316892
0.0,0.0,6.057228124387693,0.0,4.683041991665067,0.01074912667032021,6.045825892648539,4.69490748027643,0.0,0.0,3.1582478581247773,3.1326499260979217,1.6121778559816469,1.594195663413128,6.0413038006615265,3.1400948401513427,0.0,0.0,6.030420533454052,0.0,1.5919451845361026,0.023152705052498324,0.028361579482066916,3.1317163559533423
0.0,0.0,5.3848085523861915,0.0,4.697715486024879,0.005374563335160105,5.379107436516614,4.70364823033056,0.0,0.0,3.1499202558572854,3.1371212898438574,1.5914870913882717,1.5824959951040123,5.3768463905231085,3.140843746870568,0.0,0.0,5.371404756919371,0.0,1.5813707556654997,0.011576352526249162,0.014180789741033458,3.1366545047715677
3.141592653589793,0.0,5.3848085523861915,0.0,4.697715486024879,0.005374563335160105,5.379107436516614,4.70364823033056,0.0,0.0,3.1499202558572854,3.1371212898438574,1.5914870913882717,1.5824959951040123,5.3768463905231085,3.140843746870568,0.0,0.0,5.371404756919371,0.0,1.5813707556654997,0.011576352526249162,0.014180789741033458,3.1366545047715677
0.0,3.141592653589793,5.3848085523861915,0.0,4.697715486024879,0.005374563335160105,5.379107436516614,4.70364823033056,0.0,0.0,3.1499202558572854,3.1371212898438574,1.5914870913882717,1.5824959951040123,5.3768463905231085,3.140843746870568,0.0,0.0,5.371404756919371,0.0,1.5813707556654997,0.011576352526249162,0.014180789741033458,3.1366545047715677
0.0,0.0,5.3848085523861915,3.141592653589793,4.697715486024879,0.005374563335160105,5.379107436516614,4.70364823033056,0.0,0.0,3.1499202558572854,3.1371212898438574,1.5914870913882717,1.5824959951040123,5.3768463905231085,3.140843746870568,0.0,0.0,5.371404756919371,0.0,1.5813707556654997,0.011576352526249162,0.014180789741033458,3.1366545047715677
0.0,0.0,5.3848085523861915,0.0,4.697715486024879,3.1469672169249536,5.379107436516614,4.70364823033056,0.0,0.0,3.1499202558572854,3.1371212898438574,1.5914870913882717,1.5824959951040123,5.3768463905231085,3.140843746870568,0.0,0.0,5.371404756919371,0.0,1.5813707556654997,0.011576352526249162,0.014180789741033458,3.1366545047715677
0.0,0.0,5.3848085523861915,0.0,4.697715486024879,0.005374563335160105,5.379107436516614,4.70364823033056,3.141592653589793,0.0,3.1499202558572854,3.1371212898438574,1.5914870913882717,1.5824959951040123,5.3768463905231085,3.140843746870568,0.0,0.0,5.371404756919371,0.0,1.5813707556654997,0.011576352526249162,0.014180789741033458,3.1366545047715677
0.0,0.0,5.3848085523861915,0.0,4.697715486024879,0.005374563335160105,5.379107436516614,4.70364823033056,0.0,3.141592653589793,3.1499202558572854,3.1371212898438574,1.5914870913882717,1.5824959951040123,5.3768463905231085,3.140843746870568,0.0,0.0,5.371404756919371,0.0,1.5813707556654997,0.011576352526249162,0.014180789741033458,3.1366545047715677
0.0,0.0,5.3848085523861915,0.0,4.697715486024879,0.005374563335160105,5.379107436516614,4.70364823033056,0.0,0.0,3.1499202558572854,6.278713943433651,1.5914870913882717,1.5824959951040123,5.3768463905231085,3.140843746870568,0.0,0.0,5.371404756919371,0.0,1.5813707556654997,0.011576352526249162,0.014180789741033458,3.1366545047715677
0.0,0.0,5.3848085523861915,0.0,4.697715486024879,0.005374563335160105,5.379107436516614,4.70364823033056,0.0,0.0,3.1499202558572854,3.1371212898438574,4.733079744978065,1.5824959951040123,5.3768463905231085,3.140843746870568,0.0,0.0,5.371404756919371,0.0,1.5813707556654997,0.011576352526249162,0.014180789741033458,3.1366545047715677
0.0,0.0,5.3848085523861915,0.0,4.697715486024879,0.005374563335160105,5.379107436516614,4.70364823033056,0.0,0.0,3.1499202558572854,3.1371212898438574,1.5914870913882717,4.724088648693805,5.3768463905231085,3.140843746870568,0.0,0.0,5.371404756919371,0.0,1.5813707556654997,0.011576352526249162,0.014180789741033458,3.1366545047715677
0.0,0.0,5.3848085523861915,0.0,4.697715486024879,0.005374563335160105,5.379107436516614,4.70364823033056,0.0,0.0,3.1499202558572854,3.1371212898438574,1.5914870913882717,1.5824959951040123,5.3768463905231085,6.2824364004603614,0.0,0.0,5.371404756919371,0.0,1.5813707556654997,0.011576352526249162,0.014180789741033458,3.1366545047715677
0.0,0.0,5.3848085523861915,0.0,4.697715486024879,0.005374563335160105,5.379107436516614,4.70364823033056,0.0,0.0,3.1499202558572854,3.1371212898438574,1.5914870913882717,1.5824959951040123,5.3768463905231085,3.140843746870568,3.141592653589793,0.0,5.371404756919371,0.0,1.5813707556654997,0.011576352526249162,0.014180789741033458,3.1366545047715677
0.0,0.0,5.3848085523861915,0.0,4.697715486024879,0.005374563335160105,5.379107436516614,4.70364823033056,0.0,0.0,3.1499202558572854,3.1371212898438574,1.5914870913882717,1.5824959951040123,5.3768463905231085,3.140843746870568,0.0,3.141592653589793,5.371404756919371,0.0,1.5813707556654997,0.011576352526249162,0.014180789741033458,3.1366545047715677
0.0,0.0,5.3848085523861915,0.0,4.697715486024879,0.005374563335160105,5.379107436516614,4.70364823033056,0.0,0.0,3.1499202558572854,3.1371212898438574,1.5914870913882717,1.5824959951040123,5.3768463905231085,3.140843746870568,0.0,0.0,5.371404756919371,3.141592653589793,1.5813707556654997,0.011576352526249162,0.014180789741033458,3.1366545047715677
0.0,0.0,5.3848085523861915,0.0,4.697715486024879,0.005374563335160105,5.379107436516614,4.70364823033056,0.0,0.0,3.1499202558572854,3.1371212898438574,1.5914870913882717,1.5824959951040123,5.3768463905231085,3.140843746870568,0.0,0.0,5.371404756919371,0.0,4.722963409255293,0.011576352526249162,0.014180789741033458,3.1366545047715677
0.0,0.0,5.3848085523861915,0.0,4.697715486024879,0.005374563335160105,5.379107436516614,4.70364823033056,0.0,0.0,3.1499202558572854,3.1371212898438574,1.5914870913882717,1.5824959951040123,5.3768463905231085,3.140843746870568,0.0,0.0,5.371404756919371,0.0,1.5813707556654997,3.1531690061160424,0.014180789741033458,3.1366545047715677
0.0,0.0,5.3848085523861915,0.0,4.697715486024879,0.005374563335160105,5.379107436516614,4.70364823033056,0.0,0.0,3.1499202558572854,3.1371212898438574,1.5914870913882717,1.5824959951040123,5.3768463905231085,3.140843746870568,0.0,0.0,5.371404756919371,0.0,1.5813707556654997,0.011576352526249162,3.155773443330826,3.1366545047715677
0.0,0.0,5.3848085523861915,0.0,4.697715486024879,0.005374563335160105,5.379107436516614,4.70364823033056,0.0,0.0,3.1499202558572854,3.1371212898438574,1.5914870913882717,1.5824959951040123,5.3768463905231085,3.140843746870568,0.0,0.0,5.371404756919371,0.0,1.5813707556654997,0.011576352526249162,0.014180789741033458,6.278247158361361
0.0,0.0,2.2432158987963984,0.0,4.697715486024879,0.005374563335160105,5.379107436516614,4.70364823033056,0.0,0.0,3.1499202558572854,3.1371212898438574,1.5914870913882717,1.5824959951040123,5.3768463905231085,3.140843746870568,0.0,0.0,5.371404756919371,0.0,1.5813707556654997,0.011576352526249162,0.014180789741033458,3.1366545047715677
0.0,0.0,5.3848085523861915,0.0,1.5561228324350853,0.005374563335160105,5.379107436516614,4.70364823033056,0.0,0.0,3.1499202558572854,3.1371212898438574,1.5914870913882717,1.5824959951040123,5.3768463905231085,3.140843746870568,0.0,0.0,5.371404756919371,0.0,1.5813707556654997,0.011576352526249162,0.014180789741033458,3.1366545047715677
0.0,0.0,5.3848085523861915,0.0,4.697715486024879,0.005374563335160105,2.237514782926821,4.70364823033056,0.0,0.0,3.1499202558572854,3.1371212898438574,1.5914870913882717,1.5824959951040123,5.3768463905231085,3.140843746870568,0.0,0.0,5.371404756919371,0.0,1.5813707556654997,0.011576352526249162,0.014180789741033458,3.1366545047715677
0.0,0.0,5.3848085523861915,0.0,4.697715486024879,0.005374563335160105,5.379107436516614,1.5620555767407671,0.0,0.0,3.1499202558572854,3.1371212898438574,1.5914870913882717,1.5824959951040123,5.3768463905231085,3.140843746870568,0.0,0.0,5.371404756919371,0.0,1.5813707556654997,0.011576352526249162,0.014180789741033458,3.1366545047715677
0.0,0.0,5.3848085523861915,0.0,4.697715486024879,0.005374563335160105,5.379107436516614,4.70364823033056,0.0,0.0,0.008327602267492153,3.1371212898438574,1.5914870913882717,1.5824959951040123,5.3768463905231085,3.140843746870568,0.0,0.0,5.371404756919371,0.0,1.5813707556654997,0.011576352526249162,0.014180789741033458,3.1366545047715677
0.0,0.0,5.3848085523861915,0.0,4.697715486024879,0.005374563335160105,5.379107436516614,4.70364823033056,0.0,0.0,3.1499202558572854,3.1371212898438574,1.5914870913882717,1.5824959951040123,2.235253736933315,3.140843746870568,0.0,0.0,5.371404756919371,0.0,1.5813707556654997,0.011576352526249162,0.014180789741033458,3.1366545047715677
0.0,0.0,5.3848085523861915,0.0,4.697715486024879,0.005374563335160105,5.379107436516614,4.70364823033056,0.0,0.0,3.1499202558572854,3.1371212898438574,1.5914870913882717,1.5824959951040123,5.3768463905231085,3.140843746870568,0.0,0.0,2.2298121033295777,0.0,1.5813707556654997,0.011576352526249162,0.014180789741033458,3.1366545047715677
0.0,0.0,6.283185307179586,0.0,4.492177470227429,0.0,6.283185307179586,4.670364938221952,0.0,0.0,6.283185307179586,0.0,1.989253537773586,1.722698671830494,6.283185307179586,0.361357130954483,0.0,0.0,6.283185307179586,0.0,1.7119694409132187,0.1633860952317672,0.23734038681426198,3.079040925846648
0.0,0.0,6.283185307179586,0.0,4.594946478126154,0.0,6.283185307179586,4.687006584276256,0.0,0.0,5.364243834181331,1.001201100856422,1.7903703145809287,1.652597333467253,6.283185307179586,1.7511004389125253,0.0,0.0,6.283185307179586,0.0,1.646670098289359,0.08748122387900818,0.12576058827764772,3.107847715309108
0.0,0.0,6.283185307179586,0.0,4.646330982075516,0.0025414882255901414,6.283185307179586,4.695327407303408,0.0,0.0,4.257082045019308,2.06916119535014,1.6909287029846003,1.6175466642856329,6.283185307179586,2.4459720928915467,0.0,0.0,6.283185307179586,0.0,1.6140204269774292,0.04952878820262867,0.06997068900934057,3.1222511100403376
0.0,0.0,6.283185307179586,0.0,4.672023234050197,0.003958025780375123,6.283185307179586,4.6994878188169835,0.0,0.0,3.7035011504382966,2.6031412425969984,1.641207897186436,1.6000213296948222,6.283185307179586,2.7934079198810573,0.0,0.0,6.283185307179586,0.0,1.5976955913214643,0.030552570364438914,0.04207573937518702,3.129452807405953
3.141592653589793,0.0,5.3848085523861915,0.0,4.697715486024879,0.005374563335160105,5.379107436516614,4.70364823033056,0.0,0.0,3.1499202558572854,3.1371212898438574,1.5914870913882717,1.5824959951040123,5.3768463905231085,3.140843746870568,0.0,0.0,5.371404756919371,0.0,1.5813707556654997,0.011576352526249162,0.014180789741033458,3.1366545047715677
0.0,3.141592653589793,5.3848085523861915,0.0,4.697715486024879,0.005374563335160105,5.379107436516614,4.70364823033056,0.0,0.0,3.1499202558572854,3.1371212898438574,1.5914870913882717,1.5824959951040123,5.3768463905231085,3.140843746870568,0.0,0.0,5.371404756919371,0.0,1.5813707556654997,0.011576352526249162,0.014180789741033458,3.1366545047715677
0.0,0.0,5.3848085523861915,3.141592653589793,4.697715486024879,0.005374563335160105,5.379107436516614,4.70364823033056,0.0,0.0,3.1499202558572854,3.1371212898438574,1.5914870913882717,1.5824959951040123,5.3768463905231085,3.140843746870568,0.0,0.0,5.371404756919371,0.0,1.5813707556654997,0.011576352526249162,0.014180789741033458,3.1366545047715677
0.0,0.0,5.3848085523861915,0.0,4.697715486024879,3.1469672169249536,5.379107436516614,4.70364823033056,0.0,0.0,3.1499202558572854,3.1371212898438574,1.5914870913882717,1.5824959951040123,5.3768463905231085,3.140843746870568,0.0,0.0,5.371404756919371,0.0,1.5813707556654997,0.011576352526249162,0.014180789741033458,3.1366545047715677
0.0,0.0,5.3848085523861915,0.0,4.697715486024879,0.005374563335160105,5.379107436516614,4.70364823033056,3.141592653589793,0.0,3.1499202558572854,3.1371212898438574,1.5914870913882717,1.5824959951040123,5.3768463905231085,3.140843746870568,0.0,0.0,5.371404756919371,0.0,1.5813707556654997,0.011576352526249162,0.014180789741033458,3.1366545047715677
0.0,0.0,5.3848085523861915,0.0,4.697715486024879,0.005374563335160105,5.379107436516614,4.70364823033056,0.0,3.141592653589793,3.1499202558572854,3.1371212898438574,1.5914870913882717,1.5824959951040123,5.3768463905231085,3.140843746870568,0.0,0.0,5.371404756919371,0.0,1.5813707556654997,0.011576352526249162,0.014180789741033458,3.1366545047715677
0.0,0.0,5.3848085523861915,0.0,4.697715486024879,0.005374563335160105,5.379107436516614,4.70364823033056,0.0,0.0,3.1499202558572854,6.278713943433651,1.5914870913882717,1.5824959951040123,5.3768463905231085,3.140843746870568,0.0,0.0,5.371404756919371,0.0,1.5813707556654997,0.011576352526249162,0.014180789741033458,3.1366545047715677
0.0,0.0,5.3848085523861915,0.0,4.697715486024879,0.005374563335160105,5.379107436516614,4.70364823033056,0.0,0.0,3.1499202558572854,3.1371212898438574,4.733079744978065,1.5824959951040123,5.3768463905231085,3.140843746870568,0.0,0.0,5.371404756919371,0.0,1.5813707556654997,0.011576352526249162,0.014180789741033458,3.1366545047715677
0.0,0.0,5.3848085523861915,0.0,4.697715486024879,0.005374563335160105,5.379107436516614,4.70364823033056,0.0,0.0,3.1499202558572854,3.1371212898438574,1.5914870913882717,4.724088648693805,5.3768463905231085,3.140843746870568,0.0,0.0,5.371404756919371,0.0,1.5813707556654997,0.011576352526249162,0.014180789741033458,3.1366545047715677
0.0,0.0,5.3848085523861915,0.0,4.697715486024879,0.005374563335160105,5.379107436516614,4.70364823033056,0.0,0.0,3.1499202558572854,3.1371212898438574,1.5914870913882717,1.5824959951040123,5.3768463905231085,6.2824364004603614,0.0,0.0,5.371404756919371,0.0,1.5813707556654997,0.011576352526249162,0.014180789741033458,3.1366545047715677
0.0,0.0,5.3848085523861915,0.0,4.697715486024879,0.005374563335160105,5.379107436516614,4.70364823033056,0.0,0.0,3.1499202558572854,3.1371212898438574,1.5914870913882717,1.5824959951040123,5.3768463905231085,3.140843746870568,3.141592653589793,0.0,5.371404756919371,0.0,1.5813707556654997,0.011576352526249162,0.014180789741033458,3.1366545047715677
0.0,0.0,5.3848085523861915,0.0,4.697715486024879,0.005374563335160105,5.379107436516614,4.70364823033056,0.0,0.0,3.1499202558572854,3.1371212898438574,1.5914870913882717,1.5824959951040123,5.3768463905231085,3.140843746870568,0.0,3.141592653589793,5.371404756919371,0.0,1.5813707556654997,0.011576352526249162,0.014180789741033458,3.1366545047715677
0.0,0.0,5.3848085523861915,0.0,4.697715486024879,0.005374563335160105,5.379107436516614,4.70364823033056,0.0,0.0,3.1499202558572854,3.1371212898438574,1.5914870913882717,1.5824959951040123,5.3768463905231085,3.140843746870568,0.0,0.0,5.371404756919371,3.141592653589793,1.5813707556654997,0.011576352526249162,0.014180789741033458,3.1366545047715677
0.0,0.0,5.3848085523861915,0.0,4.697715486024879,0.005374563335160105,5.379107436516614,4.70364823033056,0.0,0.0,3.1499202558572854,3.1371212898438574,1.5914870913882717,1.5824959951040123,5.3768463905231085,3.140843746870568,0.0,0.0,5.371404756919371,0.0,4.722963409255293,0.011576352526249162,0.014180789741033458,3.1366545047715677
0.0,0.0,5.3848085523861915,0.0,4.697715486024879,0.005374563335160105,5.379107436516614,4.70364823033056,0.0,0.0,3.1499202558572854,3.1371212898438574,1.5914870913882717,1.5824959951040123,5.3768463905231085,3.140843746870568,0.0,0.0,5.371404756919371,0.0,1.5813707556654997,3.1531690061160424,0.014180789741033458,3.1366545047715677
0.0,0.0,5.3848085523861915,0.0,4.697715486024879,0.005374563335160105,5.379107436516614,4.70364823033056,0.0,0.0,3.1499202558572854,3.1371212898438574,1.5914870913882717,1.5824959951040123,5.3768463905231085,3.140843746870568,0.0,0.0,5.371404756919371,0.0,1.5813707556654997,0.011576352526249162,3.155773443330826,3.1366545047715677
0.0,0.0,5.3848085523861915,0.0,4.697715486024879,0.005374563335160105,5.379107436516614,4.70364823033056,0.0,0.0,3.1499202558572854,3.1371212898438574,1.5914870913882717,1.5824959951040123,5.3768463905231085,3.140843746870568,0.0,0.0,5.371404756919371,0.0,1.5813707556654997,0.011576352526249162,0.014180789741033458,6.278247158361361
0.0,0.0,2.2432158987963984,0.0,4.697715486024879,0.005374563335160105,5.379107436516614,4.70364823033056,0.0,0.0,3.1499202558572854,3.1371212898438574,1.5914870913882717,1.5824959951040123,5.3768463905231085,3.140843746870568,0.0,0.0,5.371404756919371,0.0,1.5813707556654997,0.011576352526249162,0.014180789741033458,3.1366545047715677
0.0,0.0,5.3848085523861915,0.0,1.5561228324350853,0.005374563335160105,5.379107436516614,4.70364823033056,0.0,0.0,3.1499202558572854,3.1371212898438574,1.5914870913882717,1.5824959951040123,5.3768463905231085,3.140843746870568,0.0,0.0,5.371404756919371,0.0,1.5813707556654997,0.011576352526249162,0.014180789741033458,3.1366545047715677
0.0,0.0,5.3848085523861915,0.0,4.697715486024879,0.005374563335160105,2.237514782926821,4.70364823033056,0.0,0.0,3.1499202558572854,3.1371212898438574,1.5914870913882717,1.5824959951040123,5.3768463905231085,3.140843746870568,0.0,0.0,5.371404756919371,0.0,1.5813707556654997,0.011576352526249162,0.014180789741033458,3.1366545047715677
0.0,0.0,5.3848085523861915,0.0,4.697715486024879,0.005374563335160105,5.379107436516614,1.5620555767407671,0.0,0.0,3.1499202558572854,3.1371212898438574,1.5914870913882717,1.5824959951040123,5.3768463905231085,3.140843746870568,0.0,0.0,5.371404756919371,0.0,1.5813707556654997,0.011576352526249162,0.014180789741033458,3.1366545047715677
0.0,0.0,5.3848085523861915,0.0,4.697715486024879,0.005374563335160105,5.379107436516614,4.70364823033056,0.0,0.0,0.008327602267492153,3.1371212898438574,1.5914870913882717,1.5824959951040123,5.3768463905231085,3.140843746870568,0.0,0.0,5.371404756919371,0.0,1.5813707556654997,0.011576352526249162,0.014180789741033458,3.1366545047715677
0.0,0.0,5.3848085523861915,0.0,4.697715486024879,0.005374563335160105,5.379107436516614,4.70364823033056,0.0,0.0,3.1499202558572854,3.1371212898438574,1.5914870913882717,1.5824959951040123,2.235253736933315,3.140843746870568,0.0,0.0,5.371404756919371,0.0,1.5813707556654997,0.011576352526249162,0.014180789741033458,3.1366545047715677
0.0,0.0,5.3848085523861915,0.0,4.697715486024879,0.005374563335160105,5.379107436516614,4.70364823033056,0.0,0.0,3.1499202558572854,3.1371212898438574,1.5914870913882717,1.5824959951040123,5.3768463905231085,3.140843746870568,0.0,0.0,2.2298121033295777,0.0,1.5813707556654997,0.011576352526249162,0.014180789741033458,3.1366545047715677
1.5707963267948966,0.0,4.71238898038469,0.0,4.71238898038469,0.0,4.71238898038469,4.71238898038469,0.0,0.0,3.141592653589793,3.141592653589793,4.71238898038469,1.5707963267948966,4.71238898038469,3.141592653589793,0.0,0.0,4.71238898038469,0.0,1.5707963267948966,0.0,0.0,3.141592653589793
0.0,1.5707963267948966,4.71238898038469,0.0,4.71238898038469,0.0,4.71238898038469,4.71238898038469,0.0,0.0,3.141592653589793,3.141592653589793,4.71238898038469,1.5707963267948966,4.71238898038469,3.141592653589793,0.0,0.0,4.71238898038469,0.0,1.5707963267948966,0.0,0.0,3.141592653589793
0.0,0.0,6.283185307179586,0.0,4.71238898038469,0.0,4.71238898038469,4.71238898038469,0.0,0.0,3.141592653589793,3.141592653589793,4.71238898038469,1.5707963267948966,4.71238898038469,3.141592653589793,0.0,0.0,4.71238898038469,0.0,1.5707963267948966,0.0,0.0,3.141592653589793
0.0,0.0,4.71238898038469,1.5707963267948966,4.71238898038469,0.0,4.71238898038469,4.71238898038469,0.0,0.0,3.141592653589793,3.141592653589793,4.71238898038469,1.5707963267948966,4.71238898038469,3.141592653589793,0.0,0.0,4.71238898038469,0.0,1.5707963267948966,0.0,0.0,3.141592653589793
0.0,0.0,4.71238898038469,0.0,6.283185307179586,0.0,4.71238898038469,4.71238898038469,0.0,0.0,3.141592653589793,3.141592653589793,4.71238898038469,1.5707963267948966,4.71238898038469,3.141592653589793,0.0,0.0,4.71238898038469,0.0,1.5707963267948966,0.0,0.0,3.141592653589793
0.0,0.0,4.71238898038469,0.0,4.71238898038469,1.5707963267948966,4.71238898038469,4.71238898038469,0.0,0.0,3.141592653589793,3.141592653589793,4.71238898038469,1.5707963267948966,4.71238898038469,3.141592653589793,0.0,0.0,4.71238898038469,0.0,1.5707963267948966,0.0,0.0,3.141592653589793
0.0,0.0,4.71238898038469,0.0,4.71238898038469,0.0,6.283185307179586,4.71238898038469,0.0,0.0,3.141592653589793,3.141592653589793,4.71238898038469,1.5707963267948966,4.71238898038469,3.141592653589793,0.0,0.0,4.71238898038469,0.0,1.5707963267948966,0.0,0.0,3.141592653589793
0.0,0.0,4.71238898038469,0.0,4.71238898038469,0.0,4.71238898038469,6.283185307179586,0.0,0.0,3.141592653589793,3.141592653589793,4.71238898038469,1.5707963267948966,4.71238898038469,3.141592653589793,0.0,0.0,4.71238898038469,0.0,1.5707963267948966,0.0,0.0,3.141592653589793
0.0,0.0,4.71238898038469,0.0,4.71238898038469,0.0,4.71238898038469,4.71238898038469,1.5707963267948966,0.0,3.141592653589793,3.141592653589793,4.71238898038469,1.5707963267948966,4.71238898038469,3.141592653589793,0.0,0.0,4.71238898038469,0.0,1.5707963267948966,0.0,0.0,3.141592653589793
0.0,0.0,4.71238898038469,0.0,4.71238898038469,0.0,4.71238898038469,4.71238898038469,0.0,1.5707963267948966,3.141592653589793,3.141592653589793,4.71238898038469,1.5707963267948966,4.71238898038469,3.141592653589793,0.0,0.0,4.71238898038469,0.0,1.5707963267948966,0.0,0.0,3.141592653589793
0.0,0.0,4.71238898038469,0.0,4.71238898038469,0.0,4.71238898038469,4.71238898038469,0.0,0.0,4.71238898038469,3.141592653589793,4.71238898038469,1.5707963267948966,4.71238898038469,3.141592653589793,0.0,0.0,4.71238898038469,0.0,1.5707963267948966,0.0,0.0,3.141592653589793
0.0,0.0,4.71238898038469,0.0,4.71238898038469,0.0,4.71238898038469,4.71238898038469,0.0,0.0,3.141592653589793,4.71238898038469,4.71238898038469,1.5707963267948966,4.71238898038469,3.141592653589793,0.0,0.0,4.71238898038469,0.0,1.5707963267948966,0.0,0.0,3.141592653589793
0.0,0.0,4.71238898038469,0.0,4.71238898038469,0.0,4.71238898038469,4.71238898038469,0.0,0.0,3.141592653589793,3.141592653589793,6.283185307179586,1.5707963267948966,4.71238898038469,3.141592653589793,0.0,0.0,4.71238898038469,0.0,1.5707963267948966,0.0,0.0,3.141592653589793
0.0,0.0,4.71238898038469,0.0,4.71238898038469,0.0,4.71238898038469,4.71238898038469,0.0,0.0,3.141592653589793,3.141592653589793,4.71238898038469,3.141592653589793,4.71238898038469,3.141592653589793,0.0,0.0,4.71238898038469,0.0,1.5707963267948966,0.0,0.0,3.141592653589793
0.0,0.0,4.71238898038469,0.0,4.71238898038469,0.0,4.71238898038469,4.71238898038469,0.0,0.0,3.141592653589793,3.141592653589793,4.71238898038469,1.5707963267948966,6.283185307179586,3.141592653589793,0.0,0.0,4.71238898038469,0.0,1.5707963267948966,0.0,0.0,3.141592653589793
0.0,0.0,4.71238898038469,0.0,4.71238898038469,0.0,4.71238898038469,4.71238898038469,0.0,0.0,3.141592653589793,3.141592653589793,4.71238898038469,1.5707963267948966,4.71238898038469,4.71238898038469,0.0,0.0,4.71238898038469,0.0,1.5707963267948966,0.0,0.0,3.141592653589793
0.0,0.0,4.71238898038469,0.0,4.71238898038469,0.0,4.71238898038469,4.71238898038469,0.0,0.0,3.141592653589793,3.141592653589793,4.71238898038469,1.5707963267948966,4.71238898038469,3.141592653589793,1.5707963267948966,0.0,4.71238898038469,0.0,1.5707963267948966,0.0,0.0,3.141592653589793
0.0,0.0,4.71238898038469,0.0,4.71238898038469,0.0,4.71238898038469,4.71238898038469,0.0,0.0,3.141592653589793,3.141592653589793,4.71238898038469,1.5707963267948966,4.71238898038469,3.141592653589793,0.0,1.5707963267948966,4.71238898038469,0.0,1.5707963267948966,0.0,0.0,3.141592653589793
0.0,0.0,4.71238898038469,0.0,4.71238898038469,0.0,4.71238898038469,4.71238898038469,0.0,0.0,3.141592653589793,3.141592653589793,4.71238898038469,1.5707963267948966,4.71238898038469,3.141592653589793,0.0,0.0,6.283185307179586,0.0,1.5707963267948966,0.0,0.0,3.141592653589793
0.0,0.0,4.71238898038469,0.0,4.71238898038469,0.0,4.71238898038469,4.71238898038469,0.0,0.0,3.141592653589793,3.141592653589793,4.71238898038469,1.5707963267948966,4.71238898038469,3.141592653589793,0.0,0.0,4.71238898038469,1.5707963267948966,1.5707963267948966,0.0,0.0,3.141592653589793
0.0,0.0,4.71238898038469,0.0,4.71238898038469,0.0,4.71238898038469,4.71238898038469,0.0,0.0,3.141592653589793,3.141592653589793,4.71238898038469,1.5707963267948966,4.71238898038469,3.141592653589793,0.0,0.0,4.71238898038469,0.0,3.141592653589793,0.0,0.0,3.141592653589793
0.0,0.0,4.71238898038469,0.0,4.71238898038469,0.0,4.71238898038469,4.71238898038469,0.0,0.0,3.141592653589793,3.141592653589793,4.71238898038469,1.5707963267948966,4.71238898038469,3.141592653589793,0.0,0.0,4.71238898038469,0.0,1.5707963267948966,1.5707963267948966,0.0,3.141592653589793
0.0,0.0,4.71238898038469,0.0,4.71238898038469,0.0,4.71238898038469,4.71238898038469,0.0,0.0,3.141592653589793,3.141592653589793,4.71238898038469,1.5707963267948966,4.71238898038469,3.141592653589793,0.0,0.0,4.71238898038469,0.0,1.5707963267948966,0.0,1.5707963267948966,3.141592653589793
0.0,0.0,4.71238898038469,0.0,4.71238898038469,0.0,4.71238898038469,4.71238898038469,0.0,0.0,3.141592653589793,3.141592653589793,4.71238898038469,1.5707963267948966,4.71238898038469,3.141592653589793,0.0,0.0,4.71238898038469,0.0,1.5707963267948966,0.0,0.0,4.71238898038469
0.0,0.0,3.141592653589793,0.0,4.71238898038469,0.0,4.71238898038469,4.71238898038469,0.0,0.0,3.141592653589793,3.141592653589793,4.71238898038469,1.5707963267948966,4.71238898038469,3.141592653589793,0.0,0.0,4.71238898038469,0.0,1.5707963267948966,0.0,0.0,3.141592653589793
0.0,0.0,4.71238898038469,0.0,3.141592653589793,0.0,4.71238898038469,4.71238898038469,0.0,0.0,3.141592653589793,3.141592653589793,4.71238898038469,1.5707963267948966,4.71238898038469,3.141592653589793,0.0,0.0,4.71238898038469,0.0,1.5707963267948966,0.0,0.0,3.141592653589793
0.0,0.0,4.71238898038469,0.0,4.71238898038469,0.0,3.141592653589793,4.71238898038469,0.0,0.0,3.141592653589793,3.141592653589793,4.71238898038469,1.5707963267948966,4.71238898038469,3.141592653589793,0.0,0.0,4.71238898038469,0.0,1.5707963267948966,0.0,0.0,3.141592653589793
0.0,0.0,4.71238898038469,0.0,4.71238898038469,0.0,4.71238898038469,3.141592653589793,0.0,0.0,3.141592653589793,3.141592653589793,4.71238898038469,1.5707963267948966,4.71238898038469,3.141592653589793,0.0,0.0,4.71238898038469,0.0,1.5707963267948966,0.0,0.0,3.141592653589793
0.0,0.0,4.71238898038469,0.0,4.71238898038469,0.0,4.71238898038469,4.71238898038469,0.0,0.0,1.5707963267948966,3.141592653589793,4.71238898038469,1.5707963267948966,4.71238898038469,3.141592653589793,0.0,0.0,4.71238898038469,0.0,1.5707963267948966,0.0,0.0,3.141592653589793
0.0,0.0,4.71238898038469,0.0,4.71238898038469,0.0,4.71238898038469,4.71238898038469,0.0,0.0,3.141592653589793,1.5707963267948966,4.71238898038469,1.5707963267948966,4.71238898038469,3.141592653589793,0.0,0.0,4.71238898038469,0.0,1.5707963267948966,0.0,0.0,3.141592653589793
0.0,0.0,4.71238898038469,0.0,4.71238898038469,0.0,4.71238898038469,4.71238898038469,0.0,0.0,3.141592653589793,3.141592653589793,3.141592653589793,1.5707963267948966,4.71238898038469,3.141592653589793,0.0,0.0,4.71238898038469,0.0,1.5707963267948966,0.0,0.0,3.141592653589793
0.0,0.0,4.71238898038469,0.0,4.71238898038469,0.0,4.71238898038469,4.71238898038469,0.0,0.0,3.141592653589793,3.141592653589793,4.71238898038469,0.0,4.71238898038469,3.141592653589793,0.0,0.0,4.71238898038469,0.0,1.5707963267948966,0.0,0.0,3.141592653589793
0.0,0.0,4.71238898038469,0.0,4.71238898038469,0.0,4.71238898038469,4.71238898038469,0.0,0.0,3.141592653589793,3.141592653589793,4.71238898038469,1.5707963267948966,3.141592653589793,3.141592653589793,0.0,0.0,4.71238898038469,0.0,1.5707963267948966,0.0,0.0,3.141592653589793
0.0,0.0,4.71238898038469,0.0,4.71238898038469,0.0,4.71238898038469,4.71238898038469,0.0,0.0,3.141592653589793,3.141592653589793,4.71238898038469,1.5707963267948966,4.71238898038469,1.5707963267948966,0.0,0.0,4.71238898038469,0.0,1.5707963267948966,0.0,0.0,3.141592653589793
0.0,0.0,4.71238898038469,0.0,4.71238898038469,0.0,4.71238898038469,4.71238898038469,0.0,0.0,3.141592653589793,3.141592653589793,4.71238898038469,1.5707963267948966,4.71238898038469,3.141592653589793,0.0,0.0,3.141592653589793,0.0,1.5707963267948966,0.0,0.0,3.141592653589793
0.0,0.0,4.71238898038469,0.0,4.71238898038469,0.0,4.71238898038469,4.71238898038469,0.0,0.0,3.141592653589793,3.141592653589793,4.71238898038469,1.5707963267948966,4.71238898038469,3.141592653589793,0.0,0.0,4.71238898038469,0.0,0.0,0.0,0.0,3.141592653589793
0.0,0.0,4.71238898038469,0.0,4.71238898038469,0.0,4.71238898038469,4.71238898038469,0.0,0.0,3.141592653589793,3.141592653589793,4.71238898038469,1.5707963267948966,4.71238898038469,3.141592653589793,0.0,0.0,4.71238898038469,0.0,1.5707963267948966,0.0,0.0,1.5707963267948966
0.0,0.0,4.752132309274566,0.0,4.694075638699993,0.0,4.552261049155017,4.741926826113651,0.0,0.0,3.045502444291757,3.0755832186981342,4.669950708017214,1.4942160384499334,4.7326583959813595,3.1840379924558415,0.0,0.0,4.62615535202606,0.0,1.600036373412465,0.0,0.0,3.1457247067758805
0.0,0.0,4.732260644829628,0.0,4.703232309542341,0.0,4.632325014769853,4.727157903249171,0.0,0.0,3.093547548940775,3.108587936143964,4.691169844200951,1.532506182622415,4.722523688183025,3.1628153230228175,0.0,0.0,4.669272166205375,0.0,1.5854163501036809,0.0,0.0,3.143658680182837
0.0,0.0,4.722324812607159,0.0,4.707810644963516,0.0,4.672356997577271,4.71977344181693,0.0,0.0,3.1175701012652843,3.125090294866878,4.7017794122928205,1.5516512547086558,4.717456334283858,3.1522039883063053,0.0,0.0,4.690830573295032,0.0,1.5781063384492886,0.0,0.0,3.142625666886315
1.5707963267948966,0.0,4.722324812607159,0.0,4.707810644963516,0.0,4.672356997577271,4.71977344181693,0.0,0.0,3.1175701012652843,3.125090294866878,4.7017794122928205,1.5516512547086558,4.717456334283858,3.1522039883063053,0.0,0.0,4.690830573295032,0.0,1.5781063384492886,0.0,0.0,3.142625666886315
0.0,1.5707963267948966,4.722324812607159,0.0,4.707810644963516,0.0,4.672356997577271,4.71977344181693,0.0,0.0,3.1175701012652843,3.125090294866878,4.7017794122928205,1.5516512547086558,4.717456334283858,3.1522039883063053,0.0,0.0,4.690830573295032,0.0,1.5781063384492886,0.0,0.0,3.142625666886315
0.0,0.0,4.722324812607159,1.5707963267948966,4.707810644963516,0.0,4.672356997577271,4.71977344181693,0.0,0.0,3.1175701012652843,3.125090294866878,4.7017794122928205,1.5516512547086558,4.717456334283858,3.1522039883063053,0.0,0.0,4.690830573295032,0.0,1.5781063384492886,0.0,0.0,3.142625666886315
0.0,0.0,4.722324812607159,0.0,6.278606971758412,0.0,4.672356997577271,4.71977344181693,0.0,0.0,3.1175701012652843,3.125090294866878,4.7017794122928205,1.5516512547086558,4.717456334283858,3.1522039883063053,0.0,0.0,4.690830573295032,0.0,1.5781063384492886,0.0,0.0,3.142625666886315
0.0,0.0,4.722324812607159,0.0,4.707810644963516,1.5707963267948966,4.672356997577271,4.71977344181693,0.0,0.0,3.1175701012652843,3.125090294866878,4.7017794122928205,1.5516512547086558,4.717456334283858,3.1522039883063053,0.0,0.0,4.690830573295032,0.0,1.5781063384492886,0.0,0.0,3.142625666886315
0.0,0.0,4.722324812607159,0.0,4.707810644963516,0.0,6.243153324372168,4.71977344181693,0.0,0.0,3.1175701012652843,3.125090294866878,4.7017794122928205,1.5516512547086558,4.717456334283858,3.1522039883063053,0.0,0.0,4.690830573295032,0.0,1.5781063384492886,0.0,0.0,3.142625666886315
0.0,0.0,4.722324812607159,0.0,4.707810644963516,0.0,4.672356997577271,4.71977344181693,1.5707963267948966,0.0,3.1175701012652843,3.125090294866878,4.7017794122928205,1.5516512547086558,4.717456334283858,3.1522039883063053,0.0,0.0,4.690830573295032,0.0,1.5781063384492886,0.0,0.0,3.142625666886315
0.0,0.0,4.722324812607159,0.0,4.707810644963516,0.0,4.672356997577271,4.71977344181693,0.0,1.5707963267948966,3.1175701012652843,3.125090294866878,4.7017794122928205,1.5516512547086558,4.717456334283858,3.1522039883063053,0.0,0.0,4.690830573295032,0.0,1.5781063384492886,0.0,0.0,3.142625666886315
0.0,0.0,4.722324812607159,0.0,4.707810644963516,0.0,4.672356997577271,4.71977344181693,0.0,0.0,4.6883664280601804,3.125090294866878,4.7017794122928205,1.5516512547086558,4.717456334283858,3.1522039883063053,0.0,0.0,4.690830573295032,0.0,1.5781063384492886,0.0,0.0,3.142625666886315
0.0,0.0,4.722324812607159,0.0,4.707810644963516,0.0,4.672356997577271,4.71977344181693,0.0,0.0,3.1175701012652843,4.695886621661775,4.7017794122928205,1.5516512547086558,4.717456334283858,3.1522039883063053,0.0,0.0,4.690830573295032,0.0,1.5781063384492886,0.0,0.0,3.142625666886315
0.0,0.0,4.722324812607159,0.0,4.707810644963516,0.0,4.672356997577271,4.71977344181693,0.0,0.0,3.1175701012652843,3.125090294866878,6.272575739087717,1.5516512547086558,4.717456334283858,3.1522039883063053,0.0,0.0,4.690830573295032,0.0,1.5781063384492886,0.0,0.0,3.142625666886315
0.0,0.0,4.722324812607159,0.0,4.707810644963516,0.0,4.672356997577271,4.71977344181693,0.0,0.0,3.1175701012652843,3.125090294866878,4.7017794122928205,3.1224475815035526,4.717456334283858,3.1522039883063053,0.0,0.0,4.690830573295032,0.0,1.5781063384492886,0.0,0.0,3.142625666886315
0.0,0.0,4.722324812607159,0.0,4.707810644963516,0.0,4.672356997577271,4.71977344181693,0.0,0.0,3.1175701012652843,3.125090294866878,4.7017794122928205,1.5516512547086558,4.717456334283858,4.723000315101202,0.0,0.0,4.690830573295032,0.0,1.5781063384492886,0.0,0.0,3.142625666886315
0.0,0.0,4.722324812607159,0.0,4.707810644963516,0.0,4.672356997577271,4.71977344181693,0.0,0.0,3.1175701012652843,3.125090294866878,4.7017794122928205,1.5516512547086558,4.717456334283858,3.1522039883063053,1.5707963267948966,0.0,4.690830573295032,0.0,1.5781063384492886,0.0,0.0,3.142625666886315
0.0,0.0,4.722324812607159,0.0,4.707810644963516,0.0,4.672356997577271,4.71977344181693,0.0,0.0,3.1175701012652843,3.125090294866878,4.7017794122928205,1.5516512547086558,4.717456334283858,3.1522039883063053,0.0,1.5707963267948966,4.690830573295032,0.0,1.5781063384492886,0.0,0.0,3.142625666886315
0.0,0.0,4.722324812607159,0.0,4.707810644963516,0.0,4.672356997577271,4.71977344181693,0.0,0.0,3.1175701012652843,3.125090294866878,4.7017794122928205,1.5516512547086558,4.717456334283858,3.1522039883063053,0.0,0.0,6.2616269000899285,0.0,1.5781063384492886,0.0,0.0,3.142625666886315
0.0,0.0,4.722324812607159,0.0,4.707810644963516,0.0,4.672356997577271,4.71977344181693,0.0,0.0,3.1175701012652843,3.125090294866878,4.7017794122928205,1.5516512547086558,4.717456334283858,3.1522039883063053,0.0,0.0,4.690830573295032,1.5707963267948966,1.5781063384492886,0.0,0.0,3.142625666886315
0.0,0.0,4.722324812607159,0.0,4.707810644963516,0.0,4.672356997577271,4.71977344181693,0.0,0.0,3.1175701012652843,3.125090294866878,4.7017794122928205,1.5516512547086558,4.717456334283858,3.1522039883063053,0.0,0.0,4.690830573295032,0.0,3.148902665244185,0.0,0.0,3.142625666886315
0.0,0.0,4.722324812607159,0.0,4.707810644963516,0.0,4.672356997577271,4.71977344181693,0.0,0.0,3.1175701012652843,3.125090294866878,4.7017794122928205,1.5516512547086558,4.717456334283858,3.1522039883063053,0.0,0.0,4.690830573295032,0.0,1.5781063384492886,1.5707963267948966,0.0,3.142625666886315
0.0,0.0,4.722324812607159,0.0,4.707810644963516,0.0,4.672356997577271,4.71977344181693,0.0,0.0,3.1175701012652843,3.125090294866878,4.7017794122928205,1.5516512547086558,4.717456334283858,3.1522039883063053,0.0,0.0,4.690830573295032,0.0,1.5781063384492886,0.0,1.5707963267948966,3.142625666886315
0.0,0.0,4.722324812607159,0.0,4.707810644963516,0.0,4.672356997577271,4.71977344181693,0.0,0.0,3.1175701012652843,3.125090294866878,4.7017794122928205,1.5516512547086558,4.717456334283858,3.1522039883063053,0.0,0.0,4.690830573295032,0.0,1.5781063384492886,0.0,0.0,4.713421993681211
0.0,0.0,3.1515284858122623,0.0,4.707810644963516,0.0,4.672356997577271,4.71977344181693,0.0,0.0,3.1175701012652843,3.125090294866878,4.7017794122928205,1.5516512547086558,4.717456334283858,3.1522039883063053,0.0,0.0,4.690830573295032,0.0,1.5781063384492886,0.0,0.0,3.142625666886315
0.0,0.0,4.722324812607159,0.0,3.1370143181686188,0.0,4.672356997577271,4.71977344181693,0.0,0.0,3.1175701012652843,3.125090294866878,4.7017794122928205,1.5516512547086558,4.717456334283858,3.1522039883063053,0.0,0.0,4.690830573295032,0.0,1.5781063384492886,0.0,0.0,3.142625666886315
0.0,0.0,4.722324812607159,0.0,4.707810644963516,0.0,3.1015606707823746,4.71977344181693,0.0,0.0,3.1175701012652843,3.125090294866878,4.7017794122928205,1.5516512547086558,4.717456334283858,3.1522039883063053,0.0,0.0,4.690830573295032,0.0,1.5781063384492886,0.0,0.0,3.142625666886315
0.0,0.0,4.722324812607159,0.0,4.707810644963516,0.0,4.672356997577271,3.148977115022033,0.0,0.0,3.1175701012652843,3.125090294866878,4.7017794122928205,1.5516512547086558,4.717456334283858,3.1522039883063053,0.0,0.0,4.690830573295032,0.0,1.5781063384492886,0.0,0.0,3.142625666886315
0.0,0.0,4.722324812607159,0.0,4.707810644963516,0.0,4.672356997577271,4.71977344181693,0.0,0.0,1.5467737744703876,3.125090294866878,4.7017794122928205,1.5516512547086558,4.717456334283858,3.1522039883063053,0.0,0.0,4.690830573295032,0.0,1.5781063384492886,0.0,0.0,3.142625666886315
0.0,0.0,4.722324812607159,0.0,4.707810644963516,0.0,4.672356997577271,4.71977344181693,0.0,0.0,3.1175701012652843,1.5542939680719818,4.7017794122928205,1.5516512547086558,4.717456334283858,3.1522039883063053,0.0,0.0,4.690830573295032,0.0,1.5781063384492886,0.0,0.0,3.142625666886315
0.0,0.0,4.722324812607159,0.0,4.707810644963516,0.0,4.672356997577271,4.71977344181693,0.0,0.0,3.1175701012652843,3.125090294866878,3.130983085497924,1.5516512547086558,4.717456334283858,3.1522039883063053,0.0,0.0,4.690830573295032,0.0,1.5781063384492886,0.0,0.0,3.142625666886315
0.0,0.0,4.722324812607159,0.0,4.707810644963516,0.0,4.672356997577271,4.71977344181693,0.0,0.0,3.1175701012652843,3.125090294866878,4.7017794122928205,1.5516512547086558,3.146660007488961,3.1522039883063053,0.0,0.0,4.690830573295032,0.0,1.5781063384492886,0.0,0.0,3.142625666886315
0.0,0.0,4.722324812607159,0.0,4.707810644963516,0.0,4.672356997577271,4.71977344181693,0.0,0.0,3.1175701012652843,3.125090294866878,4.7017794122928205,1.5516512547086558,4.717456334283858,1.5814076615114088,0.0,0.0,4.690830573295032,0.0,1.5781063384492886,0.0,0.0,3.142625666886315
0.0,0.0,4.722324812607159,0.0,4.707810644963516,0.0,4.672356997577271,4.71977344181693,0.0,0.0,3.1175701012652843,3.125090294866878,4.7017794122928205,1.5516512547086558,4.717456334283858,3.1522039883063053,0.0,0.0,3.120034246500136,0.0,1.5781063384492886,0.0,0.0,3.142625666886315
0.0,0.0,4.722324812607159,0.0,4.707810644963516,0.0,4.672356997577271,4.71977344181693,0.0,0.0,3.1175701012652843,3.125090294866878,4.7017794122928205,1.5516512547086558,4.717456334283858,3.1522039883063053,0.0,0.0,4.690830573295032,0.0,0.007310011654392114,0.0,0.0,3.142625666886315
0.0,0.0,4.722324812607159,0.0,4.707810644963516,0.0,4.672356997577271,4.71977344181693,0.0,0.0,3.1175701012652843,3.125090294866878,4.7017794122928205,1.5516512547086558,4.717456334283858,3.1522039883063053,0.0,0.0,4.690830573295032,0.0,1.5781063384492886,0.0,0.0,1.5718293400914185
0.7853981633974483,0.0,4.71238898038469,0.0,4.71238898038469,0.0,4.71238898038469,4.71238898038469,0.0,0.0,3.141592653589793,3.141592653589793,4.71238898038469,0.0,4.71238898038469,3.141592653589793,0.0,0.0,4.71238898038469,0.0,1.5707963267948966,0.0,0.0,3.141592653589793
0.0,0.7853981633974483,4.71238898038469,0.0,4.71238898038469,0.0,4.71238898038469,4.71238898038469,0.0,0.0,3.141592653589793,3.141592653589793,4.71238898038469,0.0,4.71238898038469,3.141592653589793,0.0,0.0,4.71238898038469,0.0,1.5707963267948966,0.0,0.0,3.141592653589793
0.0,0.0,5.497787143782138,0.0,4.71238898038469,0.0,4.71238898038469,4.71238898038469,0.0,0.0,3.141592653589793,3.141592653589793,4.71238898038469,0.0,4.71238898038469,3.141592653589793,0.0,0.0,4.71238898038469,0.0,1.5707963267948966,0.0,0.0,3.141592653589793
0.0,0.0,4.71238898038469,0.7853981633974483,4.71238898038469,0.0,4.71238898038469,4.71238898038469,0.0,0.0,3.141592653589793,3.141592653589793,4.71238898038469,0.0,4.71238898038469,3.141592653589793,0.0,0.0,4.71238898038469,0.0,1.5707963267948966,0.0,0.0,3.141592653589793
0.0,0.0,4.71238898038469,0.0,5.497787143782138,0.0,4.71238898038469,4.71238898038469,0.0,0.0,3.141592653589793,3.141592653589793,4.71238898038469,0.0,4.71238898038469,3.141592653589793,0.0,0.0,4.71238898038469,0.0,1.5707963267948966,0.0,0.0,3.141592653589793
0.0,0.0,4.71238898038469,0.0,4.71238898038469,0.7853981633974483,4.71238898038469,4.71238898038469,0.0,0.0,3.141592653589793,3.141592653589793,4.71238898038469,0.0,4.71238898038469,3.141592653589793,0.0,0.0,4.71238898038469,0.0,1.5707963267948966,0.0,0.0,3.141592653589793
0.0,0.0,4.71238898038469,0.0,4.71238898038469,0.0,5.497787143782138,4.71238898038469,0.0,0.0,3.141592653589793,3.141592653589793,4.71238898038469,0.0,4.71238898038469,3.141592653589793,0.0,0.0,4.71238898038469,0.0,1.5707963267948966,0.0,0.0,3.141592653589793
0.0,0.0,4.71238898038469,0.0,4.71238898038469,0.0,4.71238898038469,5.497787143782138,0.0,0.0,3.141592653589793,3.141592653589793,4.71238898038469,0.0,4.71238898038469,3.141592653589793,0.0,0.0,4.71238898038469,0.0,1.5707963267948966,0.0,0.0,3.141592653589793
0.0,0.0,4.71238898038469,0.0,4.71238898038469,0.0,4.71238898038469,4.71238898038469,0.7853981633974483,0.0,3.141592653589793,3.141592653589793,4.71238898038469,0.0,4.71238898038469,3.141592653589793,0.0,0.0,4.71238898038469,0.0,1.5707963267948966,0.0,0.0,3.141592653589793
0.0,0.0,4.71238898038469,0.0,4.71238898038469,0.0,4.71238898038469,4.71238898038469,0.0,0.7853981633974483,3.141592653589793,3.141592653589793,4.71238898038469,0.0,4.71238898038469,3.141592653589793,0.0,0.0,4.71238898038469,0.0,1.5707963267948966,0.0,0.0,3.141592653589793
0.0,0.0,4.71238898038469,0.0,4.71238898038469,0.0,4.71238898038469,4.71238898038469,0.0,0.0,3.9269908169872414,3.141592653589793,4.71238898038469,0.0,4.71238898038469,3.141592653589793,0.0,0.0,4.71238898038469,0.0,1.5707963267948966,0.0,0.0,3.141592653589793
0.0,0.0,4.71238898038469,0.0,4.71238898038469,0.0,4.71238898038469,4.71238898038469,0.0,0.0,3.141592653589793,3.9269908169872414,4.71238898038469,0.0,4.71238898038469,3.141592653589793,0.0,0.0,4.71238898038469,0.0,1.5707963267948966,0.0,0.0,3.141592653589793
0.0,0.0,4.71238898038469,0.0,4.71238898038469,0.0,4.71238898038469,4.71238898038469,0.0,0.0,3.141592653589793,3.141592653589793,5.497787143782138,0.0,4.71238898038469,3.141592653589793,0.0,0.0,4.71238898038469,0.0,1.5707963267948966,0.0,0.0,3.141592653589793
0.0,0.0,4.71238898038469,0.0,4.71238898038469,0.0,4.71238898038469,4.71238898038469,0.0,0.0,3.141592653589793,3.141592653589793,4.71238898038469,0.7853981633974483,4.71238898038469,3.141592653589793,0.0,0.0,4.71238898038469,0.0,1.5707963267948966,0.0,0.0,3.141592653589793
0.0,0.0,4.71238898038469,0.0,4.71238898038469,0.0,4.71238898038469,4.71238898038469,0.0,0.0,3.141592653589793,3.141592653589793,4.71238898038469,0.0,5.497787143782138,3.141592653589793,0.0,0.0,4.71238898038469,0.0,1.5707963267948966,0.0,0.0,3.141592653589793
0.0,0.0,4.71238898038469,0.0,4.71238898038469,0.0,4.71238898038469,4.71238898038469,0.0,0.0,3.141592653589793,3.141592653589793,4.71238898038469,0.0,4.71238898038469,3.9269908169872414,0.0,0.0,4.71238898038469,0.0,1.5707963267948966,0.0,0.0,3.141592653589793
0.0,0.0,4.71238898038469,0.0,4.71238898038469,0.0,4.71238898038469,4.71238898038469,0.0,0.0,3.141592653589793,3.141592653589793,4.71238898038469,0.0,4.71238898038469,3.141592653589793,0.7853981633974483,0.0,4.71238898038469,0.0,1.5707963267948966,0.0,0.0,3.141592653589793
0.0,0.0,4.71238898038469,0.0,4.71238898038469,0.0,4.71238898038469,4.71238898038469,0.0,0.0,3.141592653589793,3.141592653589793,4.71238898038469,0.0,4.71238898038469,3.141592653589793,0.0,0.7853981633974483,4.71238898038469,0.0,1.5707963267948966,0.0,0.0,3.141592653589793
0.0,0.0,4.71238898038469,0.0,4.71238898038469,0.0,4.71238898038469,4.71238898038469,0.0,0.0,3.141592653589793,3.141592653589793,4.71238898038469,0.0,4.71238898038469,3.141592653589793,0.0,0.0,5.497787143782138,0.0,1.5707963267948966,0.0,0.0,3.141592653589793
0.0,0.0,4.71238898038469,0.0,4.71238898038469,0.0,4.71238898038469,4.71238898038469,0.0,0.0,3.141592653589793,3.141592653589793,4.71238898038469,0.0,4.71238898038469,3.141592653589793,0.0,0.0,4.71238898038469,0.7853981633974483,1.5707963267948966,0.0,0.0,3.141592653589793
0.0,0.0,4.71238898038469,0.0,4.71238898038469,0.0,4.71238898038469,4.71238898038469,0.0,0.0,3.141592653589793,3.141592653589793,4.71238898038469,0.0,4.71238898038469,3.141592653589793,0.0,0.0,4.71238898038469,0.0,2.356194490192345,0.0,0.0,3.141592653589793
0.0,0.0,4.71238898038469,0.0,4.71238898038469,0.0,4.71238898038469,4.71238898038469,0.0,0.0,3.141592653589793,3.141592653589793,4.71238898038469,0.0,4.71238898038469,3.141592653589793,0.0,0.0,4.71238898038469,0.0,1.5707963267948966,0.7853981633974483,0.0,3.141592653589793
0.0,0.0,4.71238898038469,0.0,4.71238898038469,0.0,4.71238898038469,4.71238898038469,0.0,0.0,3.141592653589793,3.141592653589793,4.71238898038469,0.0,4.71238898038469,3.141592653589793,0.0,0.0,4.71238898038469,0.0,1.5707963267948966,0.0,0.7853981633974483,3.141592653589793
0.0,0.0,4.71238898038469,0.0,4.71238898038469,0.0,4.71238898038469,4.71238898038469,0.0,0.0,3.141592653589793,3.141592653589793,4.71238898038469,0.0,4.71238898038469,3.141592653589793,0.0,0.0,4.71238898038469,0.0,1.5707963267948966,0.0,0.0,3.9269908169872414
0.0,0.0,3.9269908169872414,0.0,4.71238898038469,0.0,4.71238898038469,4.71238898038469,0.0,0.0,3.141592653589793,3.141592653589793,4.71238898038469,0.0,4.71238898038469,3.141592653589793,0.0,0.0,4.71238898038469,0.0,1.5707963267948966,0.0,0.0,3.141592653589793
0.0,0.0,4.71238898038469,0.0,3.9269908169872414,0.0,4.71238898038469,4.71238898038469,0.0,0.0,3.141592653589793,3.141592653589793,4.71238898038469,0.0,4.71238898038469,3.141592653589793,0.0,0.0,4.71238898038469,0.0,1.5707963267948966,0.0,0.0,3.141592653589793
0.0,0.0,4.71238898038469,0.0,4.71238898038469,0.0,3.9269908169872414,4.71238898038469,0.0,0.0,3.141592653589793,3.141592653589793,4.71238898038469,0.0,4.71238898038469,3.141592653589793,0.0,0.0,4.71238898038469,0.0,1.5707963267948966,0.0,0.0,3.141592653589793
0.0,0.0,4.71238898038469,0.0,4.71238898038469,0.0,4.71238898038469,3.9269908169872414,0.0,0.0,3.141592653589793,3.141592653589793,4.71238898038469,0.0,4.71238898038469,3.141592653589793,0.0,0.0,4.71238898038469,0.0,1.5707963267948966,0.0,0.0,3.141592653589793
0.0,0.0,4.71238898038469,0.0,4.71238898038469,0.0,4.71238898038469,4.71238898038469,0.0,0.0,2.356194490192345,3.141592653589793,4.71238898038469,0.0,4.71238898038469,3.141592653589793,0.0,0.0,4.71238898038469,0.0,1.5707963267948966,0.0,0.0,3.141592653589793
0.0,0.0,4.71238898038469,0.0,4.71238898038469,0.0,4.71238898038469,4.71238898038469,0.0,0.0,3.141592653589793,2.356194490192345,4.71238898038469,0.0,4.71238898038469,3.141592653589793,0.0,0.0,4.71238898038469,0.0,1.5707963267948966,0.0,0.0,3.141592653589793
0.0,0.0,4.71238898038469,0.0,4.71238898038469,0.0,4.71238898038469,4.71238898038469,0.0,0.0,3.141592653589793,3.141592653589793,3.9269908169872414,0.0,4.71238898038469,3.141592653589793,0.0,0.0,4.71238898038469,0.0,1.5707963267948966,0.0,0.0,3.141592653589793
0.0,0.0,4.71238898038469,0.0,4.71238898038469,0.0,4.71238898038469,4.71238898038469,0.0,0.0,3.141592653589793,3.141592653589793,4.71238898038469,0.0,3.9269908169872414,3.141592653589793,0.0,0.0,4.71238898038469,0.0,1.5707963267948966,0.0,0.0,3.141592653589793
0.0,0.0,4.71238898038469,0.0,4.71238898038469,0.0,4.71238898038469,4.71238898038469,0.0,0.0,3.141592653589793,3.141592653589793,4.71238898038469,0.0,4.71238898038469,2.356194490192345,0.0,0.0,4.71238898038469,0.0,1.5707963267948966,0.0,0.0,3.141592653589793
0.0,0.0,4.71238898038469,0.0,4.71238898038469,0.0,4.71238898038469,4.71238898038469,0.0,0.0,3.141592653589793,3.141592653589793,4.71238898038469,0.0,4.71238898038469,3.141592653589793,0.0,0.0,3.9269908169872414,0.0,1.5707963267948966,0.0,0.0,3.141592653589793
0.0,0.0,4.71238898038469,0.0,4.71238898038469,0.0,4.71238898038469,4.71238898038469,0.0,0.0,3.141592653589793,3.141592653589793,4.71238898038469,0.0,4.71238898038469,3.141592653589793,0.0,0.0,4.71238898038469,0.0,0.7853981633974483,0.0,0.0,3.141592653589793
0.0,0.0,4.71238898038469,0.0,4.71238898038469,0.0,4.71238898038469,4.71238898038469,0.0,0.0,3.141592653589793,3.141592653589793,4.71238898038469,0.0,4.71238898038469,3.141592653589793,0.0,0.0,4.71238898038469,0.0,1.5707963267948966,0.0,0.0,2.356194490192345
0.39269908169872414,0.0,4.71238898038469,0.0,4.71238898038469,0.0,4.71238898038469,4.71238898038469,0.0,0.0,3.141592653589793,3.141592653589793,4.71238898038469,0.0,4.71238898038469,3.141592653589793,0.0,0.0,4.71238898038469,0.0,1.5707963267948966,0.0,0.0,3.141592653589793
0.0,0.39269908169872414,4.71238898038469,0.0,4.71238898038469,0.0,4.71238898038469,4.71238898038469,0.0,0.0,3.141592653589793,3.141592653589793,4.71238898038469,0.0,4.71238898038469,3.141592653589793,0.0,0.0,4.71238898038469,0.0,1.5707963267948966,0.0,0.0,3.141592653589793
0.0,0.0,5.105088062083414,0.0,4.71238898038469,0.0,4.71238898038469,4.71238898038469,0.0,0.0,3.141592653589793,3.141592653589793,4.71238898038469,0.0,4.71238898038469,3.141592653589793,0.0,0.0,4.71238898038469,0.0,1.5707963267948966,0.0,0.0,3.141592653589793
0.0,0.0,4.71238898038469,0.39269908169872414,4.71238898038469,0.0,4.71238898038469,4.71238898038469,0.0,0.0,3.141592653589793,3.141592653589793,4.71238898038469,0.0,4.71238898038469,3.141592653589793,0.0,0.0,4.71238898038469,0.0,1.5707963267948966,0.0,0.0,3.141592653589793
0.0,0.0,4.71238898038469,0.0,5.105088062083414,0.0,4.71238898038469,4.71238898038469,0.0,0.0,3.141592653589793,3.141592653589793,4.71238898038469,0.0,4.71238898038469,3.141592653589793,0.0,0.0,4.71238898038469,0.0,1.5707963267948966,0.0,0.0,3.141592653589793
0.0,0.0,4.71238898038469,0.0,4.71238898038469,0.39269908169872414,4.71238898038469,4.71238898038469,0.0,0.0,3.141592653589793,3.141592653589793,4.71238898038469,0.0,4.71238898038469,3.141592653589793,0.0,0.0,4.71238898038469,0.0,1.5707963267948966,0.0,0.0,3.141592653589793
0.0,0.0,4.71238898038469,0.0,4.71238898038469,0.0,5.105088062083414,4.71238898038469,0.0,0.0,3.141592653589793,3.141592653589793,4.71238898038469,0.0,4.71238898038469,3.141592653589793,0.0,0.0,4.71238898038469,0.0,1.5707963267948966,0.0,0.0,3.141592653589793
0.0,0.0,4.71238898038469,0.0,4.71238898038469,0.0,4.71238898038469,5.105088062083414,0.0,0.0,3.141592653589793,3.141592653589793,4.71238898038469,0.0,4.71238898038469,3.141592653589793,0.0,0.0,4.71238898038469,0.0,1.5707963267948966,0.0,0.0,3.141592653589793
0.0,0.0,4.71238898038469,0.0,4.71238898038469,0.0,4.71238898038469,4.71238898038469,0.39269908169872414,0.0,3.141592653589793,3.141592653589793,4.71238898038469,0.0,4.71238898038469,3.141592653589793,0.0,0.0,4.71238898038469,0.0,1.5707963267948966,0.0,0.0,3.141592653589793
0.0,0.0,4.71238898038469,0.0,4.71238898038469,0.0,4.71238898038469,4.71238898038469,0.0,0.39269908169872414,3.141592653589793,3.141592653589793,4.71238898038469,0.0,4.71238898038469,3.141592653589793,0.0,0.0,4.71238898038469,0.0,1.5707963267948966,0.0,0.0,3.141592653589793
0.0,0.0,4.71238898038469,0.0,4.71238898038469,0.0,4.71238898038469,4.71238898038469,0.0,0.0,3.5342917352885173,3.141592653589793,4.71238898038469,0.0,4.71238898038469,3.141592653589793,0.0,0.0,4.71238898038469,0.0,1.5707963267948966,0.0,0.0,3.141592653589793
0.0,0.0,4.71238898038469,0.0,4.71238898038469,0.0,4.71238898038469,4.71238898038469,0.0,0.0,3.141592653589793,3.5342917352885173,4.71238898038469,0.0,4.71238898038469,3.141592653589793,0.0,0.0,4.71238898038469,0.0,1.5707963267948966,0.0,0.0,3.141592653589793
0.0,0.0,4.71238898038469,0.0,4.71238898038469,0.0,4.71238898038469,4.71238898038469,0.0,0.0,3.141592653589793,3.141592653589793,5.105088062083414,0.0,4.71238898038469,3.141592653589793,0.0,0.0,4.71238898038469,0.0,1.5707963267948966,0.0,0.0,3.141592653589793
0.0,0.0,4.71238898038469,0.0,4.71238898038469,0.0,4.71238898038469,4.71238898038469,0.0,0.0,3.141592653589793,3.141592653589793,4.71238898038469,0.39269908169872414,4.71238898038469,3.141592653589793,0.0,0.0,4.71238898038469,0.0,1.5707963267948966,0.0,0.0,3.141592653589793
0.0,0.0,4.71238898038469,0.0,4.71238898038469,0.0,4.71238898038469,4.71238898038469,0.0,0.0,3.141592653589793,3.141592653589793,4.71238898038469,0.0,5.105088062083414,3.141592653589793,0.0,0.0,4.71238898038469,0.0,1.5707963267948966,0.0,0.0,3.141592653589793
0.0,0.0,4.71238898038469,0.0,4.71238898038469,0.0,4.71238898038469,4.71238898038469,0.0,0.0,3.141592653589793,3.141592653589793,4.71238898038469,0.0,4.71238898038469,3.5342917352885173,0.0,0.0,4.71238898038469,0.0,1.5707963267948966,0.0,0.0,3.141592653589793
0.0,0.0,4.71238898038469,0.0,4.71238898038469,0.0,4.71238898038469,4.71238898038469,0.0,0.0,3.141592653589793,3.141592653589793,4.71238898038469,0.0,4.71238898038469,3.141592653589793,0.39269908169872414,0.0,4.71238898038469,0.0,1.5707963267948966,0.0,0.0,3.141592653589793
0.0,0.0,4.71238898038469,0.0,4.71238898038469,0.0,4.71238898038469,4.71238898038469,0.0,0.0,3.141592653589793,3.141592653589793,4.71238898038469,0.0,4.71238898038469,3.141592653589793,0.0,0.39269908169872414,4.71238898038469,0.0,1.5707963267948966,0.0,0.0,3.141592653589793
0.0,0.0,4.71238898038469,0.0,4.71238898038469,0.0,4.71238898038469,4.71238898038469,0.0,0.0,3.141592653589793,3.141592653589793,4.71238898038469,0.0,4.71238898038469,3.141592653589793,0.0,0.0,5.105088062083414,0.0,1.5707963267948966,0.0,0.0,3.141592653589793
0.0,0.0,4.71238898038469,0.0,4.71238898038469,0.0,4.71238898038469,4.71238898038469,0.0,0.0,3.141592653589793,3.141592653589793,4.71238898038469,0.0,4.71238898038469,3.141592653589793,0.0,0.0,4.71238898038469,0.39269908169872414,1.5707963267948966,0.0,0.0,3.141592653589793
0.0,0.0,4.71238898038469,0.0,4.71238898038469,0.0,4.71238898038469,4.71238898038469,0.0,0.0,3.141592653589793,3.141592653589793,4.71238898038469,0.0,4.71238898038469,3.141592653589793,0.0,0.0,4.71238898038469,0.0,1.9634954084936207,0.0,0.0,3.141592653589793
0.0,0.0,4.71238898038469,0.0,4.71238898038469,0.0,4.71238898038469,4.71238898038469,0.0,0.0,3.141592653589793,3.141592653589793,4.71238898038469,0.0,4.71238898038469,3.141592653589793,0.0,0.0,4.71238898038469,0.0,1.5707963267948966,0.39269908169872414,0.0,3.141592653589793
0.0,0.0,4.71238898038469,0.0,4.71238898038469,0.0,4.71238898038469,4.71238898038469,0.0,0.0,3.141592653589793,3.141592653589793,4.71238898038469,0.0,4.71238898038469,3.141592653589793,0.0,0.0,4.71238898038469,0.0,1.5707963267948966,0.0,0.39269908169872414,3.141592653589793
0.0,0.0,4.71238898038469,0.0,4.71238898038469,0.0,4.71238898038469,4.71238898038469,0.0,0.0,3.141592653589793,3.141592653589793,4.71238898038469,0.0,4.71238898038469,3.141592653589793,0.0,0.0,4.71238898038469,0.0,1.5707963267948966,0.0,0.0,3.5342917352885173
0.0,0.0,4.319689898685965,0.0,4.71238898038469,0.0,4.71238898038469,4.71238898038469,0.0,0.0,3.141592653589793,3.141592653589793,4.71238898038469,0.0,4.71238898038469,3.141592653589793,0.0,0.0,4.71238898038469,0.0,1.5707963267948966,0.0,0.0,3.141592653589793
0.0,0.0,4.71238898038469,0.0,4.319689898685965,0.0,4.71238898038469,4.71238898038469,0.0,0.0,3.141592653589793,3.141592653589793,4.71238898038469,0.0,4.71238898038469,3.141592653589793,0.0,0.0,4.71238898038469,0.0,1.5707963267948966,0.0,0.0,3.141592653589793
0.0,0.0,4.71238898038469,0.0,4.71238898038469,0.0,4.319689898685965,4.71238898038469,0.0,0.0,3.141592653589793,3.141592653589793,4.71238898038469,0.0,4.71238898038469,3.141592653589793,0.0,0.0,4.71238898038469,0.0,1.5707963267948966,0.0,0.0,3.141592653589793
0.0,0.0,4.71238898038469,0.0,4.71238898038469,0.0,4.71238898038469,4.319689898685965,0.0,0.0,3.141592653589793,3.141592653589793,4.71238898038469,0.0,4.71238898038469,3.141592653589793,0.0,0.0,4.71238898038469,0.0,1.5707963267948966,0.0,0.0,3.141592653589793
0.0,0.0,4.71238898038469,0.0,4.71238898038469,0.0,4.71238898038469,4.71238898038469,0.0,0.0,2.748893571891069,3.141592653589793,4.71238898038469,0.0,4.71238898038469,3.141592653589793,0.0,0.0,4.71238898038469,0.0,1.5707963267948966,0.0,0.0,3.141592653589793
0.0,0.0,4.71238898038469,0.0,4.71238898038469,0.0,4.71238898038469,4.71238898038469,0.0,0.0,3.141592653589793,2.748893571891069,4.71238898038469,0.0,4.71238898038469,3.141592653589793,0.0,0.0,4.71238898038469,0.0,1.5707963267948966,0.0,0.0,3.141592653589793
0.0,0.0,4.71238898038469,0.0,4.71238898038469,0.0,4.71238898038469,4.71238898038469,0.0,0.0,3.141592653589793,3.141592653589793,4.319689898685965,0.0,4.71238898038469,3.141592653589793,0.0,0.0,4.71238898038469,0.0,1.5707963267948966,0.0,0.0,3.141592653589793
0.0,0.0,4.71238898038469,0.0,4.71238898038469,0.0,4.71238898038469,4.71238898038469,0.0,0.0,3.141592653589793,3.141592653589793,4.71238898038469,0.0,4.319689898685965,3.141592653589793,0.0,0.0,4.71238898038469,0.0,1.5707963267948966,0.0,0.0,3.141592653589793
0.0,0.0,4.71238898038469,0.0,4.71238898038469,0.0,4.71238898038469,4.71238898038469,0.0,0.0,3.141592653589793,3.141592653589793,4.71238898038469,0.0,4.71238898038469,2.748893571891069,0.0,0.0,4.71238898038469,0.0,1.5707963267948966,0.0,0.0,3.141592653589793
0.0,0.0,4.71238898038469,0.0,4.71238898038469,0.0,4.71238898038469,4.71238898038469,0.0,0.0,3.141592653589793,3.141592653589793,4.71238898038469,0.0,4.71238898038469,3.141592653589793,0.0,0.0,4.319689898685965,0.0,1.5707963267948966,0.0,0.0,3.141592653589793
0.0,0.0,4.71238898038469,0.0,4.71238898038469,0.0,4.71238898038469,4.71238898038469,0.0,0.0,3.141592653589793,3.141592653589793,4.71238898038469,0.0,4.71238898038469,3.141592653589793,0.0,0.0,4.71238898038469,0.0,1.1780972450961724,0.0,0.0,3.141592653589793
0.0,0.0,4.71238898038469,0.0,4.71238898038469,0.0,4.71238898038469,4.71238898038469,0.0,0.0,3.141592653589793,3.141592653589793,4.71238898038469,0.0,4.71238898038469,3.141592653589793,0.0,0.0,4.71238898038469,0.0,1.5707963267948966,0.0,0.0,2.748893571891069
0.19634954084936207,0.0,4.71238898038469,0.0,4.71238898038469,0.0,4.71238898038469,4.71238898038469,0.0,0.0,3.141592653589793,3.141592653589793,4.71238898038469,0.0,4.71238898038469,3.141592653589793,0.0,0.0,4.71238898038469,0.0,1.5707963267948966,0.0,0.0,3.141592653589793
0.0,0.19634954084936207,4.71238898038469,0.0,4.71238898038469,0.0,4.71238898038469,4.71238898038469,0.0,0.0,3.141592653589793,3.141592653589793,4.71238898038469,0.0,4.71238898038469,3.141592653589793,0.0,0.0,4.71238898038469,0.0,1.5707963267948966,0.0,0.0,3.141592653589793
0.0,0.0,4.908738521234052,0.0,4.71238898038469,0.0,4.71238898038469,4.71238898038469,0.0,0.0,3.141592653589793,3.141592653589793,4.71238898038469,0.0,4.71238898038469,3.141592653589793,0.0,0.0,4.71238898038469,0.0,1.5707963267948966,0.0,0.0,3.141592653589793
0.0,0.0,4.71238898038469,0.19634954084936207,4.71238898038469,0.0,4.71238898038469,4.71238898038469,0.0,0.0,3.141592653589793,3.141592653589793,4.71238898038469,0.0,4.71238898038469,3.141592653589793,0.0,0.0,4.71238898038469,0.0,1.5707963267948966,0.0,0.0,3.141592653589793
0.0,0.0,4.71238898038469,0.0,4.908738521234052,0.0,4.71238898038469,4.71238898038469,0.0,0.0,3.141592653589793,3.141592653589793,4.71238898038469,0.0,4.71238898038469,3.141592653589793,0.0,0.0,4.71238898038469,0.0,1.5707963267948966,0.0,0.0,3.141592653589793
0.0,0.0,4.71238898038469,0.0,4.71238898038469,0.19634954084936207,4.71238898038469,4.71238898038469,0.0,0.0,3.141592653589793,3.141592653589793,4.71238898038469,0.0,4.71238898038469,3.141592653589793,0.0,0.0,4.71238898038469,0.0,1.5707963267948966,0.0,0.0,3.141592653589793
0.0,0.0,4.71238898038469,0.0,4.71238898038469,0.0,4.908738521234052,4.71238898038469,0.0,0.0,3.141592653589793,3.141592653589793,4.71238898038469,0.0,4.71238898038469,3.141592653589793,0.0,0.0,4.71238898038469,0.0,1.5707963267948966,0.0,0.0,3.141592653589793
0.0,0.0,4.71238898038469,0.0,4.71238898038469,0.0,4.71238898038469,4.908738521234052,0.0,0.0,3.141592653589793,3.141592653589793,4.71238898038469,0.0,4.71238898038469,3.141592653589793,0.0,0.0,4.71238898038469,0.0,1.5707963267948966,0.0,0.0,3.141592653589793
0.0,0.0,4.71238898038469,0.0,4.71238898038469,0.0,4.71238898038469,4.71238898038469,0.19634954084936207,0.0,3.141592653589793,3.141592653589793,4.71238898038469,0.0,4.71238898038469,3.141592653589793,0.0,0.0,4.71238898038469,0.0,1.5707963267948966,0.0,0.0,3.141592653589793
0.0,0.0,4.71238898038469,0.0,4.71238898038469,0.0,4.71238898038469,4.71238898038469,0.0,0.19634954084936207,3.141592653589793,3.141592653589793,4.71238898038469,0.0,4.71238898038469,3.141592653589793,0.0,0.0,4.71238898038469,0.0,1.5707963267948966,0.0,0.0,3.141592653589793
0.0,0.0,4.71238898038469,0.0,4.71238898038469,0.0,4.71238898038469,4.71238898038469,0.0,0.0,3.3379421944391554,3.141592653589793,4.71238898038469,0.0,4.71238898038469,3.141592653589793,0.0,0.0,4.71238898038469,0.0,1.5707963267948966,0.0,0.0,3.141592653589793
0.0,0.0,4.71238898038469,0.0,4.71238898038469,0.0,4.71238898038469,4.71238898038469,0.0,0.0,3.141592653589793,3.3379421944391554,4.71238898038469,0.0,4.71238898038469,3.141592653589793,0.0,0.0,4.71238898038469,0.0,1.5707963267948966,0.0,0.0,3.141592653589793
0.0,0.0,4.71238898038469,0.0,4.71238898038469,0.0,4.71238898038469,4.71238898038469,0.0,0.0,3.141592653589793,3.141592653589793,4.908738521234052,0.0,4.71238898038469,3.141592653589793,0.0,0.0,4.71238898038469,0.0,1.5707963267948966,0.0,0.0,3.141592653589793
0.0,0.0,4.71238898038469,0.0,4.71238898038469,0.0,4.71238898038469,4.71238898038469,0.0,0.0,3.141592653589793,3.141592653589793,4.71238898038469,0.19634954084936207,4.71238898038469,3.141592653589793,0.0,0.0,4.71238898038469,0.0,1.5707963267948966,0.0,0.0,3.141592653589793
0.0,0.0,4.71238898038469,0.0,4.71238898038469,0.0,4.71238898038469,4.71238898038469,0.0,0.0,3.141592653589793,3.141592653589793,4.71238898038469,0.0,4.908738521234052,3.141592653589793,0.0,0.0,4.71238898038469,0.0,1.5707963267948966,0.0,0.0,3.141592653589793
0.0,0.0,4.71238898038469,0.0,4.71238898038469,0.0,4.71238898038469,4.71238898038469,0.0,0.0,3.141592653589793,3.141592653589793,4.71238898038469,0.0,4.71238898038469,3.3379421944391554,0.0,0.0,4.71238898038469,0.0,1.5707963267948966,0.0,0.0,3.141592653589793
0.0,0.0,4.71238898038469,0.0,4.71238898038469,0.0,4.71238898038469,4.71238898038469,0.0,0.0,3.141592653589793,3.141592653589793,4.71238898038469,0.0,4.71238898038469,3.141592653589793,0.19634954084936207,0.0,4.71238898038469,0.0,1.5707963267948966,0.0,0.0,3.141592653589793
0.0,0.0,4.71238898038469,0.0,4.71238898038469,0.0,4.71238898038469,4.71238898038469,0.0,0.0,3.141592653589793,3.141592653589793,4.71238898038469,0.0,4.71238898038469,3.141592653589793,0.0,0.19634954084936207,4.71238898038469,0.0,1.5707963267948966,0.0,0.0,3.141592653589793
0.0,0.0,4.71238898038469,0.0,4.71238898038469,0.0,4.71238898038469,4.71238898038469,0.0,0.0,3.141592653589793,3.141592653589793,4.71238898038469,0.0,4.71238898038469,3.141592653589793,0.0,0.0,4.908738521234052,0.0,1.5707963267948966,0.0,0.0,3.141592653589793
0.0,0.0,4.71238898038469,0.0,4.71238898038469,0.0,4.71238898038469,4.71238898038469,0.0,0.0,3.141592653589793,3.141592653589793,4.71238898038469,0.0,4.71238898038469,3.141592653589793,0.0,0.0,4.71238898038469,0.19634954084936207,1.5707963267948966,0.0,0.0,3.141592653589793
0.0,0.0,4.71238898038469,0.0,4.71238898038469,0.0,4.71238898038469,4.71238898038469,0.0,0.0,3.141592653589793,3.141592653589793,4.71238898038469,0.0,4.71238898038469,3.141592653589793,0.0,0.0,4.71238898038469,0.0,1.7671458676442586,0.0,0.0,3.141592653589793
0.0,0.0,4.71238898038469,0.0,4.71238898038469,0.0,4.71238898038469,4.71238898038469,0.0,0.0,3.141592653589793,3.141592653589793,4.71238898038469,0.0,4.71238898038469,3.141592653589793,0.0,0.0,4.71238898038469,0.0,1.5707963267948966,0.19634954084936207,0.0,3.141592653589793
0.0,0.0,4.71238898038469,0.0,4.71238898038469,0.0,4.71238898038469,4.71238898038469,0.0,0.0,3.141592653589793,3.141592653589793,4.71238898038469,0.0,4.71238898038469,3.141592653589793,0.0,0.0,4.71238898038469,0.0,1.5707963267948966,0.0,0.19634954084936207,3.141592653589793
0.0,0.0,4.71238898038469,0.0,4.71238898038469,0.0,4.71238898038469,4.71238898038469,0.0,0.0,3.141592653589793,3.141592653589793,4.71238898038469,0.0,4.71238898038469,3.141592653589793,0.0,0.0,4.71238898038469,0.0,1.5707963267948966,0.0,0.0,3.3379421944391554
0.0,0.0,4.516039439535327,0.0,4.71238898038469,0.0,4.71238898038469,4.71238898038469,0.0,0.0,3.141592653589793,3.141592653589793,4.71238898038469,0.0,4.71238898038469,3.141592653589793,0.0,0.0,4.71238898038469,0.0,1.5707963267948966,0.0,0.0,3.141592653589793
0.0,0.0,4.71238898038469,0.0,4.516039439535327,0.0,4.71238898038469,4.71238898038469,0.0,0.0,3.141592653589793,3.141592653589793,4.71238898038469,0.0,4.71238898038469,3.141592653589793,0.0,0.0,4.71238898038469,0.0,1.5707963267948966,0.0,0.0,3.141592653589793
0.0,0.0,4.71238898038469,0.0,4.71238898038469,0.0,4.516039439535327,4.71238898038469,0.0,0.0,3.141592653589793,3.141592653589793,4.71238898038469,0.0,4.71238898038469,3.141592653589793,0.0,0.0,4.71238898038469,0.0,1.5707963267948966,0.0,0.0,3.141592653589793
0.0,0.0,4.71238898038469,0.0,4.71238898038469,0.0,4.71238898038469,4.516039439535327,0.0,0.0,3.141592653589793,3.141592653589793,4.71238898038469,0.0,4.71238898038469,3.141592653589793,0.0,0.0,4.71238898038469,0.0,1.5707963267948966,0.0,0.0,3.141592653589793
0.0,0.0,4.71238898038469,0.0,4.71238898038469,0.0,4.71238898038469,4.71238898038469,0.0,0.0,2.945243112740431,3.141592653589793,4.71238898038469,0.0,4.71238898038469,3.141592653589793,0.0,0.0,4.71238898038469,0.0,1.5707963267948966,0.0,0.0,3.141592653589793
0.0,0.0,4.71238898038469,0.0,4.71238898038469,0.0,4.71238898038469,4.71238898038469,0.0,0.0,3.141592653589793,2.945243112740431,4.71238898038469,0.0,4.71238898038469,3.141592653589793,0.0,0.0,4.71238898038469,0.0,1.5707963267948966,0.0,0.0,3.141592653589793
0.0,0.0,4.71238898038469,0.0,4.71238898038469,0.0,4.71238898038469,4.71238898038469,0.0,0.0,3.141592653589793,3.141592653589793,4.516039439535327,0.0,4.71238898038469,3.141592653589793,0.0,0.0,4.71238898038469,0.0,1.5707963267948966,0.0,0.0,3.141592653589793
0.0,0.0,4.71238898038469,0.0,4.71238898038469,0.0,4.71238898038469,4.71238898038469,0.0,0.0,3.141592653589793,3.141592653589793,4.71238898038469,0.0,4.516039439535327,3.141592653589793,0.0,0.0,4.71238898038469,0.0,1.5707963267948966,0.0,0.0,3.141592653589793
0.0,0.0,4.71238898038469,0.0,4.71238898038469,0.0,4.71238898038469,4.71238898038469,0.0,0.0,3.141592653589793,3.141592653589793,4.71238898038469,0.0,4.71238898038469,2.945243112740431,0.0,0.0,4.71238898038469,0.0,1.5707963267948966,0.0,0.0,3.141592653589793
0.0,0.0,4.71238898038469,0.0,4.71238898038469,0.0,4.71238898038469,4.71238898038469,0.0,0.0,3.141592653589793,3.141592653589793,4.71238898038469,0.0,4.71238898038469,3.141592653589793,0.0,0.0,4.516039439535327,0.0,1.5707963267948966,0.0,0.0,3.141592653589793
0.0,0.0,4.71238898038469,0.0,4.71238898038469,0.0,4.71238898038469,4.71238898038469,0.0,0.0,3.141592653589793,3.141592653589793,4.71238898038469,0.0,4.71238898038469,3.141592653589793,0.0,0.0,4.71238898038469,0.0,1.3744467859455345,0.0,0.0,3.141592653589793
0.0,0.0,4.71238898038469,0.0,4.71238898038469,0.0,4.71238898038469,4.71238898038469,0.0,0.0,3.141592653589793,3.141592653589793,4.71238898038469,0.0,4.71238898038469,3.141592653589793,0.0,0.0,4.71238898038469,0.0,1.5707963267948966,0.0,0.0,2.945243112740431
0.0,0.0,5.205579601233122,0.0,4.582938519170564,0.007445063149029483,4.94384371235819,4.985052041115937,0.0,0.0,3.218616065329033,3.121373398602201,4.6170648304140425,0.0,5.067869771777425,3.0575417162744385,0.0,0.0,4.822044388212121,0.0,1.5790085394361517,0.0,0.0,3.227014268095016
0.0,0.0,4.958984290808906,0.0,4.647663749777627,0.0037225315745147416,4.82811634637144,4.848720510750313,0.0,0.0,3.180104359459413,3.131483026095997,4.664726905399367,0.0,4.890129376081058,3.099567184932116,0.0,0.0,4.767216684298406,0.0,1.574902433115524,0.0,0.0,3.184303460842404
0.0,0.0,4.835686635596797,0.0,4.680026365081159,0.0018612657872573708,4.770252663378065,4.7805547455675015,0.0,0.0,3.1608485065246033,3.1365378398428954,4.688557942892028,0.0,4.801259178232874,3.1205799192609547,0.0,0.0,4.739802832341547,0.0,1.5728493799552103,0.0,0.0,3.1629480572160986
0.0,0.0,4.7740378079907435,0.0,4.696207672732924,0.0009306328936286854,4.741320821881377,4.746471862976096,0.0,0.0,3.151220580057198,3.1390652467163442,4.700473461638359,0.0,4.756824079308782,3.131086286425374,0.0,0.0,4.726095906363119,0.0,1.5718228533750533,0.0,0.0,3.152270355402946
0.19634954084936207,0.0,4.71238898038469,0.0,4.71238898038469,0.0,4.71238898038469,4.71238898038469,0.0,0.0,3.141592653589793,3.141592653589793,4.71238898038469,0.0,4.71238898038469,3.141592653589793,0.0,0.0,4.71238898038469,0.0,1.5707963267948966,0.0,0.0,3.141592653589793
0.0,0.19634954084936207,4.71238898038469,0.0,4.71238898038469,0.0,4.71238898038469,4.71238898038469,0.0,0.0,3.141592653589793,3.141592653589793,4.71238898038469,0.0,4.71238898038469,3.141592653589793,0.0,0.0,4.71238898038469,0.0,1.5707963267948966,0.0,0.0,3.141592653589793
0.0,0.0,4.908738521234052,0.0,4.71238898038469,0.0,4.71238898038469,4.71238898038469,0.0,0.0,3.141592653589793,3.141592653589793,4.71238898038469,0.0,4.71238898038469,3.141592653589793,0.0,0.0,4.71238898038469,0.0,1.5707963267948966,0.0,0.0,3.141592653589793
0.0,0.0,4.71238898038469,0.19634954084936207,4.71238898038469,0.0,4.71238898038469,4.71238898038469,0.0,0.0,3.141592653589793,3.141592653589793,4.71238898038469,0.0,4.71238898038469,3.141592653589793,0.0,0.0,4.71238898038469,0.0,1.5707963267948966,0.0,0.0,3.141592653589793
0.0,0.0,4.71238898038469,0.0,4.908738521234052,0.0,4.71238898038469,4.71238898038469,0.0,0.0,3.141592653589793,3.141592653589793,4.71238898038469,0.0,4.71238898038469,3.141592653589793,0.0,0.0,4.71238898038469,0.0,1.5707963267948966,0.0,0.0,3.141592653589793
0.0,0.0,4.71238898038469,0.0,4.71238898038469,0.19634954084936207,4.71238898038469,4.71238898038469,0.0,0.0,3.141592653589793,3.141592653589793,4.71238898038469,0.0,4.71238898038469,3.141592653589793,0.0,0.0,4.71238898038469,0.0,1.5707963267948966,0.0,0.0,3.141592653589793
0.0,0.0,4.71238898038469,0.0,4.71238898038469,0.0,4.908738521234052,4.71238898038469,0.0,0.0,3.141592653589793,3.141592653589793,4.71238898038469,0.0,4.71238898038469,3.141592653589793,0.0,0.0,4.71238898038469,0.0,1.5707963267948966,0.0,0.0,3.141592653589793
0.0,0.0,4.71238898038469,0.0,4.71238898038469,0.0,4.71238898038469,4.908738521234052,0.0,0.0,3.141592653589793,3.141592653589793,4.71238898038469,0.0,4.71238898038469,3.141592653589793,0.0,0.0,4.71238898038469,0.0,1.5707963267948966,0.0,0.0,3.141592653589793
0.0,0.0,4.71238898038469,0.0,4.71238898038469,0.0,4.71238898038469,4.71238898038469,0.19634954084936207,0.0,3.141592653589793,3.141592653589793,4.71238898038469,0.0,4.71238898038469,3.141592653589793,0.0,0.0,4.71238898038469,0.0,1.5707963267948966,0.0,0.0,3.141592653589793
0.0,0.0,4.71238898038469,0.0,4.71238898038469,0.0,4.71238898038469,4.71238898038469,0.0,0.19634954084936207,3.141592653589793,3.141592653589793,4.71238898038469,0.0,4.71238898038469,3.141592653589793,0.0,0.0,4.71238898038469,0.0,1.5707963267948966,0.0,0.0,3.141592653589793
0.0,0.0,4.71238898038469,0.0,4.71238898038469,0.0,4.71238898038469,4.71238898038469,0.0,0.0,3.3379421944391554,3.141592653589793,4.71238898038469,0.0,4.71238898038469,3.141592653589793,0.0,0.0,4.71238898038469,0.0,1.5707963267948966,0.0,0.0,3.141592653589793
0.0,0.0,4.71238898038469,0.0,4.71238898038469,0.0,4.71238898038469,4.71238898038469,0.0,0.0,3.141592653589793,3.3379421944391554,4.71238898038469,0.0,4.71238898038469,3.141592653589793,0.0,0.0,4.71238898038469,0.0,1.5707963267948966,0.0,0.0,3.141592653589793
0.0,0.0,4.71238898038469,0.0,4.71238898038469,0.0,4.71238898038469,4.71238898038469,0.0,0.0,3.141592653589793,3.141592653589793,4.908738521234052,0.0,4.71238898038469,3.141592653589793,0.0,0.0,4.71238898038469,0.0,1.5707963267948966,0.0,0.0,3.141592653589793
0.0,0.0,4.71238898038469,0.0,4.71238898038469,0.0,4.71238898038469,4.71238898038469,0.0,0.0,3.141592653589793,3.141592653589793,4.71238898038469,0.19634954084936207,4.71238898038469,3.141592653589793,0.0,0.0,4.71238898038469,0.0,1.5707963267948966,0.0,0.0,3.141592653589793
0.0,0.0,4.71238898038469,0.0,4.71238898038469,0.0,4.71238898038469,4.71238898038469,0.0,0.0,3.141592653589793,3.141592653589793,4.71238898038469,0.0,4.908738521234052,3.141592653589793,0.0,0.0,4.71238898038469,0.0,1.5707963267948966,0.0,0.0,3.141592653589793
0.0,0.0,4.71238898038469,0.0,4.71238898038469,0.0,4.71238898038469,4.71238898038469,0.0,0.0,3.141592653589793,3.141592653589793,4.71238898038469,0.0,4.71238898038469,3.3379421944391554,0.0,0.0,4.71238898038469,0.0,1.5707963267948966,0.0,0.0,3.141592653589793
0.0,0.0,4.71238898038469,0.0,4.71238898038469,0.0,4.71238898038469,4.71238898038469,0.0,0.0,3.141592653589793,3.141592653589793,4.71238898038469,0.0,4.71238898038469,3.141592653589793,0.19634954084936207,0.0,4.71238898038469,0.0,1.5707963267948966,0.0,0.0,3.141592653589793
0.0,0.0,4.71238898038469,0.0,4.71238898038469,0.0,4.71238898038469,4.71238898038469,0.0,0.0,3.141592653589793,3.141592653589793,4.71238898038469,0.0,4.71238898038469,3.141592653589793,0.0,0.19634954084936207,4.71238898038469,0.0,1.5707963267948966,0.0,0.0,3.141592653589793
0.0,0.0,4.71238898038469,0.0,4.71238898038469,0.0,4.71238898038469,4.71238898038469,0.0,0.0,3.141592653589793,3.141592653589793,4.71238898038469,0.0,4.71238898038469,3.141592653589793,0.0,0.0,4.908738521234052,0.0,1.5707963267948966,0.0,0.0,3.141592653589793
0.0,0.0,4.71238898038469,0.0,4.71238898038469,0.0,4.71238898038469,4.71238898038469,0.0,0.0,3.141592653589793,3.141592653589793,4.71238898038469,0.0,4.71238898038469,3.141592653589793,0.0,0.0,4.71238898038469,0.19634954084936207,1.5707963267948966,0.0,0.0,3.141592653589793
0.0,0.0,4.71238898038469,0.0,4.71238898038469,0.0,4.71238898038469,4.71238898038469,0.0,0.0,3.141592653589793,3.141592653589793,4.71238898038469,0.0,4.71238898038469,3.141592653589793,0.0,0.0,4.71238898038469,0.0,1.7671458676442586,0.0,0.0,3.141592653589793
0.0,0.0,4.71238898038469,0.0,4.71238898038469,0.0,4.71238898038469,4.71238898038469,0.0,0.0,3.141592653589793,3.141592653589793,4.71238898038469,0.0,4.71238898038469,3.141592653589793,0.0,0.0,4.71238898038469,0.0,1.5707963267948966,0.19634954084936207,0.0,3.141592653589793
0.0,0.0,4.71238898038469,0.0,4.71238898038469,0.0,4.71238898038469,4.71238898038469,0.0,0.0,3.141592653589793,3.141592653589793,4.71238898038469,0.0,4.71238898038469,3.141592653589793,0.0,0.0,4.71238898038469,0.0,1.5707963267948966,0.0,0.19634954084936207,3.141592653589793
0.0,0.0,4.71238898038469,0.0,4.71238898038469,0.0,4.71238898038469,4.71238898038469,0.0,0.0,3.141592653589793,3.141592653589793,4.71238898038469,0.0,4.71238898038469,3.141592653589793,0.0,0.0,4.71238898038469,0.0,1.5707963267948966,0.0,0.0,3.3379421944391554
0.0,0.0,4.516039439535327,0.0,4.71238898038469,0.0,4.71238898038469,4.71238898038469,0.0,0.0,3.141592653589793,3.141592653589793,4.71238898038469,0.0,4.71238898038469,3.141592653589793,0.0,0.0,4.71238898038469,0.0,1.5707963267948966,0.0,0.0,3.141592653589793
0.0,0.0,4.71238898038469,0.0,4.516039439535327,0.0,4.71238898038469,4.71238898038469,0.0,0.0,3.141592653589793,3.141592653589793,4.71238898038469,0.0,4.71238898038469,3.141592653589793,0.0,0.0,4.71238898038469,0.0,1.5707963267948966,0.0,0.0,3.141592653589793
0.0,0.0,4.71238898038469,0.0,4.71238898038469,0.0,4.516039439535327,4.71238898038469,0.0,0.0,3.141592653589793,3.141592653589793,4.71238898038469,0.0,4.71238898038469,3.141592653589793,0.0,0.0,4.71238898038469,0.0,1.5707963267948966,0.0,0.0,3.141592653589793
0.0,0.0,4.71238898038469,0.0,4.71238898038469,0.0,4.71238898038469,4.516039439535327,0.0,0.0,3.141592653589793,3.141592653589793,4.71238898038469,0.0,4.71238898038469,3.141592653589793,0.0,0.0,4.71238898038469,0.0,1.5707963267948966,0.0,0.0,3.141592653589793
0.0,0.0,4.71238898038469,0.0,4.71238898038469,0.0,4.71238898038469,4.71238898038469,0.0,0.0,2.945243112740431,3.141592653589793,4.71238898038469,0.0,4.71238898038469,3.141592653589793,0.0,0.0,4.71238898038469,0.0,1.5707963267948966,0.0,0.0,3.141592653589793
0.0,0.0,4.71238898038469,0.0,4.71238898038469,0.0,4.71238898038469,4.71238898038469,0.0,0.0,3.141592653589793,2.945243112740431,4.71238898038469,0.0,4.71238898038469,3.141592653589793,0.0,0.0,4.71238898038469,0.0,1.5707963267948966,0.0,0.0,3.141592653589793
0.0,0.0,4.71238898038469,0.0,4.71238898038469,0.0,4.71238898038469,4.71238898038469,0.0,0.0,3.141592653589793,3.141592653589793,4.516039439535327,0.0,4.71238898038469,3.141592653589793,0.0,0.0,4.71238898038469,0.0,1.5707963267948966,0.0,0.0,3.141592653589793
0.0,0.0,4.71238898038469,0.0,4.71238898038469,0.0,4.71238898038469,4.71238898038469,0.0,0.0,3.141592653589793,3.141592653589793,4.71238898038469,0.0,4.516039439535327,3.141592653589793,0.0,0.0,4.71238898038469,0.0,1.5707963267948966,0.0,0.0,3.141592653589793
0.0,0.0,4.71238898038469,0.0,4.71238898038469,0.0,4.71238898038469,4.71238898038469,0.0,0.0,3.141592653589793,3.141592653589793,4.71238898038469,0.0,4.71238898038469,2.945243112740431,0.0,0.0,4.71238898038469,0.0,1.5707963267948966,0.0,0.0,3.141592653589793
0.0,0.0,4.71238898038469,0.0,4.71238898038469,0.0,4.71238898038469,4.71238898038469,0.0,0.0,3.141592653589793,3.141592653589793,4.71238898038469,0.0,4.71238898038469,3.141592653589793,0.0,0.0,4.516039439535327,0.0,1.5707963267948966,0.0,0.0,3.141592653589793
0.0,0.0,4.71238898038469,0.0,4.71238898038469,0.0,4.71238898038469,4.71238898038469,0.0,0.0,3.141592653589793,3.141592653589793,4.71238898038469,0.0,4.71238898038469,3.141592653589793,0.0,0.0,4.71238898038469,0.0,1.3744467859455345,0.0,0.0,3.141592653589793
0.0,0.0,4.71238898038469,0.0,4.71238898038469,0.0,4.71238898038469,4.71238898038469,0.0,0.0,3.141592653589793,3.141592653589793,4.71238898038469,0.0,4.71238898038469,3.141592653589793,0.0,0.0,4.71238898038469,0.0,1.5707963267948966,0.0,0.0,2.945243112740431
0.09817477042468103,0.0,4.71238898038469,0.0,4.71238898038469,0.0,4.71238898038469,4.71238898038469,0.0,0.0,3.141592653589793,3.141592653589793,4.516039439535327,0.0,4.71238898038469,3.141592653589793,0.0,0.0,4.71238898038469,0.0,1.5707963267948966,0.0,0.0,3.141592653589793
0.0,0.09817477042468103,4.71238898038469,0.0,4.71238898038469,0.0,4.71238898038469,4.71238898038469,0.0,0.0,3.141592653589793,3.141592653589793,4.516039439535327,0.0,4.71238898038469,3.141592653589793,0.0,0.0,4.71238898038469,0.0,1.5707963267948966,0.0,0.0,3.141592653589793
0.0,0.0,4.81056375080937,0.0,4.71238898038469,0.0,4.71238898038469,4.71238898038469,0.0,0.0,3.141592653589793,3.141592653589793,4.516039439535327,0.0,4.71238898038469,3.141592653589793,0.0,0.0,4.71238898038469,0.0,1.5707963267948966,0.0,0.0,3.141592653589793
0.0,0.0,4.71238898038469,0.09817477042468103,4.71238898038469,0.0,4.71238898038469,4.71238898038469,0.0,0.0,3.141592653589793,3.141592653589793,4.516039439535327,0.0,4.71238898038469,3.141592653589793,0.0,0.0,4.71238898038469,0.0,1.5707963267948966,0.0,0.0,3.141592653589793
0.0,0.0,4.71238898038469,0.0,4.81056375080937,0.0,4.71238898038469,4.71238898038469,0.0,0.0,3.141592653589793,3.141592653589793,4.516039439535327,0.0,4.71238898038469,3.141592653589793,0.0,0.0,4.71238898038469,0.0,1.5707963267948966,0.0,0.0,3.141592653589793
0.0,0.0,4.71238898038469,0.0,4.71238898038469,0.09817477042468103,4.71238898038469,4.71238898038469,0.0,0.0,3.141592653589793,3.141592653589793,4.516039439535327,0.0,4.71238898038469,3.141592653589793,0.0,0.0,4.71238898038469,0.0,1.5707963267948966,0.0,0.0,3.141592653589793
0.0,0.0,4.71238898038469,0.0,4.71238898038469,0.0,4.81056375080937,4.71238898038469,0.0,0.0,3.141592653589793,3.141592653589793,4.516039439535327,0.0,4.71238898038469,3.141592653589793,0.0,0.0,4.71238898038469,0.0,1.5707963267948966,0.0,0.0,3.141592653589793
0.0,0.0,4.71238898038469,0.0,4.71238898038469,0.0,4.71238898038469,4.81056375080937,0.0,0.0,3.141592653589793,3.141592653589793,4.516039439535327,0.0,4.71238898038469,3.141592653589793,0.0,0.0,4.71238898038469,0.0,1.5707963267948966,0.0,0.0,3.141592653589793
0.0,0.0,4.71238898038469,0.0,4.71238898038469,0.0,4.71238898038469,4.71238898038469,0.09817477042468103,0.0,3.141592653589793,3.141592653589793,4.516039439535327,0.0,4.71238898038469,3.141592653589793,0.0,0.0,4.71238898038469,0.0,1.5707963267948966,0.0,0.0,3.141592653589793
0.0,0.0,4.71238898038469,0.0,4.71238898038469,0.0,4.71238898038469,4.71238898038469,0.0,0.09817477042468103,3.141592653589793,3.141592653589793,4.516039439535327,0.0,4.71238898038469,3.141592653589793,0.0,0.0,4.71238898038469,0.0,1.5707963267948966,0.0,0.0,3.141592653589793
0.0,0.0,4.71238898038469,0.0,4.71238898038469,0.0,4.71238898038469,4.71238898038469,0.0,0.0,3.2397674240144743,3.141592653589793,4.516039439535327,0.0,4.71238898038469,3.141592653589793,0.0,0.0,4.71238898038469,0.0,1.5707963267948966,0.0,0.0,3.141592653589793
0.0,0.0,4.71238898038469,0.0,4.71238898038469,0.0,4.71238898038469,4.71238898038469,0.0,0.0,3.141592653589793,3.2397674240144743,4.516039439535327,0.0,4.71238898038469,3.141592653589793,0.0,0.0,4.71238898038469,0.0,1.5707963267948966,0.0,0.0,3.141592653589793
0.0,0.0,4.71238898038469,0.0,4.71238898038469,0.0,4.71238898038469,4.71238898038469,0.0,0.0,3.141592653589793,3.141592653589793,4.614214209960009,0.0,4.71238898038469,3.141592653589793,0.0,0.0,4.71238898038469,0.0,1.5707963267948966,0.0,0.0,3.141592653589793
0.0,0.0,4.71238898038469,0.0,4.71238898038469,0.0,4.71238898038469,4.71238898038469,0.0,0.0,3.141592653589793,3.141592653589793,4.516039439535327,0.09817477042468103,4.71238898038469,3.141592653589793,0.0,0.0,4.71238898038469,0.0,1.5707963267948966,0.0,0.0,3.141592653589793
0.0,0.0,4.71238898038469,0.0,4.71238898038469,0.0,4.71238898038469,4.71238898038469,0.0,0.0,3.141592653589793,3.141592653589793,4.516039439535327,0.0,4.81056375080937,3.141592653589793,0.0,0.0,4.71238898038469,0.0,1.5707963267948966,0.0,0.0,3.141592653589793
0.0,0.0,4.71238898038469,0.0,4.71238898038469,0.0,4.71238898038469,4.71238898038469,0.0,0.0,3.141592653589793,3.141592653589793,4.516039439535327,0.0,4.71238898038469,3.2397674240144743,0.0,0.0,4.71238898038469,0.0,1.5707963267948966,0.0,0.0,3.141592653589793
0.0,0.0,4.71238898038469,0.0,4.71238898038469,0.0,4.71238898038469,4.71238898038469,0.0,0.0,3.141592653589793,3.141592653589793,4.516039439535327,0.0,4.71238898038469,3.141592653589793,0.09817477042468103,0.0,4.71238898038469,0.0,1.5707963267948966,0.0,0.0,3.141592653589793
0.0,0.0,4.71238898038469,0.0,4.71238898038469,0.0,4.71238898038469,4.71238898038469,0.0,0.0,3.141592653589793,3.141592653589793,4.516039439535327,0.0,4.71238898038469,3.141592653589793,0.0,0.09817477042468103,4.71238898038469,0.0,1.5707963267948966,0.0,0.0,3.141592653589793
0.0,0.0,4.71238898038469,0.0,4.71238898038469,0.0,4.71238898038469,4.71238898038469,0.0,0.0,3.141592653589793,3.141592653589793,4.516039439535327,0.0,4.71238898038469,3.141592653589793,0.0,0.0,4.81056375080937,0.0,1.5707963267948966,0.0,0.0,3.141592653589793
0.0,0.0,4.71238898038469,0.0,4.71238898038469,0.0,4.71238898038469,4.71238898038469,0.0,0.0,3.141592653589793,3.141592653589793,4.516039439535327,0.0,4.71238898038469,3.141592653589793,0.0,0.0,4.71238898038469,0.09817477042468103,1.5707963267948966,0.0,0.0,3.141592653589793
0.0,0.0,4.71238898038469,0.0,4.71238898038469,0.0,4.71238898038469,4.71238898038469,0.0,0.0,3.141592653589793,3.141592653589793,4.516039439535327,0.0,4.71238898038469,3.141592653589793,0.0,0.0,4.71238898038469,0.0,1.6689710972195777,0.0,0.0,3.141592653589793
0.0,0.0,4.71238898038469,0.0,4.71238898038469,0.0,4.71238898038469,4.71238898038469,0.0,0.0,3.141592653589793,3.141592653589793,4.516039439535327,0.0,4.71238898038469,3.141592653589793,0.0,0.0,4.71238898038469,0.0,1.5707963267948966,0.09817477042468103,0.0,3.141592653589793
0.0,0.0,4.71238898038469,0.0,4.71238898038469,0.0,4.71238898038469,4.71238898038469,0.0,0.0,3.141592653589793,3.141592653589793,4.516039439535327,0.0,4.71238898038469,3.141592653589793,0.0,0.0,4.71238898038469,0.0,1.5707963267948966,0.0,0.09817477042468103,3.141592653589793
0.0,0.0,4.71238898038469,0.0,4.71238898038469,0.0,4.71238898038469,4.71238898038469,0.0,0.0,3.141592653589793,3.141592653589793,4.516039439535327,0.0,4.71238898038469,3.141592653589793,0.0,0.0,4.71238898038469,0.0,1.5707963267948966,0.0,0.0,3.2397674240144743
0.0,0.0,4.614214209960009,0.0,4.71238898038469,0.0,4.71238898038469,4.71238898038469,0.0,0.0,3.141592653589793,3.141592653589793,4.516039439535327,0.0,4.71238898038469,3.141592653589793,0.0,0.0,4.71238898038469,0.0,1.5707963267948966,0.0,0.0,3.141592653589793
0.0,0.0,4.71238898038469,0.0,4.614214209960009,0.0,4.71238898038469,4.71238898038469,0.0,0.0,3.141592653589793,3.141592653589793,4.516039439535327,0.0,4.71238898038469,3.141592653589793,0.0,0.0,4.71238898038469,0.0,1.5707963267948966,0.0,0.0,3.141592653589793
0.0,0.0,4.71238898038469,0.0,4.71238898038469,0.0,4.614214209960009,4.71238898038469,0.0,0.0,3.141592653589793,3.141592653589793,4.516039439535327,0.0,4.71238898038469,3.141592653589793,0.0,0.0,4.71238898038469,0.0,1.5707963267948966,0.0,0.0,3.141592653589793
0.0,0.0,4.71238898038469,0.0,4.71238898038469,0.0,4.71238898038469,4.614214209960009,0.0,0.0,3.141592653589793,3.141592653589793,4.516039439535327,0.0,4.71238898038469,3.141592653589793,0.0,0.0,4.71238898038469,0.0,1.5707963267948966,0.0,0.0,3.141592653589793
0.0,0.0,4.71238898038469,0.0,4.71238898038469,0.0,4.71238898038469,4.71238898038469,0.0,0.0,3.043417883165112,3.141592653589793,4.516039439535327,0.0,4.71238898038469,3.141592653589793,0.0,0.0,4.71238898038469,0.0,1.5707963267948966,0.0,0.0,3.141592653589793
0.0,0.0,4.71238898038469,0.0,4.71238898038469,0.0,4.71238898038469,4.71238898038469,0.0,0.0,3.141592653589793,3.043417883165112,4.516039439535327,0.0,4.71238898038469,3.141592653589793,0.0,0.0,4.71238898038469,0.0,1.5707963267948966,0.0,0.0,3.141592653589793
0.0,0.0,4.71238898038469,0.0,4.71238898038469,0.0,4.71238898038469,4.71238898038469,0.0,0.0,3.141592653589793,3.141592653589793,4.417864669110647,0.0,4.71238898038469,3.141592653589793,0.0,0.0,4.71238898038469,0.0,1.5707963267948966,0.0,0.0,3.141592653589793
0.0,0.0,4.71238898038469,0.0,4.71238898038469,0.0,4.71238898038469,4.71238898038469,0.0,0.0,3.141592653589793,3.141592653589793,4.516039439535327,0.0,4.614214209960009,3.141592653589793,0.0,0.0,4.71238898038469,0.0,1.5707963267948966,0.0,0.0,3.141592653589793
0.0,0.0,4.71238898038469,0.0,4.71238898038469,0.0,4.71238898038469,4.71238898038469,0.0,0.0,3.141592653589793,3.141592653589793,4.516039439535327,0.0,4.71238898038469,3.043417883165112,0.0,0.0,4.71238898038469,0.0,1.5707963267948966,0.0,0.0,3.141592653589793
0.0,0.0,4.71238898038469,0.0,4.71238898038469,0.0,4.71238898038469,4.71238898038469,0.0,0.0,3.141592653589793,3.141592653589793,4.516039439535327,0.0,4.71238898038469,3.141592653589793,0.0,0.0,4.614214209960009,0.0,1.5707963267948966,0.0,0.0,3.141592653589793
0.0,0.0,4.71238898038469,0.0,4.71238898038469,0.0,4.71238898038469,4.71238898038469,0.0,0.0,3.141592653589793,3.141592653589793,4.516039439535327,0.0,4.71238898038469,3.141592653589793,0.0,0.0,4.71238898038469,0.0,1.4726215563702154,0.0,0.0,3.141592653589793
0.0,0.0,4.71238898038469,0.0,4.71238898038469,0.0,4.71238898038469,4.71238898038469,0.0,0.0,3.141592653589793,3.141592653589793,4.516039439535327,0.0,4.71238898038469,3.141592653589793,0.0,0.0,4.71238898038469,0.0,1.5707963267948966,0.0,0.0,3.043417883165112
0.04908738521234052,0.0,4.71238898038469,0.0,4.71238898038469,0.0,4.71238898038469,4.71238898038469,0.0,0.0,3.141592653589793,3.141592653589793,4.516039439535327,0.0,4.71238898038469,3.141592653589793,0.0,0.0,4.71238898038469,0.0,1.5707963267948966,0.0,0.0,3.141592653589793
0.0,0.04908738521234052,4.71238898038469,0.0,4.71238898038469,0.0,4.71238898038469,4.71238898038469,0.0,0.0,3.141592653589793,3.141592653589793,4.516039439535327,0.0,4.71238898038469,3.141592653589793,0.0,0.0,4.71238898038469,0.0,1.5707963267948966,0.0,0.0,3.141592653589793
0.0,0.0,4.76147636559703,0.0,4.71238898038469,0.0,4.71238898038469,4.71238898038469,0.0,0.0,3.141592653589793,3.141592653589793,4.516039439535327,0.0,4.71238898038469,3.141592653589793,0.0,0.0,4.71238898038469,0.0,1.5707963267948966,0.0,0.0,3.141592653589793
0.0,0.0,4.71238898038469,0.04908738521234052,4.71238898038469,0.0,4.71238898038469,4.71238898038469,0.0,0.0,3.141592653589793,3.141592653589793,4.516039439535327,0.0,4.71238898038469,3.141592653589793,0.0,0.0,4.71238898038469,0.0,1.5707963267948966,0.0,0.0,3.141592653589793
0.0,0.0,4.71238898038469,0.0,4.76147636559703,0.0,4.71238898038469,4.71238898038469,0.0,0.0,3.141592653589793,3.141592653589793,4.516039439535327,0.0,4.71238898038469,3.141592653589793,0.0,0.0,4.71238898038469,0.0,1.5707963267948966,0.0,0.0,3.141592653589793
0.0,0.0,4.71238898038469,0.0,4.71238898038469,0.04908738521234052,4.71238898038469,4.71238898038469,0.0,0.0,3.141592653589793,3.141592653589793,4.516039439535327,0.0,4.71238898038469,3.141592653589793,0.0,0.0,4.71238898038469,0.0,1.5707963267948966,0.0,0.0,3.141592653589793
0.0,0.0,4.71238898038469,0.0,4.71238898038469,0.0,4.76147636559703,4.71238898038469,0.0,0.0,3.141592653589793,3.141592653589793,4.516039439535327,0.0,4.71238898038469,3.141592653589793,0.0,0.0,4.71238898038469,0.0,1.5707963267948966,0.0,0.0,3.141592653589793
0.0,0.0,4.71238898038469,0.0,4.71238898038469,0.0,4.71238898038469,4.76147636559703,0.0,0.0,3.141592653589793,3.141592653589793,4.516039439535327,0.0,4.71238898038469,3.141592653589793,0.0,0.0,4.71238898038469,0.0,1.5707963267948966,0.0,0.0,3.141592653589793
0.0,0.0,4.71238898038469,0.0,4.71238898038469,0.0,4.71238898038469,4.71238898038469,0.04908738521234052,0.0,3.141592653589793,3.141592653589793,4.516039439535327,0.0,4.71238898038469,3.141592653589793,0.0,0.0,4.71238898038469,0.0,1.5707963267948966,0.0,0.0,3.141592653589793
0.0,0.0,4.71238898038469,0.0,4.71238898038469,0.0,4.71238898038469,4.71238898038469,0.0,0.04908738521234052,3.141592653589793,3.141592653589793,4.516039439535327,0.0,4.71238898038469,3.141592653589793,0.0,0.0,4.71238898038469,0.0,1.5707963267948966,0.0,0.0,3.141592653589793
0.0,0.0,4.71238898038469,0.0,4.71238898038469,0.0,4.71238898038469,4.71238898038469,0.0,0.0,3.1906800388021335,3.141592653589793,4.516039439535327,0.0,4.71238898038469,3.141592653589793,0.0,0.0,4.71238898038469,0.0,1.5707963267948966,0.0,0.0,3.141592653589793
0.0,0.0,4.71238898038469,0.0,4.71238898038469,0.0,4.71238898038469,4.71238898038469,0.0,0.0,3.141592653589793,3.1906800388021335,4.516039439535327,0.0,4.71238898038469,3.141592653589793,0.0,0.0,4.71238898038469,0.0,1.5707963267948966,0.0,0.0,3.141592653589793
0.0,0.0,4.71238898038469,0.0,4.71238898038469,0.0,4.71238898038469,4.71238898038469,0.0,0.0,3.141592653589793,3.141592653589793,4.565126824747668,0.0,4.71238898038469,3.141592653589793,0.0,0.0,4.71238898038469,0.0,1.5707963267948966,0.0,0.0,3.141592653589793
0.0,0.0,4.71238898038469,0.0,4.71238898038469,0.0,4.71238898038469,4.71238898038469,0.0,0.0,3.141592653589793,3.141592653589793,4.516039439535327,0.04908738521234052,4.71238898038469,3.141592653589793,0.0,0.0,4.71238898038469,0.0,1.5707963267948966,0.0,0.0,3.141592653589793
0.0,0.0,4.71238898038469,0.0,4.71238898038469,0.0,4.71238898038469,4.71238898038469,0.0,0.0,3.141592653589793,3.141592653589793,4.516039439535327,0.0,4.76147636559703,3.141592653589793,0.0,0.0,4.71238898038469,0.0,1.5707963267948966,0.0,0.0,3.141592653589793
0.0,0.0,4.71238898038469,0.0,4.71238898038469,0.0,4.71238898038469,4.71238898038469,0.0,0.0,3.141592653589793,3.141592653589793,4.516039439535327,0.0,4.71238898038469,3.1906800388021335,0.0,0.0,4.71238898038469,0.0,1.5707963267948966,0.0,0.0,3.141592653589793
0.0,0.0,4.71238898038469,0.0,4.71238898038469,0.0,4.71238898038469,4.71238898038469,0.0,0.0,3.141592653589793,3.141592653589793,4.516039439535327,0.0,4.71238898038469,3.141592653589793,0.04908738521234052,0.0,4.71238898038469,0.0,1.5707963267948966,0.0,0.0,3.141592653589793
0.0,0.0,4.71238898038469,0.0,4.71238898038469,0.0,4.71238898038469,4.71238898038469,0.0,0.0,3.141592653589793,3.141592653589793,4.516039439535327,0.0,4.71238898038469,3.141592653589793,0.0,0.04908738521234052,4.71238898038469,0.0,1.5707963267948966,0.0,0.0,3.141592653589793
0.0,0.0,4.71238898038469,0.0,4.71238898038469,0.0,4.71238898038469,4.71238898038469,0.0,0.0,3.141592653589793,3.141592653589793,4.516039439535327,0.0,4.71238898038469,3.141592653589793,0.0,0.0,4.76147636559703,0.0,1.5707963267948966,0.0,0.0,3.141592653589793
0.0,0.0,4.71238898038469,0.0,4.71238898038469,0.0,4.71238898038469,4.71238898038469,0.0,0.0,3.141592653589793,3.141592653589793,4.516039439535327,0.0,4.71238898038469,3.141592653589793,0.0,0.0,4.71238898038469,0.04908738521234052,1.5707963267948966,0.0,0.0,3.141592653589793
0.0,0.0,4.71238898038469,0.0,4.71238898038469,0.0,4.71238898038469,4.71238898038469,0.0,0.0,3.141592653589793,3.141592653589793,4.516039439535327,0.0,4.71238898038469,3.141592653589793,0.0,0.0,4.71238898038469,0.0,1.6198837120072371,0.0,0.0,3.141592653589793
0.0,0.0,4.71238898038469,0.0,4.71238898038469,0.0,4.71238898038469,4.71238898038469,0.0,0.0,3.141592653589793,3.141592653589793,4.516039439535327,0.0,4.71238898038469,3.141592653589793,0.0,0.0,4.71238898038469,0.0,1.5707963267948966,0.04908738521234052,0.0,3.141592653589793
0.0,0.0,4.71238898038469,0.0,4.71238898038469,0.0,4.71238898038469,4.71238898038469,0.0,0.0,3.141592653589793,3.141592653589793,4.516039439535327,0.0,4.71238898038469,3.141592653589793,0.0,0.0,4.71238898038469,0.0,1.5707963267948966,0.0,0.04908738521234052,3.141592653589793
0.0,0.0,4.71238898038469,0.0,4.71238898038469,0.0,4.71238898038469,4.71238898038469,0.0,0.0,3.141592653589793,3.141592653589793,4.516039439535327,0.0,4.71238898038469,3.141592653589793,0.0,0.0,4.71238898038469,0.0,1.5707963267948966,0.0,0.0,3.1906800388021335
0.0,0.0,4.663301595172349,0.0,4.71238898038469,0.0,4.71238898038469,4.71238898038469,0.0,0.0,3.141592653589793,3.141592653589793,4.516039439535327,0.0,4.71238898038469,3.141592653589793,0.0,0.0,4.71238898038469,0.0,1.5707963267948966,0.0,0.0,3.141592653589793
0.0,0.0,4.71238898038469,0.0,4.663301595172349,0.0,4.71238898038469,4.71238898038469,0.0,0.0,3.141592653589793,3.141592653589793,4.516039439535327,0.0,4.71238898038469,3.141592653589793,0.0,0.0,4.71238898038469,0.0,1.5707963267948966,0.0,0.0,3.141592653589793
0.0,0.0,4.71238898038469,0.0,4.71238898038469,0.0,4.663301595172349,4.71238898038469,0.0,0.0,3.141592653589793,3.141592653589793,4.516039439535327,0.0,4.71238898038469,3.141592653589793,0.0,0.0,4.71238898038469,0.0,1.5707963267948966,0.0,0.0,3.141592653589793
0.0,0.0,4.71238898038469,0.0,4.71238898038469,0.0,4.71238898038469,4.663301595172349,0.0,0.0,3.141592653589793,3.141592653589793,4.516039439535327,0.0,4.71238898038469,3.141592653589793,0.0,0.0,4.71238898038469,0.0,1.5707963267948966,0.0,0.0,3.141592653589793
0.0,0.0,4.71238898038469,0.0,4.71238898038469,0.0,4.71238898038469,4.71238898038469,0.0,0.0,3.0925052683774528,3.141592653589793,4.516039439535327,0.0,4.71238898038469,3.141592653589793,0.0,0.0,4.71238898038469,0.0,1.5707963267948966,0.0,0.0,3.141592653589793
0.0,0.0,4.71238898038469,0.0,4.71238898038469,0.0,4.71238898038469,4.71238898038469,0.0,0.0,3.141592653589793,3.0925052683774528,4.516039439535327,0.0,4.71238898038469,3.141592653589793,0.0,0.0,4.71238898038469,0.0,1.5707963267948966,0.0,0.0,3.141592653589793
0.0,0.0,4.71238898038469,0.0,4.71238898038469,0.0,4.71238898038469,4.71238898038469,0.0,0.0,3.141592653589793,3.141592653589793,4.466952054322987,0.0,4.71238898038469,3.141592653589793,0.0,0.0,4.71238898038469,0.0,1.5707963267948966,0.0,0.0,3.141592653589793
0.0,0.0,4.71238898038469,0.0,4.71238898038469,0.0,4.71238898038469,4.71238898038469,0.0,0.0,3.141592653589793,3.141592653589793,4.516039439535327,0.0,4.663301595172349,3.141592653589793,0.0,0.0,4.71238898038469,0.0,1.5707963267948966,0.0,0.0,3.141592653589793
0.0,0.0,4.71238898038469,0.0,4.71238898038469,0.0,4.71238898038469,4.71238898038469,0.0,0.0,3.141592653589793,3.141592653589793,4.516039439535327,0.0,4.71238898038469,3.0925052683774528,0.0,0.0,4.71238898038469,0.0,1.5707963267948966,0.0,0.0,3.141592653589793
0.0,0.0,4.71238898038469,0.0,4.71238898038469,0.0,4.71238898038469,4.71238898038469,0.0,0.0,3.141592653589793,3.141592653589793,4.516039439535327,0.0,4.71238898038469,3.141592653589793,0.0,0.0,4.663301595172349,0.0,1.5707963267948966,0.0,0.0,3.141592653589793
0.0,0.0,4.71238898038469,0.0,4.71238898038469,0.0,4.71238898038469,4.71238898038469,0.0,0.0,3.141592653589793,3.141592653589793,4.516039439535327,0.0,4.71238898038469,3.141592653589793,0.0,0.0,4.71238898038469,0.0,1.521708941582556,0.0,0.0,3.141592653589793
0.0,0.0,4.71238898038469,0.0,4.71238898038469,0.0,4.71238898038469,4.71238898038469,0.0,0.0,3.141592653589793,3.141592653589793,4.516039439535327,0.0,4.71238898038469,3.141592653589793,0.0,0.0,4.71238898038469,0.0,1.5707963267948966,0.0,0.0,3.0925052683774528
0.02454369260617026,0.0,4.71238898038469,0.0,4.71238898038469,0.0,4.71238898038469,4.71238898038469,0.0,0.0,3.141592653589793,3.141592653589793,4.516039439535327,0.0,4.71238898038469,3.141592653589793,0.0,0.0,4.71238898038469,0.0,1.5707963267948966,0.0,0.0,3.141592653589793
0.0,0.02454369260617026,4.71238898038469,0.0,4.71238898038469,0.0,4.71238898038469,4.71238898038469,0.0,0.0,3.141592653589793,3.141592653589793,4.516039439535327,0.0,4.71238898038469,3.141592653589793,0.0,0.0,4.71238898038469,0.0,1.5707963267948966,0.0,0.0,3.141592653589793
0.0,0.0,4.73693267299086,0.0,4.71238898038469,0.0,4.71238898038469,4.71238898038469,0.0,0.0,3.141592653589793,3.141592653589793,4.516039439535327,0.0,4.71238898038469,3.141592653589793,0.0,0.0,4.71238898038469,0.0,1.5707963267948966,0.0,0.0,3.141592653589793
0.0,0.0,4.71238898038469,0.02454369260617026,4.71238898038469,0.0,4.71238898038469,4.71238898038469,0.0,0.0,3.141592653589793,3.141592653589793,4.516039439535327,0.0,4.71238898038469,3.141592653589793,0.0,0.0,4.71238898038469,0.0,1.5707963267948966,0.0,0.0,3.141592653589793
0.0,0.0,4.71238898038469,0.0,4.73693267299086,0.0,4.71238898038469,4.71238898038469,0.0,0.0,3.141592653589793,3.141592653589793,4.516039439535327,0.0,4.71238898038469,3.141592653589793,0.0,0.0,4.71238898038469,0.0,1.5707963267948966,0.0,0.0,3.141592653589793
0.0,0.0,4.71238898038469,0.0,4.71238898038469,0.02454369260617026,4.71238898038469,4.71238898038469,0.0,0.0,3.141592653589793,3.141592653589793,4.516039439535327,0.0,4.71238898038469,3.141592653589793,0.0,0.0,4.71238898038469,0.0,1.5707963267948966,0.0,0.0,3.141592653589793
0.0,0.0,4.71238898038469,0.0,4.71238898038469,0.0,4.73693267299086,4.71238898038469,0.0,0.0,3.141592653589793,3.141592653589793,4.516039439535327,0.0,4.71238898038469,3.141592653589793,0.0,0.0,4.71238898038469,0.0,1.5707963267948966,0.0,0.0,3.141592653589793
0.0,0.0,4.71238898038469,0.0,4.71238898038469,0.0,4.71238898038469,4.73693267299086,0.0,0.0,3.141592653589793,3.141592653589793,4.516039439535327,0.0,4.71238898038469,3.141592653589793,0.0,0.0,4.71238898038469,0.0,1.5707963267948966,0.0,0.0,3.141592653589793
0.0,0.0,4.71238898038469,0.0,4.71238898038469,0.0,4.71238898038469,4.71238898038469,0.02454369260617026,0.0,3.141592653589793,3.141592653589793,4.516039439535327,0.0,4.71238898038469,3.141592653589793,0.0,0.0,4.71238898038469,0.0,1.5707963267948966,0.0,0.0,3.141592653589793
0.0,0.0,4.71238898038469,0.0,4.71238898038469,0.0,4.71238898038469,4.71238898038469,0.0,0.02454369260617026,3.141592653589793,3.141592653589793,4.516039439535327,0.0,4.71238898038469,3.141592653589793,0.0,0.0,4.71238898038469,0.0,1.5707963267948966,0.0,0.0,3.141592653589793
0.0,0.0,4.71238898038469,0.0,4.71238898038469,0.0,4.71238898038469,4.71238898038469,0.0,0.0,3.1661363461959633,3.141592653589793,4.516039439535327,0.0,4.71238898038469,3.141592653589793,0.0,0.0,4.71238898038469,0.0,1.5707963267948966,0.0,0.0,3.141592653589793
0.0,0.0,4.71238898038469,0.0,4.71238898038469,0.0,4.71238898038469,4.71238898038469,0.0,0.0,3.141592653589793,3.1661363461959633,4.516039439535327,0.0,4.71238898038469,3.141592653589793,0.0,0.0,4.71238898038469,0.0,1.5707963267948966,0.0,0.0,3.141592653589793
0.0,0.0,4.71238898038469,0.0,4.71238898038469,0.0,4.71238898038469,4.71238898038469,0.0,0.0,3.141592653589793,3.141592653589793,4.540583132141498,0.0,4.71238898038469,3.141592653589793,0.0,0.0,4.71238898038469,0.0,1.5707963267948966,0.0,0.0,3.141592653589793
0.0,0.0,4.71238898038469,0.0,4.71238898038469,0.0,4.71238898038469,4.71238898038469,0.0,0.0,3.141592653589793,3.141592653589793,4.516039439535327,0.02454369260617026,4.71238898038469,3.141592653589793,0.0,0.0,4.71238898038469,0.0,1.5707963267948966,0.0,0.0,3.141592653589793
0.0,0.0,4.71238898038469,0.0,4.71238898038469,0.0,4.71238898038469,4.71238898038469,0.0,0.0,3.141592653589793,3.141592653589793,4.516039439535327,0.0,4.73693267299086,3.141592653589793,0.0,0.0,4.71238898038469,0.0,1.5707963267948966,0.0,0.0,3.141592653589793
0.0,0.0,4.71238898038469,0.0,4.71238898038469,0.0,4.71238898038469,4.71238898038469,0.0,0.0,3.141592653589793,3.141592653589793,4.516039439535327,0.0,4.71238898038469,3.1661363461959633,0.0,0.0,4.71238898038469,0.0,1.5707963267948966,0.0,0.0,3.141592653589793
0.0,0.0,4.71238898038469,0.0,4.71238898038469,0.0,4.71238898038469,4.71238898038469,0.0,0.0,3.141592653589793,3.141592653589793,4.516039439535327,0.0,4.71238898038469,3.141592653589793,0.02454369260617026,0.0,4.71238898038469,0.0,1.5707963267948966,0.0,0.0,3.141592653589793
0.0,0.0,4.71238898038469,0.0,4.71238898038469,0.0,4.71238898038469,4.71238898038469,0.0,0.0,3.141592653589793,3.141592653589793,4.516039439535327,0.0,4.71238898038469,3.141592653589793,0.0,0.02454369260617026,4.71238898038469,0.0,1.5707963267948966,0.0,0.0,3.141592653589793
0.0,0.0,4.71238898038469,0.0,4.71238898038469,0.0,4.71238898038469,4.71238898038469,0.0,0.0,3.141592653589793,3.141592653589793,4.516039439535327,0.0,4.71238898038469,3.141592653589793,0.0,0.0,4.73693267299086,0.0,1.5707963267948966,0.0,0.0,3.141592653589793
0.0,0.0,4.71238898038469,0.0,4.71238898038469,0.0,4.71238898038469,4.71238898038469,0.0,0.0,3.141592653589793,3.141592653589793,4.516039439535327,0.0,4.71238898038469,3.141592653589793,0.0,0.0,4.71238898038469,0.02454369260617026,1.5707963267948966,0.0,0.0,3.141592653589793
0.0,0.0,4.71238898038469,0.0,4.71238898038469,0.0,4.71238898038469,4.71238898038469,0.0,0.0,3.141592653589793,3.141592653589793,4.516039439535327,0.0,4.71238898038469,3.141592653589793,0.0,0.0,4.71238898038469,0.0,1.5953400194010667,0.0,0.0,3.141592653589793
0.0,0.0,4.71238898038469,0.0,4.71238898038469,0.0,4.71238898038469,4.71238898038469,0.0,0.0,3.141592653589793,3.141592653589793,4.516039439535327,0.0,4.71238898038469,3.141592653589793,0.0,0.0,4.71238898038469,0.0,1.5707963267948966,0.02454369260617026,0.0,3.141592653589793
0.0,0.0,4.71238898038469,0.0,4.71238898038469,0.0,4.71238898038469,4.71238898038469,0.0,0.0,3.141592653589793,3.141592653589793,4.516039439535327,0.0,4.71238898038469,3.141592653589793,0.0,0.0,4.71238898038469,0.0,1.5707963267948966,0.0,0.02454369260617026,3.141592653589793
0.0,0.0,4.71238898038469,0.0,4.71238898038469,0.0,4.71238898038469,4.71238898038469,0.0,0.0,3.141592653589793,3.141592653589793,4.516039439535327,0.0,4.71238898038469,3.141592653589793,0.0,0.0,4.71238898038469,0.0,1.5707963267948966,0.0,0.0,3.1661363461959633
0.0,0.0,4.6878452877785195,0.0,4.71238898038469,0.0,4.71238898038469,4.71238898038469,0.0,0.0,3.141592653589793,3.141592653589793,4.516039439535327,0.0,4.71238898038469,3.141592653589793,0.0,0.0,4.71238898038469,0.0,1.5707963267948966,0.0,0.0,3.141592653589793
0.0,0.0,4.71238898038469,0.0,4.6878452877785195,0.0,4.71238898038469,4.71238898038469,0.0,0.0,3.141592653589793,3.141592653589793,4.516039439535327,0.0,4.71238898038469,3.141592653589793,0.0,0.0,4.71238898038469,0.0,1.5707963267948966,0.0,0.0,3.141592653589793
0.0,0.0,4.71238898038469,0.0,4.71238898038469,0.0,4.6878452877785195,4.71238898038469,0.0,0.0,3.141592653589793,3.141592653589793,4.516039439535327,0.0,4.71238898038469,3.141592653589793,0.0,0.0,4.71238898038469,0.0,1.5707963267948966,0.0,0.0,3.141592653589793
0.0,0.0,4.71238898038469,0.0,4.71238898038469,0.0,4.71238898038469,4.6878452877785195,0.0,0.0,3.141592653589793,3.141592653589793,4.516039439535327,0.0,4.71238898038469,3.141592653589793,0.0,0.0,4.71238898038469,0.0,1.5707963267948966,0.0,0.0,3.141592653589793
0.0,0.0,4.71238898038469,0.0,4.71238898038469,0.0,4.71238898038469,4.71238898038469,0.0,0.0,3.117048960983623,3.141592653589793,4.516039439535327,0.0,4.71238898038469,3.141592653589793,0.0,0.0,4.71238898038469,0.0,1.5707963267948966,0.0,0.0,3.141592653589793
0.0,0.0,4.71238898038469,0.0,4.71238898038469,0.0,4.71238898038469,4.71238898038469,0.0,0.0,3.141592653589793,3.117048960983623,4.516039439535327,0.0,4.71238898038469,3.141592653589793,0.0,0.0,4.71238898038469,0.0,1.5707963267948966,0.0,0.0,3.141592653589793
0.0,0.0,4.71238898038469,0.0,4.71238898038469,0.0,4.71238898038469,4.71238898038469,0.0,0.0,3.141592653589793,3.141592653589793,4.491495746929157,0.0,4.71238898038469,3.141592653589793,0.0,0.0,4.71238898038469,0.0,1.5707963267948966,0.0,0.0,3.141592653589793
0.0,0.0,4.71238898038469,0.0,4.71238898038469,0.0,4.71238898038469,4.71238898038469,0.0,0.0,3.141592653589793,3.141592653589793,4.516039439535327,0.0,4.6878452877785195,3.141592653589793,0.0,0.0,4.71238898038469,0.0,1.5707963267948966,0.0,0.0,3.141592653589793
0.0,0.0,4.71238898038469,0.0,4.71238898038469,0.0,4.71238898038469,4.71238898038469,0.0,0.0,3.141592653589793,3.141592653589793,4.516039439535327,0.0,4.71238898038469,3.117048960983623,0.0,0.0,4.71238898038469,0.0,1.5707963267948966,0.0,0.0,3.141592653589793
0.0,0.0,4.71238898038469,0.0,4.71238898038469,0.0,4.71238898038469,4.71238898038469,0.0,0.0,3.141592653589793,3.141592653589793,4.516039439535327,0.0,4.71238898038469,3.141592653589793,0.0,0.0,4.6878452877785195,0.0,1.5707963267948966,0.0,0.0,3.141592653589793
0.0,0.0,4.71238898038469,0.0,4.71238898038469,0.0,4.71238898038469,4.71238898038469,0.0,0.0,3.141592653589793,3.141592653589793,4.516039439535327,0.0,4.71238898038469,3.141592653589793,0.0,0.0,4.71238898038469,0.0,1.5462526341887264,0.0,0.0,3.141592653589793
0.0,0.0,4.71238898038469,0.0,4.71238898038469,0.0,4.71238898038469,4.71238898038469,0.0,0.0,3.141592653589793,3.141592653589793,4.516039439535327,0.0,4.71238898038469,3.141592653589793,0.0,0.0,4.71238898038469,0.0,1.5707963267948966,0.0,0.0,3.117048960983623
